--
-- PostgreSQL database dump
--

\restrict plvy9jaoXYCdTmmIl6l6jImxfoHe6tKS9hZEdFG5ndPF9uYqLzwGiyhpUqqXELm

-- Dumped from database version 17.9 (Ubuntu 17.9-1.pgdg24.04+1)
-- Dumped by pg_dump version 18.3 (Ubuntu 18.3-1.pgdg24.04+1)

SET statement_timeout = 0;
SET lock_timeout = 0;
SET idle_in_transaction_session_timeout = 0;
SET transaction_timeout = 0;
SET client_encoding = 'UTF8';
SET standard_conforming_strings = on;
SELECT pg_catalog.set_config('search_path', '', false);
SET check_function_bodies = false;
SET xmloption = content;
SET client_min_messages = warning;
SET row_security = off;

--
-- Name: public; Type: SCHEMA; Schema: -; Owner: waterexpress_user
--

-- *not* creating schema, since initdb creates it


ALTER SCHEMA public OWNER TO waterexpress_user;

--
-- Name: SCHEMA public; Type: COMMENT; Schema: -; Owner: waterexpress_user
--

COMMENT ON SCHEMA public IS '';


--
-- Name: LmsCourseRevenueSource; Type: TYPE; Schema: public; Owner: waterexpress_user
--

CREATE TYPE public."LmsCourseRevenueSource" AS ENUM (
    'STOREFRONT_ORDER',
    'SUBSCRIPTION_ORDER',
    'MANUAL'
);


ALTER TYPE public."LmsCourseRevenueSource" OWNER TO waterexpress_user;

--
-- Name: LmsCourseReviewStatus; Type: TYPE; Schema: public; Owner: waterexpress_user
--

CREATE TYPE public."LmsCourseReviewStatus" AS ENUM (
    'PENDING',
    'APPROVED',
    'REJECTED'
);


ALTER TYPE public."LmsCourseReviewStatus" OWNER TO waterexpress_user;

--
-- Name: LmsCourseStatus; Type: TYPE; Schema: public; Owner: waterexpress_user
--

CREATE TYPE public."LmsCourseStatus" AS ENUM (
    'DRAFT',
    'PUBLISHED',
    'ARCHIVED',
    'SCHEDULED'
);


ALTER TYPE public."LmsCourseStatus" OWNER TO waterexpress_user;

--
-- Name: LmsDeliveryType; Type: TYPE; Schema: public; Owner: waterexpress_user
--

CREATE TYPE public."LmsDeliveryType" AS ENUM (
    'VIDEO',
    'TEXT',
    'LIVE_CLASS',
    'PDF'
);


ALTER TYPE public."LmsDeliveryType" OWNER TO waterexpress_user;

--
-- Name: LmsEnrollmentPurchaseKind; Type: TYPE; Schema: public; Owner: waterexpress_user
--

CREATE TYPE public."LmsEnrollmentPurchaseKind" AS ENUM (
    'FREE',
    'PAID_STOREFRONT',
    'MANUAL',
    'COMPED',
    'SUBSCRIPTION'
);


ALTER TYPE public."LmsEnrollmentPurchaseKind" OWNER TO waterexpress_user;

--
-- Name: LmsEnrollmentStatus; Type: TYPE; Schema: public; Owner: waterexpress_user
--

CREATE TYPE public."LmsEnrollmentStatus" AS ENUM (
    'ACTIVE',
    'COMPLETED',
    'CANCELLED',
    'SUSPENDED'
);


ALTER TYPE public."LmsEnrollmentStatus" OWNER TO waterexpress_user;

--
-- Name: LmsInstructorCommissionStatus; Type: TYPE; Schema: public; Owner: waterexpress_user
--

CREATE TYPE public."LmsInstructorCommissionStatus" AS ENUM (
    'ACCRUED',
    'PAYOUT_PENDING',
    'PAID'
);


ALTER TYPE public."LmsInstructorCommissionStatus" OWNER TO waterexpress_user;

--
-- Name: LmsInstructorPayoutStatus; Type: TYPE; Schema: public; Owner: waterexpress_user
--

CREATE TYPE public."LmsInstructorPayoutStatus" AS ENUM (
    'DRAFT',
    'SCHEDULED',
    'PAID',
    'CANCELLED'
);


ALTER TYPE public."LmsInstructorPayoutStatus" OWNER TO waterexpress_user;

--
-- Name: LmsLiveAttendanceStatus; Type: TYPE; Schema: public; Owner: waterexpress_user
--

CREATE TYPE public."LmsLiveAttendanceStatus" AS ENUM (
    'REGISTERED',
    'ATTENDED',
    'ABSENT'
);


ALTER TYPE public."LmsLiveAttendanceStatus" OWNER TO waterexpress_user;

--
-- Name: LmsLiveMeetingProvider; Type: TYPE; Schema: public; Owner: waterexpress_user
--

CREATE TYPE public."LmsLiveMeetingProvider" AS ENUM (
    'ZOOM',
    'GOOGLE_MEET',
    'MICROSOFT_TEAMS',
    'OTHER'
);


ALTER TYPE public."LmsLiveMeetingProvider" OWNER TO waterexpress_user;

--
-- Name: LmsLiveSessionStatus; Type: TYPE; Schema: public; Owner: waterexpress_user
--

CREATE TYPE public."LmsLiveSessionStatus" AS ENUM (
    'SCHEDULED',
    'COMPLETED',
    'CANCELLED'
);


ALTER TYPE public."LmsLiveSessionStatus" OWNER TO waterexpress_user;

--
-- Name: LmsStudentSubscriptionStatus; Type: TYPE; Schema: public; Owner: waterexpress_user
--

CREATE TYPE public."LmsStudentSubscriptionStatus" AS ENUM (
    'ACTIVE',
    'CANCELLED',
    'EXPIRED',
    'PAST_DUE'
);


ALTER TYPE public."LmsStudentSubscriptionStatus" OWNER TO waterexpress_user;

--
-- Name: LmsSubscriptionBillingPeriod; Type: TYPE; Schema: public; Owner: waterexpress_user
--

CREATE TYPE public."LmsSubscriptionBillingPeriod" AS ENUM (
    'MONTHLY',
    'YEARLY'
);


ALTER TYPE public."LmsSubscriptionBillingPeriod" OWNER TO waterexpress_user;

SET default_tablespace = '';

SET default_table_access_method = heap;

--
-- Name: _prisma_migrations; Type: TABLE; Schema: public; Owner: waterexpress_user
--

CREATE TABLE public._prisma_migrations (
    id character varying(36) NOT NULL,
    checksum character varying(64) NOT NULL,
    finished_at timestamp with time zone,
    migration_name character varying(255) NOT NULL,
    logs text,
    rolled_back_at timestamp with time zone,
    started_at timestamp with time zone DEFAULT now() NOT NULL,
    applied_steps_count integer DEFAULT 0 NOT NULL
);


ALTER TABLE public._prisma_migrations OWNER TO waterexpress_user;

--
-- Name: account_categories; Type: TABLE; Schema: public; Owner: waterexpress_user
--

CREATE TABLE public.account_categories (
    id bigint NOT NULL,
    name text NOT NULL,
    code text NOT NULL,
    type character varying(20) NOT NULL,
    description text,
    is_active boolean DEFAULT true NOT NULL,
    creator_id bigint,
    created_by bigint,
    created_at timestamp(3) without time zone DEFAULT CURRENT_TIMESTAMP NOT NULL,
    updated_at timestamp(3) without time zone
);


ALTER TABLE public.account_categories OWNER TO waterexpress_user;

--
-- Name: account_categories_id_seq; Type: SEQUENCE; Schema: public; Owner: waterexpress_user
--

CREATE SEQUENCE public.account_categories_id_seq
    START WITH 1
    INCREMENT BY 1
    NO MINVALUE
    NO MAXVALUE
    CACHE 1;


ALTER SEQUENCE public.account_categories_id_seq OWNER TO waterexpress_user;

--
-- Name: account_categories_id_seq; Type: SEQUENCE OWNED BY; Schema: public; Owner: waterexpress_user
--

ALTER SEQUENCE public.account_categories_id_seq OWNED BY public.account_categories.id;


--
-- Name: account_types; Type: TABLE; Schema: public; Owner: waterexpress_user
--

CREATE TABLE public.account_types (
    id bigint NOT NULL,
    category_id bigint NOT NULL,
    name text NOT NULL,
    code text NOT NULL,
    normal_balance character varying(10) NOT NULL,
    description text,
    is_active boolean DEFAULT true NOT NULL,
    is_system_type boolean DEFAULT false NOT NULL,
    creator_id bigint,
    created_by bigint,
    created_at timestamp(3) without time zone DEFAULT CURRENT_TIMESTAMP NOT NULL,
    updated_at timestamp(3) without time zone
);


ALTER TABLE public.account_types OWNER TO waterexpress_user;

--
-- Name: account_types_id_seq; Type: SEQUENCE; Schema: public; Owner: waterexpress_user
--

CREATE SEQUENCE public.account_types_id_seq
    START WITH 1
    INCREMENT BY 1
    NO MINVALUE
    NO MAXVALUE
    CACHE 1;


ALTER SEQUENCE public.account_types_id_seq OWNER TO waterexpress_user;

--
-- Name: account_types_id_seq; Type: SEQUENCE OWNED BY; Schema: public; Owner: waterexpress_user
--

ALTER SEQUENCE public.account_types_id_seq OWNED BY public.account_types.id;


--
-- Name: add_ons; Type: TABLE; Schema: public; Owner: waterexpress_user
--

CREATE TABLE public.add_ons (
    id bigint NOT NULL,
    module text NOT NULL,
    name text NOT NULL,
    monthly_price numeric(8,2) NOT NULL,
    yearly_price numeric(8,2) NOT NULL,
    image text,
    is_enable boolean DEFAULT false NOT NULL,
    for_admin boolean DEFAULT false NOT NULL,
    package_name text NOT NULL,
    priority integer DEFAULT 0 NOT NULL,
    created_at timestamp(3) without time zone DEFAULT CURRENT_TIMESTAMP NOT NULL,
    updated_at timestamp(3) without time zone,
    version text DEFAULT '1.0.0'::text NOT NULL
);


ALTER TABLE public.add_ons OWNER TO waterexpress_user;

--
-- Name: add_ons_id_seq; Type: SEQUENCE; Schema: public; Owner: waterexpress_user
--

CREATE SEQUENCE public.add_ons_id_seq
    START WITH 1
    INCREMENT BY 1
    NO MINVALUE
    NO MAXVALUE
    CACHE 1;


ALTER SEQUENCE public.add_ons_id_seq OWNER TO waterexpress_user;

--
-- Name: add_ons_id_seq; Type: SEQUENCE OWNED BY; Schema: public; Owner: waterexpress_user
--

ALTER SEQUENCE public.add_ons_id_seq OWNED BY public.add_ons.id;


--
-- Name: affiliate_commissions; Type: TABLE; Schema: public; Owner: waterexpress_user
--

CREATE TABLE public.affiliate_commissions (
    id bigint NOT NULL,
    organization_id bigint NOT NULL,
    partner_id bigint NOT NULL,
    program_id bigint NOT NULL,
    order_ref character varying(128) NOT NULL,
    customer_email character varying(255),
    amount numeric(14,2) NOT NULL,
    currency character varying(8) DEFAULT 'USD'::character varying NOT NULL,
    status character varying(32) DEFAULT 'pending'::character varying NOT NULL,
    earned_at timestamp(3) without time zone DEFAULT CURRENT_TIMESTAMP NOT NULL,
    created_at timestamp(3) without time zone DEFAULT CURRENT_TIMESTAMP NOT NULL,
    updated_at timestamp(3) without time zone
);


ALTER TABLE public.affiliate_commissions OWNER TO waterexpress_user;

--
-- Name: affiliate_commissions_id_seq; Type: SEQUENCE; Schema: public; Owner: waterexpress_user
--

CREATE SEQUENCE public.affiliate_commissions_id_seq
    START WITH 1
    INCREMENT BY 1
    NO MINVALUE
    NO MAXVALUE
    CACHE 1;


ALTER SEQUENCE public.affiliate_commissions_id_seq OWNER TO waterexpress_user;

--
-- Name: affiliate_commissions_id_seq; Type: SEQUENCE OWNED BY; Schema: public; Owner: waterexpress_user
--

ALTER SEQUENCE public.affiliate_commissions_id_seq OWNED BY public.affiliate_commissions.id;


--
-- Name: affiliate_links; Type: TABLE; Schema: public; Owner: waterexpress_user
--

CREATE TABLE public.affiliate_links (
    id bigint NOT NULL,
    organization_id bigint NOT NULL,
    partner_id bigint NOT NULL,
    program_id bigint NOT NULL,
    label character varying(255),
    destination_url character varying(2048),
    slug character varying(64) NOT NULL,
    tracking_url character varying(2048) NOT NULL,
    status character varying(32) DEFAULT 'active'::character varying NOT NULL,
    click_count integer DEFAULT 0 NOT NULL,
    created_at timestamp(3) without time zone DEFAULT CURRENT_TIMESTAMP NOT NULL,
    updated_at timestamp(3) without time zone
);


ALTER TABLE public.affiliate_links OWNER TO waterexpress_user;

--
-- Name: affiliate_links_id_seq; Type: SEQUENCE; Schema: public; Owner: waterexpress_user
--

CREATE SEQUENCE public.affiliate_links_id_seq
    START WITH 1
    INCREMENT BY 1
    NO MINVALUE
    NO MAXVALUE
    CACHE 1;


ALTER SEQUENCE public.affiliate_links_id_seq OWNER TO waterexpress_user;

--
-- Name: affiliate_links_id_seq; Type: SEQUENCE OWNED BY; Schema: public; Owner: waterexpress_user
--

ALTER SEQUENCE public.affiliate_links_id_seq OWNED BY public.affiliate_links.id;


--
-- Name: affiliate_partners; Type: TABLE; Schema: public; Owner: waterexpress_user
--

CREATE TABLE public.affiliate_partners (
    id bigint NOT NULL,
    organization_id bigint NOT NULL,
    name character varying(255) NOT NULL,
    email character varying(255),
    referral_code character varying(64) NOT NULL,
    tier character varying(32) DEFAULT 'standard'::character varying NOT NULL,
    status character varying(32) DEFAULT 'active'::character varying NOT NULL,
    commission_rate numeric(5,2) DEFAULT 10 NOT NULL,
    total_clicks integer DEFAULT 0 NOT NULL,
    total_conversions integer DEFAULT 0 NOT NULL,
    lifetime_earnings numeric(14,2) DEFAULT 0 NOT NULL,
    joined_at timestamp(3) without time zone DEFAULT CURRENT_TIMESTAMP NOT NULL,
    created_at timestamp(3) without time zone DEFAULT CURRENT_TIMESTAMP NOT NULL,
    updated_at timestamp(3) without time zone
);


ALTER TABLE public.affiliate_partners OWNER TO waterexpress_user;

--
-- Name: affiliate_partners_id_seq; Type: SEQUENCE; Schema: public; Owner: waterexpress_user
--

CREATE SEQUENCE public.affiliate_partners_id_seq
    START WITH 1
    INCREMENT BY 1
    NO MINVALUE
    NO MAXVALUE
    CACHE 1;


ALTER SEQUENCE public.affiliate_partners_id_seq OWNER TO waterexpress_user;

--
-- Name: affiliate_partners_id_seq; Type: SEQUENCE OWNED BY; Schema: public; Owner: waterexpress_user
--

ALTER SEQUENCE public.affiliate_partners_id_seq OWNED BY public.affiliate_partners.id;


--
-- Name: affiliate_payouts; Type: TABLE; Schema: public; Owner: waterexpress_user
--

CREATE TABLE public.affiliate_payouts (
    id bigint NOT NULL,
    organization_id bigint NOT NULL,
    partner_id bigint NOT NULL,
    amount numeric(14,2) NOT NULL,
    currency character varying(8) DEFAULT 'USD'::character varying NOT NULL,
    status character varying(32) DEFAULT 'scheduled'::character varying NOT NULL,
    method character varying(64) DEFAULT 'bank_transfer'::character varying NOT NULL,
    scheduled_at timestamp(3) without time zone NOT NULL,
    paid_at timestamp(3) without time zone,
    reference character varying(128),
    created_at timestamp(3) without time zone DEFAULT CURRENT_TIMESTAMP NOT NULL,
    updated_at timestamp(3) without time zone
);


ALTER TABLE public.affiliate_payouts OWNER TO waterexpress_user;

--
-- Name: affiliate_payouts_id_seq; Type: SEQUENCE; Schema: public; Owner: waterexpress_user
--

CREATE SEQUENCE public.affiliate_payouts_id_seq
    START WITH 1
    INCREMENT BY 1
    NO MINVALUE
    NO MAXVALUE
    CACHE 1;


ALTER SEQUENCE public.affiliate_payouts_id_seq OWNER TO waterexpress_user;

--
-- Name: affiliate_payouts_id_seq; Type: SEQUENCE OWNED BY; Schema: public; Owner: waterexpress_user
--

ALTER SEQUENCE public.affiliate_payouts_id_seq OWNED BY public.affiliate_payouts.id;


--
-- Name: affiliate_programs; Type: TABLE; Schema: public; Owner: waterexpress_user
--

CREATE TABLE public.affiliate_programs (
    id bigint NOT NULL,
    organization_id bigint NOT NULL,
    name character varying(255) NOT NULL,
    description text,
    commission_type character varying(32) DEFAULT 'percentage'::character varying NOT NULL,
    commission_value numeric(10,2) NOT NULL,
    cookie_days integer DEFAULT 30 NOT NULL,
    status character varying(32) DEFAULT 'active'::character varying NOT NULL,
    created_at timestamp(3) without time zone DEFAULT CURRENT_TIMESTAMP NOT NULL,
    updated_at timestamp(3) without time zone
);


ALTER TABLE public.affiliate_programs OWNER TO waterexpress_user;

--
-- Name: affiliate_programs_id_seq; Type: SEQUENCE; Schema: public; Owner: waterexpress_user
--

CREATE SEQUENCE public.affiliate_programs_id_seq
    START WITH 1
    INCREMENT BY 1
    NO MINVALUE
    NO MAXVALUE
    CACHE 1;


ALTER SEQUENCE public.affiliate_programs_id_seq OWNER TO waterexpress_user;

--
-- Name: affiliate_programs_id_seq; Type: SEQUENCE OWNED BY; Schema: public; Owner: waterexpress_user
--

ALTER SEQUENCE public.affiliate_programs_id_seq OWNED BY public.affiliate_programs.id;


--
-- Name: affiliate_settings; Type: TABLE; Schema: public; Owner: waterexpress_user
--

CREATE TABLE public.affiliate_settings (
    id bigint NOT NULL,
    organization_id bigint NOT NULL,
    default_commission_rate numeric(5,2) DEFAULT 10 NOT NULL,
    cookie_window_days integer DEFAULT 30 NOT NULL,
    minimum_payout numeric(14,2) DEFAULT 50 NOT NULL,
    auto_approve_commissions boolean DEFAULT false NOT NULL,
    notification_email character varying(255),
    currency character varying(8) DEFAULT 'USD'::character varying NOT NULL,
    created_at timestamp(3) without time zone DEFAULT CURRENT_TIMESTAMP NOT NULL,
    updated_at timestamp(3) without time zone,
    default_landing_url character varying(2048)
);


ALTER TABLE public.affiliate_settings OWNER TO waterexpress_user;

--
-- Name: affiliate_settings_id_seq; Type: SEQUENCE; Schema: public; Owner: waterexpress_user
--

CREATE SEQUENCE public.affiliate_settings_id_seq
    START WITH 1
    INCREMENT BY 1
    NO MINVALUE
    NO MAXVALUE
    CACHE 1;


ALTER SEQUENCE public.affiliate_settings_id_seq OWNER TO waterexpress_user;

--
-- Name: affiliate_settings_id_seq; Type: SEQUENCE OWNED BY; Schema: public; Owner: waterexpress_user
--

ALTER SEQUENCE public.affiliate_settings_id_seq OWNED BY public.affiliate_settings.id;


--
-- Name: app_notifications; Type: TABLE; Schema: public; Owner: waterexpress_user
--

CREATE TABLE public.app_notifications (
    id bigint NOT NULL,
    user_id bigint NOT NULL,
    organization_id bigint,
    module character varying(64),
    type character varying(64),
    title character varying(255) NOT NULL,
    body text,
    link character varying(512),
    read_at timestamp(3) without time zone,
    created_at timestamp(3) without time zone DEFAULT CURRENT_TIMESTAMP NOT NULL
);


ALTER TABLE public.app_notifications OWNER TO waterexpress_user;

--
-- Name: app_notifications_id_seq; Type: SEQUENCE; Schema: public; Owner: waterexpress_user
--

CREATE SEQUENCE public.app_notifications_id_seq
    START WITH 1
    INCREMENT BY 1
    NO MINVALUE
    NO MAXVALUE
    CACHE 1;


ALTER SEQUENCE public.app_notifications_id_seq OWNER TO waterexpress_user;

--
-- Name: app_notifications_id_seq; Type: SEQUENCE OWNED BY; Schema: public; Owner: waterexpress_user
--

ALTER SEQUENCE public.app_notifications_id_seq OWNED BY public.app_notifications.id;


--
-- Name: appointment_callbacks; Type: TABLE; Schema: public; Owner: waterexpress_user
--

CREATE TABLE public.appointment_callbacks (
    id bigint NOT NULL,
    schedule_id bigint,
    unique_code character varying(100) NOT NULL,
    user_id bigint,
    appointment_id bigint,
    reason text,
    date date,
    start_time text,
    end_time text,
    status text DEFAULT 'pending'::text NOT NULL,
    creator_id bigint,
    created_by bigint,
    created_at timestamp(3) without time zone DEFAULT CURRENT_TIMESTAMP NOT NULL,
    updated_at timestamp(3) without time zone
);


ALTER TABLE public.appointment_callbacks OWNER TO waterexpress_user;

--
-- Name: appointment_callbacks_id_seq; Type: SEQUENCE; Schema: public; Owner: waterexpress_user
--

CREATE SEQUENCE public.appointment_callbacks_id_seq
    START WITH 1
    INCREMENT BY 1
    NO MINVALUE
    NO MAXVALUE
    CACHE 1;


ALTER SEQUENCE public.appointment_callbacks_id_seq OWNER TO waterexpress_user;

--
-- Name: appointment_callbacks_id_seq; Type: SEQUENCE OWNED BY; Schema: public; Owner: waterexpress_user
--

ALTER SEQUENCE public.appointment_callbacks_id_seq OWNED BY public.appointment_callbacks.id;


--
-- Name: appointment_hours; Type: TABLE; Schema: public; Owner: waterexpress_user
--

CREATE TABLE public.appointment_hours (
    id bigint NOT NULL,
    day_name text NOT NULL,
    start_time text,
    end_time text,
    day_off boolean DEFAULT false NOT NULL,
    creator_id bigint,
    created_by bigint,
    created_at timestamp(3) without time zone DEFAULT CURRENT_TIMESTAMP NOT NULL,
    updated_at timestamp(3) without time zone
);


ALTER TABLE public.appointment_hours OWNER TO waterexpress_user;

--
-- Name: appointment_hours_id_seq; Type: SEQUENCE; Schema: public; Owner: waterexpress_user
--

CREATE SEQUENCE public.appointment_hours_id_seq
    START WITH 1
    INCREMENT BY 1
    NO MINVALUE
    NO MAXVALUE
    CACHE 1;


ALTER SEQUENCE public.appointment_hours_id_seq OWNER TO waterexpress_user;

--
-- Name: appointment_hours_id_seq; Type: SEQUENCE OWNED BY; Schema: public; Owner: waterexpress_user
--

ALTER SEQUENCE public.appointment_hours_id_seq OWNED BY public.appointment_hours.id;


--
-- Name: appointment_settings; Type: TABLE; Schema: public; Owner: waterexpress_user
--

CREATE TABLE public.appointment_settings (
    id bigint NOT NULL,
    key text NOT NULL,
    value text,
    created_by bigint,
    created_at timestamp(3) without time zone DEFAULT CURRENT_TIMESTAMP NOT NULL,
    updated_at timestamp(3) without time zone
);


ALTER TABLE public.appointment_settings OWNER TO waterexpress_user;

--
-- Name: appointment_settings_id_seq; Type: SEQUENCE; Schema: public; Owner: waterexpress_user
--

CREATE SEQUENCE public.appointment_settings_id_seq
    START WITH 1
    INCREMENT BY 1
    NO MINVALUE
    NO MAXVALUE
    CACHE 1;


ALTER SEQUENCE public.appointment_settings_id_seq OWNER TO waterexpress_user;

--
-- Name: appointment_settings_id_seq; Type: SEQUENCE OWNED BY; Schema: public; Owner: waterexpress_user
--

ALTER SEQUENCE public.appointment_settings_id_seq OWNED BY public.appointment_settings.id;


--
-- Name: appointments; Type: TABLE; Schema: public; Owner: waterexpress_user
--

CREATE TABLE public.appointments (
    id bigint NOT NULL,
    appointment_name text NOT NULL,
    appointment_type text DEFAULT '0'::text NOT NULL,
    week_day jsonb,
    duration integer,
    phone_enabled boolean DEFAULT false NOT NULL,
    question_ids jsonb,
    enabled boolean DEFAULT false NOT NULL,
    creator_id bigint,
    created_by bigint,
    created_at timestamp(3) without time zone DEFAULT CURRENT_TIMESTAMP NOT NULL,
    updated_at timestamp(3) without time zone
);


ALTER TABLE public.appointments OWNER TO waterexpress_user;

--
-- Name: appointments_id_seq; Type: SEQUENCE; Schema: public; Owner: waterexpress_user
--

CREATE SEQUENCE public.appointments_id_seq
    START WITH 1
    INCREMENT BY 1
    NO MINVALUE
    NO MAXVALUE
    CACHE 1;


ALTER SEQUENCE public.appointments_id_seq OWNER TO waterexpress_user;

--
-- Name: appointments_id_seq; Type: SEQUENCE OWNED BY; Schema: public; Owner: waterexpress_user
--

ALTER SEQUENCE public.appointments_id_seq OWNED BY public.appointments.id;


--
-- Name: asset_assignments; Type: TABLE; Schema: public; Owner: waterexpress_user
--

CREATE TABLE public.asset_assignments (
    id bigint NOT NULL,
    asset_id bigint NOT NULL,
    assigned_to text NOT NULL,
    assigned_date timestamp(3) without time zone NOT NULL,
    expected_return timestamp(3) without time zone,
    status text DEFAULT 'active'::text NOT NULL,
    condition text DEFAULT 'excellent'::text NOT NULL,
    notes text,
    created_at timestamp(3) without time zone DEFAULT CURRENT_TIMESTAMP NOT NULL,
    updated_at timestamp(3) without time zone
);


ALTER TABLE public.asset_assignments OWNER TO waterexpress_user;

--
-- Name: asset_assignments_id_seq; Type: SEQUENCE; Schema: public; Owner: waterexpress_user
--

CREATE SEQUENCE public.asset_assignments_id_seq
    START WITH 1
    INCREMENT BY 1
    NO MINVALUE
    NO MAXVALUE
    CACHE 1;


ALTER SEQUENCE public.asset_assignments_id_seq OWNER TO waterexpress_user;

--
-- Name: asset_assignments_id_seq; Type: SEQUENCE OWNED BY; Schema: public; Owner: waterexpress_user
--

ALTER SEQUENCE public.asset_assignments_id_seq OWNED BY public.asset_assignments.id;


--
-- Name: asset_borrow_payments; Type: TABLE; Schema: public; Owner: waterexpress_user
--

CREATE TABLE public.asset_borrow_payments (
    id bigint NOT NULL,
    borrow_rent_id bigint NOT NULL,
    asset_id bigint NOT NULL,
    customer_name text NOT NULL,
    payment_amount numeric(15,2) NOT NULL,
    payment_date timestamp(3) without time zone NOT NULL,
    reference_number text,
    status text DEFAULT 'draft'::text NOT NULL,
    notes text,
    created_at timestamp(3) without time zone DEFAULT CURRENT_TIMESTAMP NOT NULL,
    updated_at timestamp(3) without time zone
);


ALTER TABLE public.asset_borrow_payments OWNER TO waterexpress_user;

--
-- Name: asset_borrow_payments_id_seq; Type: SEQUENCE; Schema: public; Owner: waterexpress_user
--

CREATE SEQUENCE public.asset_borrow_payments_id_seq
    START WITH 1
    INCREMENT BY 1
    NO MINVALUE
    NO MAXVALUE
    CACHE 1;


ALTER SEQUENCE public.asset_borrow_payments_id_seq OWNER TO waterexpress_user;

--
-- Name: asset_borrow_payments_id_seq; Type: SEQUENCE OWNED BY; Schema: public; Owner: waterexpress_user
--

ALTER SEQUENCE public.asset_borrow_payments_id_seq OWNED BY public.asset_borrow_payments.id;


--
-- Name: asset_borrow_rents; Type: TABLE; Schema: public; Owner: waterexpress_user
--

CREATE TABLE public.asset_borrow_rents (
    id bigint NOT NULL,
    asset_id bigint NOT NULL,
    user_id text NOT NULL,
    start_date timestamp(3) without time zone NOT NULL,
    end_date timestamp(3) without time zone NOT NULL,
    actual_return_date timestamp(3) without time zone,
    rent_quantity integer DEFAULT 1 NOT NULL,
    purpose text,
    status text DEFAULT 'draft'::text NOT NULL,
    created_at timestamp(3) without time zone DEFAULT CURRENT_TIMESTAMP NOT NULL,
    updated_at timestamp(3) without time zone
);


ALTER TABLE public.asset_borrow_rents OWNER TO waterexpress_user;

--
-- Name: asset_borrow_rents_id_seq; Type: SEQUENCE; Schema: public; Owner: waterexpress_user
--

CREATE SEQUENCE public.asset_borrow_rents_id_seq
    START WITH 1
    INCREMENT BY 1
    NO MINVALUE
    NO MAXVALUE
    CACHE 1;


ALTER SEQUENCE public.asset_borrow_rents_id_seq OWNER TO waterexpress_user;

--
-- Name: asset_borrow_rents_id_seq; Type: SEQUENCE OWNED BY; Schema: public; Owner: waterexpress_user
--

ALTER SEQUENCE public.asset_borrow_rents_id_seq OWNED BY public.asset_borrow_rents.id;


--
-- Name: asset_categories; Type: TABLE; Schema: public; Owner: waterexpress_user
--

CREATE TABLE public.asset_categories (
    id bigint NOT NULL,
    name text NOT NULL,
    created_at timestamp(3) without time zone DEFAULT CURRENT_TIMESTAMP NOT NULL,
    updated_at timestamp(3) without time zone
);


ALTER TABLE public.asset_categories OWNER TO waterexpress_user;

--
-- Name: asset_categories_id_seq; Type: SEQUENCE; Schema: public; Owner: waterexpress_user
--

CREATE SEQUENCE public.asset_categories_id_seq
    START WITH 1
    INCREMENT BY 1
    NO MINVALUE
    NO MAXVALUE
    CACHE 1;


ALTER SEQUENCE public.asset_categories_id_seq OWNER TO waterexpress_user;

--
-- Name: asset_categories_id_seq; Type: SEQUENCE OWNED BY; Schema: public; Owner: waterexpress_user
--

ALTER SEQUENCE public.asset_categories_id_seq OWNED BY public.asset_categories.id;


--
-- Name: asset_depreciations; Type: TABLE; Schema: public; Owner: waterexpress_user
--

CREATE TABLE public.asset_depreciations (
    id bigint NOT NULL,
    asset_id bigint NOT NULL,
    method text DEFAULT 'Straight Line'::text NOT NULL,
    useful_life integer DEFAULT 5 NOT NULL,
    salvage_value numeric(15,2) DEFAULT 0 NOT NULL,
    start_date timestamp(3) without time zone NOT NULL,
    notes text,
    status text DEFAULT 'active'::text NOT NULL,
    created_at timestamp(3) without time zone DEFAULT CURRENT_TIMESTAMP NOT NULL,
    updated_at timestamp(3) without time zone
);


ALTER TABLE public.asset_depreciations OWNER TO waterexpress_user;

--
-- Name: asset_depreciations_id_seq; Type: SEQUENCE; Schema: public; Owner: waterexpress_user
--

CREATE SEQUENCE public.asset_depreciations_id_seq
    START WITH 1
    INCREMENT BY 1
    NO MINVALUE
    NO MAXVALUE
    CACHE 1;


ALTER SEQUENCE public.asset_depreciations_id_seq OWNER TO waterexpress_user;

--
-- Name: asset_depreciations_id_seq; Type: SEQUENCE OWNED BY; Schema: public; Owner: waterexpress_user
--

ALTER SEQUENCE public.asset_depreciations_id_seq OWNED BY public.asset_depreciations.id;


--
-- Name: asset_locations; Type: TABLE; Schema: public; Owner: waterexpress_user
--

CREATE TABLE public.asset_locations (
    id bigint NOT NULL,
    name text NOT NULL,
    code text NOT NULL,
    type text DEFAULT 'Building'::text NOT NULL,
    parent_id bigint,
    address text,
    city text,
    state text,
    country text,
    postal_code text,
    contact_person text,
    contact_phone text,
    contact_email text,
    description text,
    status text DEFAULT 'active'::text NOT NULL,
    created_at timestamp(3) without time zone DEFAULT CURRENT_TIMESTAMP NOT NULL,
    updated_at timestamp(3) without time zone
);


ALTER TABLE public.asset_locations OWNER TO waterexpress_user;

--
-- Name: asset_locations_id_seq; Type: SEQUENCE; Schema: public; Owner: waterexpress_user
--

CREATE SEQUENCE public.asset_locations_id_seq
    START WITH 1
    INCREMENT BY 1
    NO MINVALUE
    NO MAXVALUE
    CACHE 1;


ALTER SEQUENCE public.asset_locations_id_seq OWNER TO waterexpress_user;

--
-- Name: asset_locations_id_seq; Type: SEQUENCE OWNED BY; Schema: public; Owner: waterexpress_user
--

ALTER SEQUENCE public.asset_locations_id_seq OWNED BY public.asset_locations.id;


--
-- Name: asset_maintenances; Type: TABLE; Schema: public; Owner: waterexpress_user
--

CREATE TABLE public.asset_maintenances (
    id bigint NOT NULL,
    asset_id bigint NOT NULL,
    type text DEFAULT 'Preventive'::text NOT NULL,
    title text NOT NULL,
    description text,
    scheduled_date timestamp(3) without time zone,
    completed_date timestamp(3) without time zone,
    cost numeric(15,2),
    technician_name text,
    status text DEFAULT 'Scheduled'::text NOT NULL,
    priority text DEFAULT 'Medium'::text NOT NULL,
    next_maintenance_date timestamp(3) without time zone,
    notes text,
    created_at timestamp(3) without time zone DEFAULT CURRENT_TIMESTAMP NOT NULL,
    updated_at timestamp(3) without time zone
);


ALTER TABLE public.asset_maintenances OWNER TO waterexpress_user;

--
-- Name: asset_maintenances_id_seq; Type: SEQUENCE; Schema: public; Owner: waterexpress_user
--

CREATE SEQUENCE public.asset_maintenances_id_seq
    START WITH 1
    INCREMENT BY 1
    NO MINVALUE
    NO MAXVALUE
    CACHE 1;


ALTER SEQUENCE public.asset_maintenances_id_seq OWNER TO waterexpress_user;

--
-- Name: asset_maintenances_id_seq; Type: SEQUENCE OWNED BY; Schema: public; Owner: waterexpress_user
--

ALTER SEQUENCE public.asset_maintenances_id_seq OWNED BY public.asset_maintenances.id;


--
-- Name: assets; Type: TABLE; Schema: public; Owner: waterexpress_user
--

CREATE TABLE public.assets (
    id bigint NOT NULL,
    name text NOT NULL,
    category_id bigint,
    purchase_date timestamp(3) without time zone,
    supported_date timestamp(3) without time zone,
    serial_code text,
    quantity integer DEFAULT 1 NOT NULL,
    unit_price numeric(15,2),
    purchase_cost numeric(15,2),
    warranty_period text,
    location_id bigint,
    description text,
    image text,
    created_at timestamp(3) without time zone DEFAULT CURRENT_TIMESTAMP NOT NULL,
    updated_at timestamp(3) without time zone
);


ALTER TABLE public.assets OWNER TO waterexpress_user;

--
-- Name: assets_id_seq; Type: SEQUENCE; Schema: public; Owner: waterexpress_user
--

CREATE SEQUENCE public.assets_id_seq
    START WITH 1
    INCREMENT BY 1
    NO MINVALUE
    NO MAXVALUE
    CACHE 1;


ALTER SEQUENCE public.assets_id_seq OWNER TO waterexpress_user;

--
-- Name: assets_id_seq; Type: SEQUENCE OWNED BY; Schema: public; Owner: waterexpress_user
--

ALTER SEQUENCE public.assets_id_seq OWNED BY public.assets.id;


--
-- Name: bank_accounts; Type: TABLE; Schema: public; Owner: waterexpress_user
--

CREATE TABLE public.bank_accounts (
    id bigint NOT NULL,
    account_number text NOT NULL,
    account_name text NOT NULL,
    bank_name text NOT NULL,
    branch_name text,
    account_type text DEFAULT '0'::text NOT NULL,
    payment_gateway text,
    opening_balance numeric(10,2),
    current_balance numeric(10,2),
    iban text,
    swift_code text,
    routing_number text,
    is_active boolean DEFAULT false NOT NULL,
    gl_account_id bigint,
    creator_id bigint,
    created_by bigint,
    created_at timestamp(3) without time zone DEFAULT CURRENT_TIMESTAMP NOT NULL,
    updated_at timestamp(3) without time zone
);


ALTER TABLE public.bank_accounts OWNER TO waterexpress_user;

--
-- Name: bank_accounts_id_seq; Type: SEQUENCE; Schema: public; Owner: waterexpress_user
--

CREATE SEQUENCE public.bank_accounts_id_seq
    START WITH 1
    INCREMENT BY 1
    NO MINVALUE
    NO MAXVALUE
    CACHE 1;


ALTER SEQUENCE public.bank_accounts_id_seq OWNER TO waterexpress_user;

--
-- Name: bank_accounts_id_seq; Type: SEQUENCE OWNED BY; Schema: public; Owner: waterexpress_user
--

ALTER SEQUENCE public.bank_accounts_id_seq OWNED BY public.bank_accounts.id;


--
-- Name: bank_transactions; Type: TABLE; Schema: public; Owner: waterexpress_user
--

CREATE TABLE public.bank_transactions (
    id bigint NOT NULL,
    bank_account_id bigint NOT NULL,
    transaction_date date NOT NULL,
    reference_number text,
    description text,
    type character varying(10) NOT NULL,
    amount numeric(15,2) NOT NULL,
    balance_after numeric(15,2),
    category text,
    notes text,
    creator_id bigint,
    created_by bigint,
    created_at timestamp(3) without time zone DEFAULT CURRENT_TIMESTAMP NOT NULL,
    updated_at timestamp(3) without time zone
);


ALTER TABLE public.bank_transactions OWNER TO waterexpress_user;

--
-- Name: bank_transactions_id_seq; Type: SEQUENCE; Schema: public; Owner: waterexpress_user
--

CREATE SEQUENCE public.bank_transactions_id_seq
    START WITH 1
    INCREMENT BY 1
    NO MINVALUE
    NO MAXVALUE
    CACHE 1;


ALTER SEQUENCE public.bank_transactions_id_seq OWNER TO waterexpress_user;

--
-- Name: bank_transactions_id_seq; Type: SEQUENCE OWNED BY; Schema: public; Owner: waterexpress_user
--

ALTER SEQUENCE public.bank_transactions_id_seq OWNED BY public.bank_transactions.id;


--
-- Name: bank_transfer_payments; Type: TABLE; Schema: public; Owner: waterexpress_user
--

CREATE TABLE public.bank_transfer_payments (
    id bigint NOT NULL,
    user_id bigint NOT NULL,
    price numeric(10,2),
    order_id text NOT NULL,
    status text DEFAULT 'pending'::text NOT NULL,
    price_currency character varying(3) DEFAULT 'USD'::character varying NOT NULL,
    attachment text,
    request text,
    type text,
    created_by bigint,
    created_at timestamp(3) without time zone DEFAULT CURRENT_TIMESTAMP NOT NULL,
    updated_at timestamp(3) without time zone
);


ALTER TABLE public.bank_transfer_payments OWNER TO waterexpress_user;

--
-- Name: bank_transfer_payments_id_seq; Type: SEQUENCE; Schema: public; Owner: waterexpress_user
--

CREATE SEQUENCE public.bank_transfer_payments_id_seq
    START WITH 1
    INCREMENT BY 1
    NO MINVALUE
    NO MAXVALUE
    CACHE 1;


ALTER SEQUENCE public.bank_transfer_payments_id_seq OWNER TO waterexpress_user;

--
-- Name: bank_transfer_payments_id_seq; Type: SEQUENCE OWNED BY; Schema: public; Owner: waterexpress_user
--

ALTER SEQUENCE public.bank_transfer_payments_id_seq OWNED BY public.bank_transfer_payments.id;


--
-- Name: bank_transfers; Type: TABLE; Schema: public; Owner: waterexpress_user
--

CREATE TABLE public.bank_transfers (
    id bigint NOT NULL,
    from_account_id bigint NOT NULL,
    to_account_id bigint NOT NULL,
    transfer_date date NOT NULL,
    amount numeric(15,2) NOT NULL,
    reference_number text,
    description text,
    fees numeric(15,2) DEFAULT 0 NOT NULL,
    creator_id bigint,
    created_by bigint,
    created_at timestamp(3) without time zone DEFAULT CURRENT_TIMESTAMP NOT NULL,
    updated_at timestamp(3) without time zone
);


ALTER TABLE public.bank_transfers OWNER TO waterexpress_user;

--
-- Name: bank_transfers_id_seq; Type: SEQUENCE; Schema: public; Owner: waterexpress_user
--

CREATE SEQUENCE public.bank_transfers_id_seq
    START WITH 1
    INCREMENT BY 1
    NO MINVALUE
    NO MAXVALUE
    CACHE 1;


ALTER SEQUENCE public.bank_transfers_id_seq OWNER TO waterexpress_user;

--
-- Name: bank_transfers_id_seq; Type: SEQUENCE OWNED BY; Schema: public; Owner: waterexpress_user
--

ALTER SEQUENCE public.bank_transfers_id_seq OWNED BY public.bank_transfers.id;


--
-- Name: bug_comments; Type: TABLE; Schema: public; Owner: waterexpress_user
--

CREATE TABLE public.bug_comments (
    id bigint NOT NULL,
    bug_id bigint NOT NULL,
    user_id bigint NOT NULL,
    comment text NOT NULL,
    created_at timestamp(3) without time zone DEFAULT CURRENT_TIMESTAMP NOT NULL,
    updated_at timestamp(3) without time zone
);


ALTER TABLE public.bug_comments OWNER TO waterexpress_user;

--
-- Name: bug_comments_id_seq; Type: SEQUENCE; Schema: public; Owner: waterexpress_user
--

CREATE SEQUENCE public.bug_comments_id_seq
    START WITH 1
    INCREMENT BY 1
    NO MINVALUE
    NO MAXVALUE
    CACHE 1;


ALTER SEQUENCE public.bug_comments_id_seq OWNER TO waterexpress_user;

--
-- Name: bug_comments_id_seq; Type: SEQUENCE OWNED BY; Schema: public; Owner: waterexpress_user
--

ALTER SEQUENCE public.bug_comments_id_seq OWNED BY public.bug_comments.id;


--
-- Name: bug_stages; Type: TABLE; Schema: public; Owner: waterexpress_user
--

CREATE TABLE public.bug_stages (
    id bigint NOT NULL,
    name text NOT NULL,
    color text DEFAULT '#77b6ea'::text NOT NULL,
    complete boolean DEFAULT false NOT NULL,
    "order" integer DEFAULT 0 NOT NULL,
    creator_id bigint,
    created_by bigint,
    created_at timestamp(3) without time zone DEFAULT CURRENT_TIMESTAMP NOT NULL,
    updated_at timestamp(3) without time zone
);


ALTER TABLE public.bug_stages OWNER TO waterexpress_user;

--
-- Name: bug_stages_id_seq; Type: SEQUENCE; Schema: public; Owner: waterexpress_user
--

CREATE SEQUENCE public.bug_stages_id_seq
    START WITH 1
    INCREMENT BY 1
    NO MINVALUE
    NO MAXVALUE
    CACHE 1;


ALTER SEQUENCE public.bug_stages_id_seq OWNER TO waterexpress_user;

--
-- Name: bug_stages_id_seq; Type: SEQUENCE OWNED BY; Schema: public; Owner: waterexpress_user
--

ALTER SEQUENCE public.bug_stages_id_seq OWNED BY public.bug_stages.id;


--
-- Name: business_module_features; Type: TABLE; Schema: public; Owner: waterexpress_user
--

CREATE TABLE public.business_module_features (
    id bigint NOT NULL,
    business_module_id bigint NOT NULL,
    title text NOT NULL,
    description text,
    sort_order integer DEFAULT 0 NOT NULL,
    created_at timestamp(3) without time zone DEFAULT CURRENT_TIMESTAMP NOT NULL,
    updated_at timestamp(3) without time zone
);


ALTER TABLE public.business_module_features OWNER TO waterexpress_user;

--
-- Name: business_modules; Type: TABLE; Schema: public; Owner: waterexpress_user
--

CREATE TABLE public.business_modules (
    id bigint NOT NULL,
    code text,
    name text NOT NULL,
    description text,
    is_active boolean DEFAULT true NOT NULL,
    sort_order integer DEFAULT 0 NOT NULL,
    created_by bigint,
    created_at timestamp(3) without time zone DEFAULT CURRENT_TIMESTAMP NOT NULL,
    updated_at timestamp(3) without time zone
);


ALTER TABLE public.business_modules OWNER TO waterexpress_user;

--
-- Name: candidate_assessments; Type: TABLE; Schema: public; Owner: waterexpress_user
--

CREATE TABLE public.candidate_assessments (
    id bigint NOT NULL,
    assessment_name text NOT NULL,
    score integer,
    max_score integer,
    pass_fail_status text DEFAULT '0'::text NOT NULL,
    comments text,
    assessment_date text NOT NULL,
    candidate_id bigint,
    conducted_by bigint,
    creator_id bigint,
    created_by bigint,
    created_at timestamp(3) without time zone DEFAULT CURRENT_TIMESTAMP NOT NULL,
    updated_at timestamp(3) without time zone
);


ALTER TABLE public.candidate_assessments OWNER TO waterexpress_user;

--
-- Name: candidate_assessments_id_seq; Type: SEQUENCE; Schema: public; Owner: waterexpress_user
--

CREATE SEQUENCE public.candidate_assessments_id_seq
    START WITH 1
    INCREMENT BY 1
    NO MINVALUE
    NO MAXVALUE
    CACHE 1;


ALTER SEQUENCE public.candidate_assessments_id_seq OWNER TO waterexpress_user;

--
-- Name: candidate_assessments_id_seq; Type: SEQUENCE OWNED BY; Schema: public; Owner: waterexpress_user
--

ALTER SEQUENCE public.candidate_assessments_id_seq OWNED BY public.candidate_assessments.id;


--
-- Name: candidate_onboardings; Type: TABLE; Schema: public; Owner: waterexpress_user
--

CREATE TABLE public.candidate_onboardings (
    id bigint NOT NULL,
    start_date date NOT NULL,
    status text DEFAULT 'Pending'::text NOT NULL,
    candidate_id bigint NOT NULL,
    checklist_id bigint NOT NULL,
    buddy_employee_id bigint,
    creator_id bigint,
    created_by bigint,
    created_at timestamp(3) without time zone DEFAULT CURRENT_TIMESTAMP NOT NULL,
    updated_at timestamp(3) without time zone
);


ALTER TABLE public.candidate_onboardings OWNER TO waterexpress_user;

--
-- Name: candidate_onboardings_id_seq; Type: SEQUENCE; Schema: public; Owner: waterexpress_user
--

CREATE SEQUENCE public.candidate_onboardings_id_seq
    START WITH 1
    INCREMENT BY 1
    NO MINVALUE
    NO MAXVALUE
    CACHE 1;


ALTER SEQUENCE public.candidate_onboardings_id_seq OWNER TO waterexpress_user;

--
-- Name: candidate_onboardings_id_seq; Type: SEQUENCE OWNED BY; Schema: public; Owner: waterexpress_user
--

ALTER SEQUENCE public.candidate_onboardings_id_seq OWNED BY public.candidate_onboardings.id;


--
-- Name: candidate_sources; Type: TABLE; Schema: public; Owner: waterexpress_user
--

CREATE TABLE public.candidate_sources (
    id bigint NOT NULL,
    name text NOT NULL,
    description text,
    is_active boolean DEFAULT false NOT NULL,
    creator_id bigint,
    created_by bigint,
    created_at timestamp(3) without time zone DEFAULT CURRENT_TIMESTAMP NOT NULL,
    updated_at timestamp(3) without time zone
);


ALTER TABLE public.candidate_sources OWNER TO waterexpress_user;

--
-- Name: candidate_sources_id_seq; Type: SEQUENCE; Schema: public; Owner: waterexpress_user
--

CREATE SEQUENCE public.candidate_sources_id_seq
    START WITH 1
    INCREMENT BY 1
    NO MINVALUE
    NO MAXVALUE
    CACHE 1;


ALTER SEQUENCE public.candidate_sources_id_seq OWNER TO waterexpress_user;

--
-- Name: candidate_sources_id_seq; Type: SEQUENCE OWNED BY; Schema: public; Owner: waterexpress_user
--

ALTER SEQUENCE public.candidate_sources_id_seq OWNED BY public.candidate_sources.id;


--
-- Name: candidates; Type: TABLE; Schema: public; Owner: waterexpress_user
--

CREATE TABLE public.candidates (
    id bigint NOT NULL,
    tracking_id text,
    first_name text NOT NULL,
    last_name text NOT NULL,
    email text NOT NULL,
    phone text,
    gender text,
    dob date,
    country text,
    state text,
    city text,
    current_company text,
    current_position text,
    experience_years numeric(10,2),
    current_salary numeric(10,2),
    expected_salary numeric(10,2),
    notice_period text,
    skills text,
    education text,
    portfolio_url text,
    linkedin_url text,
    profile_path text,
    resume_path text,
    cover_letter_path text,
    status text DEFAULT '0'::text NOT NULL,
    application_date date,
    custom_question text,
    job_id bigint,
    user_id bigint,
    source_id bigint,
    creator_id bigint,
    created_by bigint,
    created_at timestamp(3) without time zone DEFAULT CURRENT_TIMESTAMP NOT NULL,
    updated_at timestamp(3) without time zone
);


ALTER TABLE public.candidates OWNER TO waterexpress_user;

--
-- Name: candidates_id_seq; Type: SEQUENCE; Schema: public; Owner: waterexpress_user
--

CREATE SEQUENCE public.candidates_id_seq
    START WITH 1
    INCREMENT BY 1
    NO MINVALUE
    NO MAXVALUE
    CACHE 1;


ALTER SEQUENCE public.candidates_id_seq OWNER TO waterexpress_user;

--
-- Name: candidates_id_seq; Type: SEQUENCE OWNED BY; Schema: public; Owner: waterexpress_user
--

ALTER SEQUENCE public.candidates_id_seq OWNED BY public.candidates.id;


--
-- Name: ch_favorites; Type: TABLE; Schema: public; Owner: waterexpress_user
--

CREATE TABLE public.ch_favorites (
    id bigint NOT NULL,
    user_id bigint NOT NULL,
    favorite_id bigint NOT NULL,
    created_at timestamp(3) without time zone DEFAULT CURRENT_TIMESTAMP NOT NULL,
    updated_at timestamp(3) without time zone
);


ALTER TABLE public.ch_favorites OWNER TO waterexpress_user;

--
-- Name: ch_favorites_id_seq; Type: SEQUENCE; Schema: public; Owner: waterexpress_user
--

CREATE SEQUENCE public.ch_favorites_id_seq
    START WITH 1
    INCREMENT BY 1
    NO MINVALUE
    NO MAXVALUE
    CACHE 1;


ALTER SEQUENCE public.ch_favorites_id_seq OWNER TO waterexpress_user;

--
-- Name: ch_favorites_id_seq; Type: SEQUENCE OWNED BY; Schema: public; Owner: waterexpress_user
--

ALTER SEQUENCE public.ch_favorites_id_seq OWNED BY public.ch_favorites.id;


--
-- Name: ch_messages; Type: TABLE; Schema: public; Owner: waterexpress_user
--

CREATE TABLE public.ch_messages (
    id bigint NOT NULL,
    from_id bigint NOT NULL,
    to_id bigint NOT NULL,
    body text,
    attachment text,
    seen boolean DEFAULT false NOT NULL,
    deleted_by_sender boolean DEFAULT false NOT NULL,
    deleted_by_receiver boolean DEFAULT false NOT NULL,
    created_at timestamp(3) without time zone DEFAULT CURRENT_TIMESTAMP NOT NULL,
    updated_at timestamp(3) without time zone
);


ALTER TABLE public.ch_messages OWNER TO waterexpress_user;

--
-- Name: ch_messages_id_seq; Type: SEQUENCE; Schema: public; Owner: waterexpress_user
--

CREATE SEQUENCE public.ch_messages_id_seq
    START WITH 1
    INCREMENT BY 1
    NO MINVALUE
    NO MAXVALUE
    CACHE 1;


ALTER SEQUENCE public.ch_messages_id_seq OWNER TO waterexpress_user;

--
-- Name: ch_messages_id_seq; Type: SEQUENCE OWNED BY; Schema: public; Owner: waterexpress_user
--

ALTER SEQUENCE public.ch_messages_id_seq OWNED BY public.ch_messages.id;


--
-- Name: chart_of_accounts; Type: TABLE; Schema: public; Owner: waterexpress_user
--

CREATE TABLE public.chart_of_accounts (
    id bigint NOT NULL,
    account_code text NOT NULL,
    account_name text NOT NULL,
    account_type_id bigint NOT NULL,
    parent_account_id bigint,
    level integer DEFAULT 1 NOT NULL,
    normal_balance character varying(10) NOT NULL,
    opening_balance numeric(15,2) DEFAULT 0 NOT NULL,
    current_balance numeric(15,2) DEFAULT 0 NOT NULL,
    is_active boolean DEFAULT true NOT NULL,
    is_system_account boolean DEFAULT false NOT NULL,
    description text,
    creator_id bigint,
    created_by bigint,
    created_at timestamp(3) without time zone DEFAULT CURRENT_TIMESTAMP NOT NULL,
    updated_at timestamp(3) without time zone
);


ALTER TABLE public.chart_of_accounts OWNER TO waterexpress_user;

--
-- Name: chart_of_accounts_id_seq; Type: SEQUENCE; Schema: public; Owner: waterexpress_user
--

CREATE SEQUENCE public.chart_of_accounts_id_seq
    START WITH 1
    INCREMENT BY 1
    NO MINVALUE
    NO MAXVALUE
    CACHE 1;


ALTER SEQUENCE public.chart_of_accounts_id_seq OWNER TO waterexpress_user;

--
-- Name: chart_of_accounts_id_seq; Type: SEQUENCE OWNED BY; Schema: public; Owner: waterexpress_user
--

ALTER SEQUENCE public.chart_of_accounts_id_seq OWNED BY public.chart_of_accounts.id;


--
-- Name: checklist_items; Type: TABLE; Schema: public; Owner: waterexpress_user
--

CREATE TABLE public.checklist_items (
    id bigint NOT NULL,
    task_name text NOT NULL,
    description text,
    category text,
    assigned_to_role text,
    due_day integer,
    is_required boolean DEFAULT false NOT NULL,
    status boolean DEFAULT true NOT NULL,
    checklist_id bigint NOT NULL,
    creator_id bigint,
    created_by bigint,
    created_at timestamp(3) without time zone DEFAULT CURRENT_TIMESTAMP NOT NULL,
    updated_at timestamp(3) without time zone
);


ALTER TABLE public.checklist_items OWNER TO waterexpress_user;

--
-- Name: checklist_items_id_seq; Type: SEQUENCE; Schema: public; Owner: waterexpress_user
--

CREATE SEQUENCE public.checklist_items_id_seq
    START WITH 1
    INCREMENT BY 1
    NO MINVALUE
    NO MAXVALUE
    CACHE 1;


ALTER SEQUENCE public.checklist_items_id_seq OWNER TO waterexpress_user;

--
-- Name: checklist_items_id_seq; Type: SEQUENCE OWNED BY; Schema: public; Owner: waterexpress_user
--

ALTER SEQUENCE public.checklist_items_id_seq OWNED BY public.checklist_items.id;


--
-- Name: company_marketplace_links; Type: TABLE; Schema: public; Owner: waterexpress_user
--

CREATE TABLE public.company_marketplace_links (
    id bigint NOT NULL,
    company_id bigint NOT NULL,
    vendor_id bigint NOT NULL,
    custom_slug character varying(255),
    link_url character varying(2048),
    is_active boolean DEFAULT true NOT NULL,
    created_at timestamp without time zone DEFAULT now() NOT NULL,
    updated_at timestamp without time zone
);


ALTER TABLE public.company_marketplace_links OWNER TO waterexpress_user;

--
-- Name: company_marketplace_links_id_seq; Type: SEQUENCE; Schema: public; Owner: waterexpress_user
--

CREATE SEQUENCE public.company_marketplace_links_id_seq
    START WITH 1
    INCREMENT BY 1
    NO MINVALUE
    NO MAXVALUE
    CACHE 1;


ALTER SEQUENCE public.company_marketplace_links_id_seq OWNER TO waterexpress_user;

--
-- Name: company_marketplace_links_id_seq; Type: SEQUENCE OWNED BY; Schema: public; Owner: waterexpress_user
--

ALTER SEQUENCE public.company_marketplace_links_id_seq OWNED BY public.company_marketplace_links.id;


--
-- Name: coupons; Type: TABLE; Schema: public; Owner: waterexpress_user
--

CREATE TABLE public.coupons (
    id bigint NOT NULL,
    name text NOT NULL,
    description text,
    code text NOT NULL,
    discount numeric(10,2) NOT NULL,
    "limit" integer,
    type text NOT NULL,
    minimum_spend numeric(10,2),
    maximum_spend numeric(10,2),
    limit_per_user integer,
    expiry_date timestamp(3) without time zone,
    included_module jsonb,
    excluded_module jsonb,
    status boolean DEFAULT true NOT NULL,
    created_by bigint,
    created_at timestamp(3) without time zone DEFAULT CURRENT_TIMESTAMP NOT NULL,
    updated_at timestamp(3) without time zone
);


ALTER TABLE public.coupons OWNER TO waterexpress_user;

--
-- Name: coupons_id_seq; Type: SEQUENCE; Schema: public; Owner: waterexpress_user
--

CREATE SEQUENCE public.coupons_id_seq
    START WITH 1
    INCREMENT BY 1
    NO MINVALUE
    NO MAXVALUE
    CACHE 1;


ALTER SEQUENCE public.coupons_id_seq OWNER TO waterexpress_user;

--
-- Name: coupons_id_seq; Type: SEQUENCE OWNED BY; Schema: public; Owner: waterexpress_user
--

ALTER SEQUENCE public.coupons_id_seq OWNED BY public.coupons.id;


--
-- Name: credit_notes; Type: TABLE; Schema: public; Owner: waterexpress_user
--

CREATE TABLE public.credit_notes (
    id bigint NOT NULL,
    reference_number text NOT NULL,
    customer_id bigint,
    date date NOT NULL,
    amount numeric(15,2) NOT NULL,
    reason text,
    status text DEFAULT 'pending'::text NOT NULL,
    notes text,
    creator_id bigint,
    created_by bigint,
    created_at timestamp(3) without time zone DEFAULT CURRENT_TIMESTAMP NOT NULL,
    updated_at timestamp(3) without time zone
);


ALTER TABLE public.credit_notes OWNER TO waterexpress_user;

--
-- Name: credit_notes_id_seq; Type: SEQUENCE; Schema: public; Owner: waterexpress_user
--

CREATE SEQUENCE public.credit_notes_id_seq
    START WITH 1
    INCREMENT BY 1
    NO MINVALUE
    NO MAXVALUE
    CACHE 1;


ALTER SEQUENCE public.credit_notes_id_seq OWNER TO waterexpress_user;

--
-- Name: credit_notes_id_seq; Type: SEQUENCE OWNED BY; Schema: public; Owner: waterexpress_user
--

ALTER SEQUENCE public.credit_notes_id_seq OWNED BY public.credit_notes.id;


--
-- Name: crm_deal_activities; Type: TABLE; Schema: public; Owner: waterexpress_user
--

CREATE TABLE public.crm_deal_activities (
    id bigint NOT NULL,
    deal_id bigint NOT NULL,
    user_id bigint,
    type text DEFAULT 'note'::text NOT NULL,
    note text NOT NULL,
    created_at timestamp(3) without time zone DEFAULT CURRENT_TIMESTAMP NOT NULL,
    updated_at timestamp(3) without time zone
);


ALTER TABLE public.crm_deal_activities OWNER TO waterexpress_user;

--
-- Name: crm_deal_activities_id_seq; Type: SEQUENCE; Schema: public; Owner: waterexpress_user
--

CREATE SEQUENCE public.crm_deal_activities_id_seq
    START WITH 1
    INCREMENT BY 1
    NO MINVALUE
    NO MAXVALUE
    CACHE 1;


ALTER SEQUENCE public.crm_deal_activities_id_seq OWNER TO waterexpress_user;

--
-- Name: crm_deal_activities_id_seq; Type: SEQUENCE OWNED BY; Schema: public; Owner: waterexpress_user
--

ALTER SEQUENCE public.crm_deal_activities_id_seq OWNED BY public.crm_deal_activities.id;


--
-- Name: crm_deals; Type: TABLE; Schema: public; Owner: waterexpress_user
--

CREATE TABLE public.crm_deals (
    id bigint NOT NULL,
    name text NOT NULL,
    amount numeric(15,2),
    status text DEFAULT 'open'::text NOT NULL,
    pipeline_id bigint,
    stage_id bigint,
    lead_id bigint,
    assigned_to bigint,
    close_date timestamp(3) without time zone,
    notes text,
    created_by bigint,
    created_at timestamp(3) without time zone DEFAULT CURRENT_TIMESTAMP NOT NULL,
    updated_at timestamp(3) without time zone
);


ALTER TABLE public.crm_deals OWNER TO waterexpress_user;

--
-- Name: crm_deals_id_seq; Type: SEQUENCE; Schema: public; Owner: waterexpress_user
--

CREATE SEQUENCE public.crm_deals_id_seq
    START WITH 1
    INCREMENT BY 1
    NO MINVALUE
    NO MAXVALUE
    CACHE 1;


ALTER SEQUENCE public.crm_deals_id_seq OWNER TO waterexpress_user;

--
-- Name: crm_deals_id_seq; Type: SEQUENCE OWNED BY; Schema: public; Owner: waterexpress_user
--

ALTER SEQUENCE public.crm_deals_id_seq OWNED BY public.crm_deals.id;


--
-- Name: crm_lead_activities; Type: TABLE; Schema: public; Owner: waterexpress_user
--

CREATE TABLE public.crm_lead_activities (
    id bigint NOT NULL,
    lead_id bigint NOT NULL,
    user_id bigint,
    type text DEFAULT 'note'::text NOT NULL,
    note text NOT NULL,
    created_at timestamp(3) without time zone DEFAULT CURRENT_TIMESTAMP NOT NULL,
    updated_at timestamp(3) without time zone
);


ALTER TABLE public.crm_lead_activities OWNER TO waterexpress_user;

--
-- Name: crm_lead_activities_id_seq; Type: SEQUENCE; Schema: public; Owner: waterexpress_user
--

CREATE SEQUENCE public.crm_lead_activities_id_seq
    START WITH 1
    INCREMENT BY 1
    NO MINVALUE
    NO MAXVALUE
    CACHE 1;


ALTER SEQUENCE public.crm_lead_activities_id_seq OWNER TO waterexpress_user;

--
-- Name: crm_lead_activities_id_seq; Type: SEQUENCE OWNED BY; Schema: public; Owner: waterexpress_user
--

ALTER SEQUENCE public.crm_lead_activities_id_seq OWNED BY public.crm_lead_activities.id;


--
-- Name: crm_leads; Type: TABLE; Schema: public; Owner: waterexpress_user
--

CREATE TABLE public.crm_leads (
    id bigint NOT NULL,
    name text NOT NULL,
    email text,
    phone text,
    company text,
    source text,
    status text DEFAULT 'new'::text NOT NULL,
    value numeric(15,2),
    notes text,
    pipeline_id bigint,
    stage_id bigint,
    assigned_to bigint,
    created_by bigint,
    closed_at timestamp(3) without time zone,
    created_at timestamp(3) without time zone DEFAULT CURRENT_TIMESTAMP NOT NULL,
    updated_at timestamp(3) without time zone,
    first_name text NOT NULL,
    last_name text
);


ALTER TABLE public.crm_leads OWNER TO waterexpress_user;

--
-- Name: crm_leads_id_seq; Type: SEQUENCE; Schema: public; Owner: waterexpress_user
--

CREATE SEQUENCE public.crm_leads_id_seq
    START WITH 1
    INCREMENT BY 1
    NO MINVALUE
    NO MAXVALUE
    CACHE 1;


ALTER SEQUENCE public.crm_leads_id_seq OWNER TO waterexpress_user;

--
-- Name: crm_leads_id_seq; Type: SEQUENCE OWNED BY; Schema: public; Owner: waterexpress_user
--

ALTER SEQUENCE public.crm_leads_id_seq OWNED BY public.crm_leads.id;


--
-- Name: crm_pipeline_stages; Type: TABLE; Schema: public; Owner: waterexpress_user
--

CREATE TABLE public.crm_pipeline_stages (
    id bigint NOT NULL,
    pipeline_id bigint NOT NULL,
    name text NOT NULL,
    color text DEFAULT '#6366f1'::text NOT NULL,
    "order" integer DEFAULT 0 NOT NULL,
    created_by bigint,
    created_at timestamp(3) without time zone DEFAULT CURRENT_TIMESTAMP NOT NULL,
    updated_at timestamp(3) without time zone
);


ALTER TABLE public.crm_pipeline_stages OWNER TO waterexpress_user;

--
-- Name: crm_pipeline_stages_id_seq; Type: SEQUENCE; Schema: public; Owner: waterexpress_user
--

CREATE SEQUENCE public.crm_pipeline_stages_id_seq
    START WITH 1
    INCREMENT BY 1
    NO MINVALUE
    NO MAXVALUE
    CACHE 1;


ALTER SEQUENCE public.crm_pipeline_stages_id_seq OWNER TO waterexpress_user;

--
-- Name: crm_pipeline_stages_id_seq; Type: SEQUENCE OWNED BY; Schema: public; Owner: waterexpress_user
--

ALTER SEQUENCE public.crm_pipeline_stages_id_seq OWNED BY public.crm_pipeline_stages.id;


--
-- Name: crm_pipelines; Type: TABLE; Schema: public; Owner: waterexpress_user
--

CREATE TABLE public.crm_pipelines (
    id bigint NOT NULL,
    name text NOT NULL,
    description text,
    is_default boolean DEFAULT false NOT NULL,
    created_by bigint,
    created_at timestamp(3) without time zone DEFAULT CURRENT_TIMESTAMP NOT NULL,
    updated_at timestamp(3) without time zone
);


ALTER TABLE public.crm_pipelines OWNER TO waterexpress_user;

--
-- Name: crm_pipelines_id_seq; Type: SEQUENCE; Schema: public; Owner: waterexpress_user
--

CREATE SEQUENCE public.crm_pipelines_id_seq
    START WITH 1
    INCREMENT BY 1
    NO MINVALUE
    NO MAXVALUE
    CACHE 1;


ALTER SEQUENCE public.crm_pipelines_id_seq OWNER TO waterexpress_user;

--
-- Name: crm_pipelines_id_seq; Type: SEQUENCE OWNED BY; Schema: public; Owner: waterexpress_user
--

ALTER SEQUENCE public.crm_pipelines_id_seq OWNED BY public.crm_pipelines.id;


--
-- Name: currencies; Type: TABLE; Schema: public; Owner: waterexpress_user
--

CREATE TABLE public.currencies (
    id bigint NOT NULL,
    name text NOT NULL,
    code text NOT NULL,
    symbol text,
    description text,
    is_default boolean DEFAULT false NOT NULL,
    created_at timestamp(3) without time zone DEFAULT CURRENT_TIMESTAMP NOT NULL,
    updated_at timestamp(3) without time zone
);


ALTER TABLE public.currencies OWNER TO waterexpress_user;

--
-- Name: custom_pages; Type: TABLE; Schema: public; Owner: waterexpress_user
--

CREATE TABLE public.custom_pages (
    id bigint NOT NULL,
    title text NOT NULL,
    slug text NOT NULL,
    content text NOT NULL,
    meta_title text,
    meta_description text,
    is_active boolean DEFAULT true NOT NULL,
    is_disabled boolean DEFAULT false NOT NULL,
    created_at timestamp(3) without time zone DEFAULT CURRENT_TIMESTAMP NOT NULL,
    updated_at timestamp(3) without time zone
);


ALTER TABLE public.custom_pages OWNER TO waterexpress_user;

--
-- Name: custom_pages_id_seq; Type: SEQUENCE; Schema: public; Owner: waterexpress_user
--

CREATE SEQUENCE public.custom_pages_id_seq
    START WITH 1
    INCREMENT BY 1
    NO MINVALUE
    NO MAXVALUE
    CACHE 1;


ALTER SEQUENCE public.custom_pages_id_seq OWNER TO waterexpress_user;

--
-- Name: custom_pages_id_seq; Type: SEQUENCE OWNED BY; Schema: public; Owner: waterexpress_user
--

ALTER SEQUENCE public.custom_pages_id_seq OWNED BY public.custom_pages.id;


--
-- Name: custom_questions; Type: TABLE; Schema: public; Owner: waterexpress_user
--

CREATE TABLE public.custom_questions (
    id bigint NOT NULL,
    question text NOT NULL,
    type text DEFAULT 'text'::text NOT NULL,
    options text,
    is_required boolean DEFAULT false NOT NULL,
    is_active boolean DEFAULT true NOT NULL,
    sort_order integer,
    creator_id bigint,
    created_by bigint,
    created_at timestamp(3) without time zone DEFAULT CURRENT_TIMESTAMP NOT NULL,
    updated_at timestamp(3) without time zone
);


ALTER TABLE public.custom_questions OWNER TO waterexpress_user;

--
-- Name: custom_questions_id_seq; Type: SEQUENCE; Schema: public; Owner: waterexpress_user
--

CREATE SEQUENCE public.custom_questions_id_seq
    START WITH 1
    INCREMENT BY 1
    NO MINVALUE
    NO MAXVALUE
    CACHE 1;


ALTER SEQUENCE public.custom_questions_id_seq OWNER TO waterexpress_user;

--
-- Name: custom_questions_id_seq; Type: SEQUENCE OWNED BY; Schema: public; Owner: waterexpress_user
--

ALTER SEQUENCE public.custom_questions_id_seq OWNED BY public.custom_questions.id;


--
-- Name: customer_payments; Type: TABLE; Schema: public; Owner: waterexpress_user
--

CREATE TABLE public.customer_payments (
    id bigint NOT NULL,
    reference_number text NOT NULL,
    customer_id bigint NOT NULL,
    payment_date date NOT NULL,
    amount numeric(15,2) NOT NULL,
    payment_method text,
    bank_account_id bigint,
    reference text,
    status text DEFAULT 'completed'::text NOT NULL,
    notes text,
    creator_id bigint,
    created_by bigint,
    created_at timestamp(3) without time zone DEFAULT CURRENT_TIMESTAMP NOT NULL,
    updated_at timestamp(3) without time zone
);


ALTER TABLE public.customer_payments OWNER TO waterexpress_user;

--
-- Name: customer_payments_id_seq; Type: SEQUENCE; Schema: public; Owner: waterexpress_user
--

CREATE SEQUENCE public.customer_payments_id_seq
    START WITH 1
    INCREMENT BY 1
    NO MINVALUE
    NO MAXVALUE
    CACHE 1;


ALTER SEQUENCE public.customer_payments_id_seq OWNER TO waterexpress_user;

--
-- Name: customer_payments_id_seq; Type: SEQUENCE OWNED BY; Schema: public; Owner: waterexpress_user
--

ALTER SEQUENCE public.customer_payments_id_seq OWNED BY public.customer_payments.id;


--
-- Name: customers; Type: TABLE; Schema: public; Owner: waterexpress_user
--

CREATE TABLE public.customers (
    id bigint NOT NULL,
    user_id bigint,
    customer_code text NOT NULL,
    company_name text NOT NULL,
    contact_person_name text NOT NULL,
    contact_person_email text NOT NULL,
    contact_person_mobile text,
    tax_number text,
    payment_terms text,
    billing_address jsonb,
    shipping_address jsonb,
    same_as_billing boolean DEFAULT false NOT NULL,
    notes text,
    creator_id bigint,
    created_by bigint,
    created_at timestamp(3) without time zone DEFAULT CURRENT_TIMESTAMP NOT NULL,
    updated_at timestamp(3) without time zone
);


ALTER TABLE public.customers OWNER TO waterexpress_user;

--
-- Name: customers_id_seq; Type: SEQUENCE; Schema: public; Owner: waterexpress_user
--

CREATE SEQUENCE public.customers_id_seq
    START WITH 1
    INCREMENT BY 1
    NO MINVALUE
    NO MAXVALUE
    CACHE 1;


ALTER SEQUENCE public.customers_id_seq OWNER TO waterexpress_user;

--
-- Name: customers_id_seq; Type: SEQUENCE OWNED BY; Schema: public; Owner: waterexpress_user
--

ALTER SEQUENCE public.customers_id_seq OWNED BY public.customers.id;


--
-- Name: debit_notes; Type: TABLE; Schema: public; Owner: waterexpress_user
--

CREATE TABLE public.debit_notes (
    id bigint NOT NULL,
    reference_number text NOT NULL,
    vendor_id bigint,
    date date NOT NULL,
    amount numeric(15,2) NOT NULL,
    reason text,
    status text DEFAULT 'pending'::text NOT NULL,
    notes text,
    creator_id bigint,
    created_by bigint,
    created_at timestamp(3) without time zone DEFAULT CURRENT_TIMESTAMP NOT NULL,
    updated_at timestamp(3) without time zone
);


ALTER TABLE public.debit_notes OWNER TO waterexpress_user;

--
-- Name: debit_notes_id_seq; Type: SEQUENCE; Schema: public; Owner: waterexpress_user
--

CREATE SEQUENCE public.debit_notes_id_seq
    START WITH 1
    INCREMENT BY 1
    NO MINVALUE
    NO MAXVALUE
    CACHE 1;


ALTER SEQUENCE public.debit_notes_id_seq OWNER TO waterexpress_user;

--
-- Name: debit_notes_id_seq; Type: SEQUENCE OWNED BY; Schema: public; Owner: waterexpress_user
--

ALTER SEQUENCE public.debit_notes_id_seq OWNED BY public.debit_notes.id;


--
-- Name: delivery_city_queues; Type: TABLE; Schema: public; Owner: waterexpress_user
--

CREATE TABLE public.delivery_city_queues (
    id bigint NOT NULL,
    vendor_id bigint NOT NULL,
    city character varying(128) NOT NULL,
    state character varying(128) NOT NULL,
    required_bucket_minimum integer DEFAULT 50 NOT NULL,
    current_bucket_total integer DEFAULT 0 NOT NULL,
    company_count integer DEFAULT 0 NOT NULL,
    queue_status character varying(32) DEFAULT 'waiting'::character varying NOT NULL,
    created_at timestamp without time zone DEFAULT now() NOT NULL,
    updated_at timestamp without time zone
);


ALTER TABLE public.delivery_city_queues OWNER TO waterexpress_user;

--
-- Name: delivery_city_queues_id_seq; Type: SEQUENCE; Schema: public; Owner: waterexpress_user
--

CREATE SEQUENCE public.delivery_city_queues_id_seq
    START WITH 1
    INCREMENT BY 1
    NO MINVALUE
    NO MAXVALUE
    CACHE 1;


ALTER SEQUENCE public.delivery_city_queues_id_seq OWNER TO waterexpress_user;

--
-- Name: delivery_city_queues_id_seq; Type: SEQUENCE OWNED BY; Schema: public; Owner: waterexpress_user
--

ALTER SEQUENCE public.delivery_city_queues_id_seq OWNED BY public.delivery_city_queues.id;


--
-- Name: delivery_event_orders; Type: TABLE; Schema: public; Owner: waterexpress_user
--

CREATE TABLE public.delivery_event_orders (
    id bigint NOT NULL,
    delivery_event_id bigint NOT NULL,
    order_id bigint NOT NULL,
    company_id bigint,
    status character varying(32) DEFAULT 'pending'::character varying NOT NULL,
    created_at timestamp without time zone DEFAULT now() NOT NULL
);


ALTER TABLE public.delivery_event_orders OWNER TO waterexpress_user;

--
-- Name: delivery_event_orders_id_seq; Type: SEQUENCE; Schema: public; Owner: waterexpress_user
--

CREATE SEQUENCE public.delivery_event_orders_id_seq
    START WITH 1
    INCREMENT BY 1
    NO MINVALUE
    NO MAXVALUE
    CACHE 1;


ALTER SEQUENCE public.delivery_event_orders_id_seq OWNER TO waterexpress_user;

--
-- Name: delivery_event_orders_id_seq; Type: SEQUENCE OWNED BY; Schema: public; Owner: waterexpress_user
--

ALTER SEQUENCE public.delivery_event_orders_id_seq OWNED BY public.delivery_event_orders.id;


--
-- Name: delivery_events; Type: TABLE; Schema: public; Owner: waterexpress_user
--

CREATE TABLE public.delivery_events (
    id bigint NOT NULL,
    vendor_id bigint NOT NULL,
    city_queue_id bigint,
    city character varying(128) NOT NULL,
    state character varying(128) NOT NULL,
    delivery_date timestamp without time zone,
    start_time character varying(32),
    end_time character varying(32),
    delivery_address character varying(512),
    delivery_notes text,
    driver_name character varying(255),
    driver_phone character varying(64),
    status character varying(32) DEFAULT 'scheduled'::character varying NOT NULL,
    created_at timestamp without time zone DEFAULT now() NOT NULL,
    updated_at timestamp without time zone
);


ALTER TABLE public.delivery_events OWNER TO waterexpress_user;

--
-- Name: delivery_events_id_seq; Type: SEQUENCE; Schema: public; Owner: waterexpress_user
--

CREATE SEQUENCE public.delivery_events_id_seq
    START WITH 1
    INCREMENT BY 1
    NO MINVALUE
    NO MAXVALUE
    CACHE 1;


ALTER SEQUENCE public.delivery_events_id_seq OWNER TO waterexpress_user;

--
-- Name: delivery_events_id_seq; Type: SEQUENCE OWNED BY; Schema: public; Owner: waterexpress_user
--

ALTER SEQUENCE public.delivery_events_id_seq OWNED BY public.delivery_events.id;


--
-- Name: em_cost_adjustments; Type: TABLE; Schema: public; Owner: waterexpress_user
--

CREATE TABLE public.em_cost_adjustments (
    id bigint NOT NULL,
    organization_id bigint NOT NULL,
    details text NOT NULL,
    attachment_url text,
    amount numeric(14,2),
    created_at timestamp(3) without time zone DEFAULT CURRENT_TIMESTAMP NOT NULL,
    updated_at timestamp(3) without time zone
);


ALTER TABLE public.em_cost_adjustments OWNER TO waterexpress_user;

--
-- Name: em_cost_adjustments_id_seq; Type: SEQUENCE; Schema: public; Owner: waterexpress_user
--

CREATE SEQUENCE public.em_cost_adjustments_id_seq
    START WITH 1
    INCREMENT BY 1
    NO MINVALUE
    NO MAXVALUE
    CACHE 1;


ALTER SEQUENCE public.em_cost_adjustments_id_seq OWNER TO waterexpress_user;

--
-- Name: em_cost_adjustments_id_seq; Type: SEQUENCE OWNED BY; Schema: public; Owner: waterexpress_user
--

ALTER SEQUENCE public.em_cost_adjustments_id_seq OWNED BY public.em_cost_adjustments.id;


--
-- Name: em_expense_categories; Type: TABLE; Schema: public; Owner: waterexpress_user
--

CREATE TABLE public.em_expense_categories (
    id bigint NOT NULL,
    organization_id bigint NOT NULL,
    name character varying(255) NOT NULL,
    description text,
    sort_order integer DEFAULT 0 NOT NULL,
    created_at timestamp(3) without time zone DEFAULT CURRENT_TIMESTAMP NOT NULL,
    updated_at timestamp(3) without time zone
);


ALTER TABLE public.em_expense_categories OWNER TO waterexpress_user;

--
-- Name: em_expense_categories_id_seq; Type: SEQUENCE; Schema: public; Owner: waterexpress_user
--

CREATE SEQUENCE public.em_expense_categories_id_seq
    START WITH 1
    INCREMENT BY 1
    NO MINVALUE
    NO MAXVALUE
    CACHE 1;


ALTER SEQUENCE public.em_expense_categories_id_seq OWNER TO waterexpress_user;

--
-- Name: em_expense_categories_id_seq; Type: SEQUENCE OWNED BY; Schema: public; Owner: waterexpress_user
--

ALTER SEQUENCE public.em_expense_categories_id_seq OWNED BY public.em_expense_categories.id;


--
-- Name: em_expense_lines; Type: TABLE; Schema: public; Owner: waterexpress_user
--

CREATE TABLE public.em_expense_lines (
    id bigint NOT NULL,
    report_id bigint,
    organization_id bigint NOT NULL,
    expense_date date NOT NULL,
    category text NOT NULL,
    merchant text,
    amount numeric(14,2) NOT NULL,
    currency text DEFAULT 'USD'::text NOT NULL,
    amount_usd numeric(14,2),
    project_id text,
    receipt_attached boolean DEFAULT false NOT NULL,
    billable text,
    mileage numeric(12,2),
    rate_per_mile numeric(12,4),
    internal_note text,
    additional_info text,
    department text,
    status text DEFAULT 'draft'::text NOT NULL,
    created_by_user_id bigint,
    created_at timestamp(3) without time zone DEFAULT CURRENT_TIMESTAMP NOT NULL,
    updated_at timestamp(3) without time zone
);


ALTER TABLE public.em_expense_lines OWNER TO waterexpress_user;

--
-- Name: em_expense_lines_id_seq; Type: SEQUENCE; Schema: public; Owner: waterexpress_user
--

CREATE SEQUENCE public.em_expense_lines_id_seq
    START WITH 1
    INCREMENT BY 1
    NO MINVALUE
    NO MAXVALUE
    CACHE 1;


ALTER SEQUENCE public.em_expense_lines_id_seq OWNER TO waterexpress_user;

--
-- Name: em_expense_lines_id_seq; Type: SEQUENCE OWNED BY; Schema: public; Owner: waterexpress_user
--

ALTER SEQUENCE public.em_expense_lines_id_seq OWNED BY public.em_expense_lines.id;


--
-- Name: em_expense_reports; Type: TABLE; Schema: public; Owner: waterexpress_user
--

CREATE TABLE public.em_expense_reports (
    id bigint NOT NULL,
    organization_id bigint NOT NULL,
    report_number text NOT NULL,
    purpose text,
    date_from date,
    date_to date,
    status text DEFAULT 'draft'::text NOT NULL,
    currency text DEFAULT 'USD'::text NOT NULL,
    total_amount numeric(14,2) DEFAULT 0 NOT NULL,
    rejection_note text,
    created_by_user_id bigint,
    created_at timestamp(3) without time zone DEFAULT CURRENT_TIMESTAMP NOT NULL,
    updated_at timestamp(3) without time zone
);


ALTER TABLE public.em_expense_reports OWNER TO waterexpress_user;

--
-- Name: em_expense_reports_id_seq; Type: SEQUENCE; Schema: public; Owner: waterexpress_user
--

CREATE SEQUENCE public.em_expense_reports_id_seq
    START WITH 1
    INCREMENT BY 1
    NO MINVALUE
    NO MAXVALUE
    CACHE 1;


ALTER SEQUENCE public.em_expense_reports_id_seq OWNER TO waterexpress_user;

--
-- Name: em_expense_reports_id_seq; Type: SEQUENCE OWNED BY; Schema: public; Owner: waterexpress_user
--

ALTER SEQUENCE public.em_expense_reports_id_seq OWNED BY public.em_expense_reports.id;


--
-- Name: em_time_entries; Type: TABLE; Schema: public; Owner: waterexpress_user
--

CREATE TABLE public.em_time_entries (
    id bigint NOT NULL,
    organization_id bigint NOT NULL,
    employee_name text NOT NULL,
    vendor_name text,
    service_line text,
    clock_in_date date NOT NULL,
    clock_in_time text,
    clock_out_time text,
    duration_hours numeric(8,2),
    billable text,
    notes text,
    created_at timestamp(3) without time zone DEFAULT CURRENT_TIMESTAMP NOT NULL,
    updated_at timestamp(3) without time zone
);


ALTER TABLE public.em_time_entries OWNER TO waterexpress_user;

--
-- Name: em_time_entries_id_seq; Type: SEQUENCE; Schema: public; Owner: waterexpress_user
--

CREATE SEQUENCE public.em_time_entries_id_seq
    START WITH 1
    INCREMENT BY 1
    NO MINVALUE
    NO MAXVALUE
    CACHE 1;


ALTER SEQUENCE public.em_time_entries_id_seq OWNER TO waterexpress_user;

--
-- Name: em_time_entries_id_seq; Type: SEQUENCE OWNED BY; Schema: public; Owner: waterexpress_user
--

ALTER SEQUENCE public.em_time_entries_id_seq OWNED BY public.em_time_entries.id;


--
-- Name: em_workspace_context; Type: TABLE; Schema: public; Owner: waterexpress_user
--

CREATE TABLE public.em_workspace_context (
    id bigint NOT NULL,
    organization_id bigint NOT NULL,
    jsr_number text,
    aar_start_date date,
    aar_end_date date,
    matter_number text,
    requesting_director text,
    client_name text,
    requesting_department text,
    receiving_department text,
    aar_location text,
    billing_poc_name text,
    billing_poc_email text,
    client_poc_name text,
    legacy_client_id text,
    d365_client_id text,
    operation_start_date date,
    operation_end_date date,
    tsheets_based boolean DEFAULT false NOT NULL,
    aar_required boolean DEFAULT false NOT NULL,
    cost_transfer_mode text DEFAULT 'default'::text NOT NULL,
    cost_transfer_default_rate numeric(12,2) DEFAULT 60 NOT NULL,
    cost_transfer_custom_rate numeric(12,2),
    secondary_matter_number text,
    created_at timestamp(3) without time zone DEFAULT CURRENT_TIMESTAMP NOT NULL,
    updated_at timestamp(3) without time zone
);


ALTER TABLE public.em_workspace_context OWNER TO waterexpress_user;

--
-- Name: em_workspace_context_id_seq; Type: SEQUENCE; Schema: public; Owner: waterexpress_user
--

CREATE SEQUENCE public.em_workspace_context_id_seq
    START WITH 1
    INCREMENT BY 1
    NO MINVALUE
    NO MAXVALUE
    CACHE 1;


ALTER SEQUENCE public.em_workspace_context_id_seq OWNER TO waterexpress_user;

--
-- Name: em_workspace_context_id_seq; Type: SEQUENCE OWNED BY; Schema: public; Owner: waterexpress_user
--

ALTER SEQUENCE public.em_workspace_context_id_seq OWNED BY public.em_workspace_context.id;


--
-- Name: em_workspace_documents; Type: TABLE; Schema: public; Owner: waterexpress_user
--

CREATE TABLE public.em_workspace_documents (
    id bigint NOT NULL,
    organization_id bigint NOT NULL,
    title text NOT NULL,
    file_url text NOT NULL,
    uploaded_by_user_id bigint,
    created_at timestamp(3) without time zone DEFAULT CURRENT_TIMESTAMP NOT NULL,
    updated_at timestamp(3) without time zone
);


ALTER TABLE public.em_workspace_documents OWNER TO waterexpress_user;

--
-- Name: em_workspace_documents_id_seq; Type: SEQUENCE; Schema: public; Owner: waterexpress_user
--

CREATE SEQUENCE public.em_workspace_documents_id_seq
    START WITH 1
    INCREMENT BY 1
    NO MINVALUE
    NO MAXVALUE
    CACHE 1;


ALTER SEQUENCE public.em_workspace_documents_id_seq OWNER TO waterexpress_user;

--
-- Name: em_workspace_documents_id_seq; Type: SEQUENCE OWNED BY; Schema: public; Owner: waterexpress_user
--

ALTER SEQUENCE public.em_workspace_documents_id_seq OWNED BY public.em_workspace_documents.id;


--
-- Name: em_workspace_notes; Type: TABLE; Schema: public; Owner: waterexpress_user
--

CREATE TABLE public.em_workspace_notes (
    id bigint NOT NULL,
    organization_id bigint NOT NULL,
    body text NOT NULL,
    created_by_user_id bigint,
    created_at timestamp(3) without time zone DEFAULT CURRENT_TIMESTAMP NOT NULL,
    updated_at timestamp(3) without time zone
);


ALTER TABLE public.em_workspace_notes OWNER TO waterexpress_user;

--
-- Name: em_workspace_notes_id_seq; Type: SEQUENCE; Schema: public; Owner: waterexpress_user
--

CREATE SEQUENCE public.em_workspace_notes_id_seq
    START WITH 1
    INCREMENT BY 1
    NO MINVALUE
    NO MAXVALUE
    CACHE 1;


ALTER SEQUENCE public.em_workspace_notes_id_seq OWNER TO waterexpress_user;

--
-- Name: em_workspace_notes_id_seq; Type: SEQUENCE OWNED BY; Schema: public; Owner: waterexpress_user
--

ALTER SEQUENCE public.em_workspace_notes_id_seq OWNED BY public.em_workspace_notes.id;


--
-- Name: email_template_langs; Type: TABLE; Schema: public; Owner: waterexpress_user
--

CREATE TABLE public.email_template_langs (
    id bigint NOT NULL,
    parent_id bigint NOT NULL,
    lang text,
    subject text,
    content text,
    module_name text,
    variables jsonb,
    created_at timestamp(3) without time zone DEFAULT CURRENT_TIMESTAMP NOT NULL,
    updated_at timestamp(3) without time zone
);


ALTER TABLE public.email_template_langs OWNER TO waterexpress_user;

--
-- Name: email_template_langs_id_seq; Type: SEQUENCE; Schema: public; Owner: waterexpress_user
--

CREATE SEQUENCE public.email_template_langs_id_seq
    START WITH 1
    INCREMENT BY 1
    NO MINVALUE
    NO MAXVALUE
    CACHE 1;


ALTER SEQUENCE public.email_template_langs_id_seq OWNER TO waterexpress_user;

--
-- Name: email_template_langs_id_seq; Type: SEQUENCE OWNED BY; Schema: public; Owner: waterexpress_user
--

ALTER SEQUENCE public.email_template_langs_id_seq OWNED BY public.email_template_langs.id;


--
-- Name: email_templates; Type: TABLE; Schema: public; Owner: waterexpress_user
--

CREATE TABLE public.email_templates (
    id bigint NOT NULL,
    name text,
    "from" text,
    module_name text,
    creator_id bigint,
    created_by bigint,
    created_at timestamp(3) without time zone DEFAULT CURRENT_TIMESTAMP NOT NULL,
    updated_at timestamp(3) without time zone
);


ALTER TABLE public.email_templates OWNER TO waterexpress_user;

--
-- Name: email_templates_id_seq; Type: SEQUENCE; Schema: public; Owner: waterexpress_user
--

CREATE SEQUENCE public.email_templates_id_seq
    START WITH 1
    INCREMENT BY 1
    NO MINVALUE
    NO MAXVALUE
    CACHE 1;


ALTER SEQUENCE public.email_templates_id_seq OWNER TO waterexpress_user;

--
-- Name: email_templates_id_seq; Type: SEQUENCE OWNED BY; Schema: public; Owner: waterexpress_user
--

ALTER SEQUENCE public.email_templates_id_seq OWNED BY public.email_templates.id;


--
-- Name: expenses; Type: TABLE; Schema: public; Owner: waterexpress_user
--

CREATE TABLE public.expenses (
    id bigint NOT NULL,
    reference_number text NOT NULL,
    vendor_id bigint,
    date date NOT NULL,
    amount numeric(15,2) NOT NULL,
    category text,
    description text,
    bank_account_id bigint,
    payment_method text,
    status text DEFAULT 'completed'::text NOT NULL,
    notes text,
    creator_id bigint,
    created_by bigint,
    created_at timestamp(3) without time zone DEFAULT CURRENT_TIMESTAMP NOT NULL,
    updated_at timestamp(3) without time zone
);


ALTER TABLE public.expenses OWNER TO waterexpress_user;

--
-- Name: expenses_id_seq; Type: SEQUENCE; Schema: public; Owner: waterexpress_user
--

CREATE SEQUENCE public.expenses_id_seq
    START WITH 1
    INCREMENT BY 1
    NO MINVALUE
    NO MAXVALUE
    CACHE 1;


ALTER SEQUENCE public.expenses_id_seq OWNER TO waterexpress_user;

--
-- Name: expenses_id_seq; Type: SEQUENCE OWNED BY; Schema: public; Owner: waterexpress_user
--

ALTER SEQUENCE public.expenses_id_seq OWNED BY public.expenses.id;


--
-- Name: form_conversions; Type: TABLE; Schema: public; Owner: waterexpress_user
--

CREATE TABLE public.form_conversions (
    id bigint NOT NULL,
    form_id bigint NOT NULL,
    module_name text NOT NULL,
    submodule_name text,
    is_active boolean DEFAULT false NOT NULL,
    field_mappings jsonb NOT NULL,
    created_by bigint,
    created_at timestamp(3) without time zone DEFAULT CURRENT_TIMESTAMP NOT NULL,
    updated_at timestamp(3) without time zone
);


ALTER TABLE public.form_conversions OWNER TO waterexpress_user;

--
-- Name: form_conversions_id_seq; Type: SEQUENCE; Schema: public; Owner: waterexpress_user
--

CREATE SEQUENCE public.form_conversions_id_seq
    START WITH 1
    INCREMENT BY 1
    NO MINVALUE
    NO MAXVALUE
    CACHE 1;


ALTER SEQUENCE public.form_conversions_id_seq OWNER TO waterexpress_user;

--
-- Name: form_conversions_id_seq; Type: SEQUENCE OWNED BY; Schema: public; Owner: waterexpress_user
--

ALTER SEQUENCE public.form_conversions_id_seq OWNED BY public.form_conversions.id;


--
-- Name: form_fields; Type: TABLE; Schema: public; Owner: waterexpress_user
--

CREATE TABLE public.form_fields (
    id bigint NOT NULL,
    form_id bigint NOT NULL,
    label text NOT NULL,
    type text NOT NULL,
    required boolean DEFAULT false NOT NULL,
    placeholder text,
    options jsonb,
    "order" integer DEFAULT 0 NOT NULL,
    created_by bigint,
    created_at timestamp(3) without time zone DEFAULT CURRENT_TIMESTAMP NOT NULL,
    updated_at timestamp(3) without time zone
);


ALTER TABLE public.form_fields OWNER TO waterexpress_user;

--
-- Name: form_fields_id_seq; Type: SEQUENCE; Schema: public; Owner: waterexpress_user
--

CREATE SEQUENCE public.form_fields_id_seq
    START WITH 1
    INCREMENT BY 1
    NO MINVALUE
    NO MAXVALUE
    CACHE 1;


ALTER SEQUENCE public.form_fields_id_seq OWNER TO waterexpress_user;

--
-- Name: form_fields_id_seq; Type: SEQUENCE OWNED BY; Schema: public; Owner: waterexpress_user
--

ALTER SEQUENCE public.form_fields_id_seq OWNED BY public.form_fields.id;


--
-- Name: form_responses; Type: TABLE; Schema: public; Owner: waterexpress_user
--

CREATE TABLE public.form_responses (
    id bigint NOT NULL,
    form_id bigint NOT NULL,
    response_data jsonb NOT NULL,
    submitter_ip text,
    created_by bigint,
    created_at timestamp(3) without time zone DEFAULT CURRENT_TIMESTAMP NOT NULL
);


ALTER TABLE public.form_responses OWNER TO waterexpress_user;

--
-- Name: form_responses_id_seq; Type: SEQUENCE; Schema: public; Owner: waterexpress_user
--

CREATE SEQUENCE public.form_responses_id_seq
    START WITH 1
    INCREMENT BY 1
    NO MINVALUE
    NO MAXVALUE
    CACHE 1;


ALTER SEQUENCE public.form_responses_id_seq OWNER TO waterexpress_user;

--
-- Name: form_responses_id_seq; Type: SEQUENCE OWNED BY; Schema: public; Owner: waterexpress_user
--

ALTER SEQUENCE public.form_responses_id_seq OWNED BY public.form_responses.id;


--
-- Name: forms; Type: TABLE; Schema: public; Owner: waterexpress_user
--

CREATE TABLE public.forms (
    id bigint NOT NULL,
    name text NOT NULL,
    code text NOT NULL,
    is_active boolean DEFAULT true NOT NULL,
    default_layout text DEFAULT 'single'::text NOT NULL,
    created_by bigint,
    created_at timestamp(3) without time zone DEFAULT CURRENT_TIMESTAMP NOT NULL,
    updated_at timestamp(3) without time zone
);


ALTER TABLE public.forms OWNER TO waterexpress_user;

--
-- Name: forms_id_seq; Type: SEQUENCE; Schema: public; Owner: waterexpress_user
--

CREATE SEQUENCE public.forms_id_seq
    START WITH 1
    INCREMENT BY 1
    NO MINVALUE
    NO MAXVALUE
    CACHE 1;


ALTER SEQUENCE public.forms_id_seq OWNER TO waterexpress_user;

--
-- Name: forms_id_seq; Type: SEQUENCE OWNED BY; Schema: public; Owner: waterexpress_user
--

ALTER SEQUENCE public.forms_id_seq OWNED BY public.forms.id;


--
-- Name: gantt_hour_entries; Type: TABLE; Schema: public; Owner: waterexpress_user
--

CREATE TABLE public.gantt_hour_entries (
    id text NOT NULL,
    project_id text NOT NULL,
    assignment_id text NOT NULL,
    assignment_type text NOT NULL,
    date date NOT NULL,
    hours numeric(4,1) NOT NULL,
    start_time text,
    end_time text,
    created_at timestamp(3) without time zone DEFAULT CURRENT_TIMESTAMP NOT NULL,
    updated_at timestamp(3) without time zone NOT NULL
);


ALTER TABLE public.gantt_hour_entries OWNER TO waterexpress_user;

--
-- Name: gantt_project_locations; Type: TABLE; Schema: public; Owner: waterexpress_user
--

CREATE TABLE public.gantt_project_locations (
    id text NOT NULL,
    project_id text NOT NULL,
    name text NOT NULL,
    color text DEFAULT '#6366F1'::text,
    start_date date,
    end_date date,
    created_at timestamp(3) without time zone DEFAULT CURRENT_TIMESTAMP NOT NULL,
    updated_at timestamp(3) without time zone NOT NULL
);


ALTER TABLE public.gantt_project_locations OWNER TO waterexpress_user;

--
-- Name: gantt_project_staff; Type: TABLE; Schema: public; Owner: waterexpress_user
--

CREATE TABLE public.gantt_project_staff (
    id text NOT NULL,
    project_id text NOT NULL,
    location_id text,
    staff_id text,
    label text DEFAULT ''::text NOT NULL,
    start_date date,
    end_date date,
    approval_status text DEFAULT 'pending'::text NOT NULL,
    approved_at timestamp(3) without time zone,
    rejected_at timestamp(3) without time zone,
    rejection_reason text,
    notified_at timestamp(3) without time zone,
    created_at timestamp(3) without time zone DEFAULT CURRENT_TIMESTAMP NOT NULL,
    updated_at timestamp(3) without time zone NOT NULL
);


ALTER TABLE public.gantt_project_staff OWNER TO waterexpress_user;

--
-- Name: gantt_project_subs; Type: TABLE; Schema: public; Owner: waterexpress_user
--

CREATE TABLE public.gantt_project_subs (
    id text NOT NULL,
    project_id text NOT NULL,
    location_id text,
    sub_id text,
    label text DEFAULT ''::text NOT NULL,
    start_date date,
    end_date date,
    approval_status text DEFAULT 'pending'::text NOT NULL,
    approved_at timestamp(3) without time zone,
    rejected_at timestamp(3) without time zone,
    rejection_reason text,
    notified_at timestamp(3) without time zone,
    created_at timestamp(3) without time zone DEFAULT CURRENT_TIMESTAMP NOT NULL,
    updated_at timestamp(3) without time zone NOT NULL
);


ALTER TABLE public.gantt_project_subs OWNER TO waterexpress_user;

--
-- Name: gantt_projects; Type: TABLE; Schema: public; Owner: waterexpress_user
--

CREATE TABLE public.gantt_projects (
    id text NOT NULL,
    name text NOT NULL,
    start_date date NOT NULL,
    end_date date NOT NULL,
    color text DEFAULT '#3B82F6'::text,
    progress integer DEFAULT 0,
    company_id text,
    client_id text,
    project_ref_id bigint,
    status text DEFAULT 'active'::text,
    created_at timestamp(3) without time zone DEFAULT CURRENT_TIMESTAMP NOT NULL,
    updated_at timestamp(3) without time zone NOT NULL
);


ALTER TABLE public.gantt_projects OWNER TO waterexpress_user;

--
-- Name: gantt_staff; Type: TABLE; Schema: public; Owner: waterexpress_user
--

CREATE TABLE public.gantt_staff (
    id text NOT NULL,
    name text NOT NULL,
    email text,
    color text DEFAULT '#3B82F6'::text,
    company_id text,
    created_at timestamp(3) without time zone DEFAULT CURRENT_TIMESTAMP NOT NULL,
    updated_at timestamp(3) without time zone NOT NULL
);


ALTER TABLE public.gantt_staff OWNER TO waterexpress_user;

--
-- Name: gantt_subs; Type: TABLE; Schema: public; Owner: waterexpress_user
--

CREATE TABLE public.gantt_subs (
    id text NOT NULL,
    name text NOT NULL,
    email text,
    color text DEFAULT '#8B5CF6'::text,
    company_id text,
    created_at timestamp(3) without time zone DEFAULT CURRENT_TIMESTAMP NOT NULL,
    updated_at timestamp(3) without time zone NOT NULL
);


ALTER TABLE public.gantt_subs OWNER TO waterexpress_user;

--
-- Name: helpdesk_categories; Type: TABLE; Schema: public; Owner: waterexpress_user
--

CREATE TABLE public.helpdesk_categories (
    id bigint NOT NULL,
    name text NOT NULL,
    description text,
    color text DEFAULT '#3B82F6'::text NOT NULL,
    is_active boolean DEFAULT true NOT NULL,
    creator_id bigint,
    created_by bigint,
    created_at timestamp(3) without time zone DEFAULT CURRENT_TIMESTAMP NOT NULL,
    updated_at timestamp(3) without time zone
);


ALTER TABLE public.helpdesk_categories OWNER TO waterexpress_user;

--
-- Name: helpdesk_replies; Type: TABLE; Schema: public; Owner: waterexpress_user
--

CREATE TABLE public.helpdesk_replies (
    id bigint NOT NULL,
    ticket_id bigint NOT NULL,
    message text NOT NULL,
    attachments jsonb,
    is_internal boolean DEFAULT false NOT NULL,
    created_by bigint,
    created_at timestamp(3) without time zone DEFAULT CURRENT_TIMESTAMP NOT NULL,
    updated_at timestamp(3) without time zone
);


ALTER TABLE public.helpdesk_replies OWNER TO waterexpress_user;

--
-- Name: helpdesk_tickets; Type: TABLE; Schema: public; Owner: waterexpress_user
--

CREATE TABLE public.helpdesk_tickets (
    id bigint NOT NULL,
    ticket_id text NOT NULL,
    title text NOT NULL,
    description text NOT NULL,
    status text DEFAULT 'open'::text NOT NULL,
    priority text DEFAULT 'medium'::text NOT NULL,
    category_id bigint,
    created_by bigint,
    resolved_at timestamp(3) without time zone,
    created_at timestamp(3) without time zone DEFAULT CURRENT_TIMESTAMP NOT NULL,
    updated_at timestamp(3) without time zone
);


ALTER TABLE public.helpdesk_tickets OWNER TO waterexpress_user;

--
-- Name: hrm_acknowledgments; Type: TABLE; Schema: public; Owner: waterexpress_user
--

CREATE TABLE public.hrm_acknowledgments (
    id bigint NOT NULL,
    employee_id bigint NOT NULL,
    policy_title text NOT NULL,
    acknowledged_at date NOT NULL,
    notes text,
    created_by bigint,
    created_at timestamp(3) without time zone DEFAULT CURRENT_TIMESTAMP NOT NULL,
    updated_at timestamp(3) without time zone
);


ALTER TABLE public.hrm_acknowledgments OWNER TO waterexpress_user;

--
-- Name: hrm_acknowledgments_id_seq; Type: SEQUENCE; Schema: public; Owner: waterexpress_user
--

CREATE SEQUENCE public.hrm_acknowledgments_id_seq
    START WITH 1
    INCREMENT BY 1
    NO MINVALUE
    NO MAXVALUE
    CACHE 1;


ALTER SEQUENCE public.hrm_acknowledgments_id_seq OWNER TO waterexpress_user;

--
-- Name: hrm_acknowledgments_id_seq; Type: SEQUENCE OWNED BY; Schema: public; Owner: waterexpress_user
--

ALTER SEQUENCE public.hrm_acknowledgments_id_seq OWNED BY public.hrm_acknowledgments.id;


--
-- Name: hrm_announcements; Type: TABLE; Schema: public; Owner: waterexpress_user
--

CREATE TABLE public.hrm_announcements (
    id bigint NOT NULL,
    title text NOT NULL,
    body text,
    starts_at timestamp(3) without time zone,
    ends_at timestamp(3) without time zone,
    is_active boolean DEFAULT true NOT NULL,
    created_by bigint,
    created_at timestamp(3) without time zone DEFAULT CURRENT_TIMESTAMP NOT NULL,
    updated_at timestamp(3) without time zone
);


ALTER TABLE public.hrm_announcements OWNER TO waterexpress_user;

--
-- Name: hrm_announcements_id_seq; Type: SEQUENCE; Schema: public; Owner: waterexpress_user
--

CREATE SEQUENCE public.hrm_announcements_id_seq
    START WITH 1
    INCREMENT BY 1
    NO MINVALUE
    NO MAXVALUE
    CACHE 1;


ALTER SEQUENCE public.hrm_announcements_id_seq OWNER TO waterexpress_user;

--
-- Name: hrm_announcements_id_seq; Type: SEQUENCE OWNED BY; Schema: public; Owner: waterexpress_user
--

ALTER SEQUENCE public.hrm_announcements_id_seq OWNED BY public.hrm_announcements.id;


--
-- Name: hrm_attendances; Type: TABLE; Schema: public; Owner: waterexpress_user
--

CREATE TABLE public.hrm_attendances (
    id bigint NOT NULL,
    employee_id bigint NOT NULL,
    date date NOT NULL,
    clock_in text,
    clock_out text,
    work_hours numeric(5,2),
    status text DEFAULT 'present'::text NOT NULL,
    note text,
    created_by bigint,
    created_at timestamp(3) without time zone DEFAULT CURRENT_TIMESTAMP NOT NULL,
    updated_at timestamp(3) without time zone
);


ALTER TABLE public.hrm_attendances OWNER TO waterexpress_user;

--
-- Name: hrm_attendances_id_seq; Type: SEQUENCE; Schema: public; Owner: waterexpress_user
--

CREATE SEQUENCE public.hrm_attendances_id_seq
    START WITH 1
    INCREMENT BY 1
    NO MINVALUE
    NO MAXVALUE
    CACHE 1;


ALTER SEQUENCE public.hrm_attendances_id_seq OWNER TO waterexpress_user;

--
-- Name: hrm_attendances_id_seq; Type: SEQUENCE OWNED BY; Schema: public; Owner: waterexpress_user
--

ALTER SEQUENCE public.hrm_attendances_id_seq OWNED BY public.hrm_attendances.id;


--
-- Name: hrm_award_types; Type: TABLE; Schema: public; Owner: waterexpress_user
--

CREATE TABLE public.hrm_award_types (
    id bigint NOT NULL,
    name text NOT NULL,
    description text,
    created_by bigint,
    created_at timestamp(3) without time zone DEFAULT CURRENT_TIMESTAMP NOT NULL,
    updated_at timestamp(3) without time zone
);


ALTER TABLE public.hrm_award_types OWNER TO waterexpress_user;

--
-- Name: hrm_award_types_id_seq; Type: SEQUENCE; Schema: public; Owner: waterexpress_user
--

CREATE SEQUENCE public.hrm_award_types_id_seq
    START WITH 1
    INCREMENT BY 1
    NO MINVALUE
    NO MAXVALUE
    CACHE 1;


ALTER SEQUENCE public.hrm_award_types_id_seq OWNER TO waterexpress_user;

--
-- Name: hrm_award_types_id_seq; Type: SEQUENCE OWNED BY; Schema: public; Owner: waterexpress_user
--

ALTER SEQUENCE public.hrm_award_types_id_seq OWNED BY public.hrm_award_types.id;


--
-- Name: hrm_awards; Type: TABLE; Schema: public; Owner: waterexpress_user
--

CREATE TABLE public.hrm_awards (
    id bigint NOT NULL,
    employee_id bigint NOT NULL,
    award_type_id bigint NOT NULL,
    award_name text NOT NULL,
    date date NOT NULL,
    gift text,
    cash_price numeric(15,2),
    description text,
    created_by bigint,
    created_at timestamp(3) without time zone DEFAULT CURRENT_TIMESTAMP NOT NULL,
    updated_at timestamp(3) without time zone
);


ALTER TABLE public.hrm_awards OWNER TO waterexpress_user;

--
-- Name: hrm_awards_id_seq; Type: SEQUENCE; Schema: public; Owner: waterexpress_user
--

CREATE SEQUENCE public.hrm_awards_id_seq
    START WITH 1
    INCREMENT BY 1
    NO MINVALUE
    NO MAXVALUE
    CACHE 1;


ALTER SEQUENCE public.hrm_awards_id_seq OWNER TO waterexpress_user;

--
-- Name: hrm_awards_id_seq; Type: SEQUENCE OWNED BY; Schema: public; Owner: waterexpress_user
--

ALTER SEQUENCE public.hrm_awards_id_seq OWNED BY public.hrm_awards.id;


--
-- Name: hrm_branches; Type: TABLE; Schema: public; Owner: waterexpress_user
--

CREATE TABLE public.hrm_branches (
    id bigint NOT NULL,
    name text NOT NULL,
    description text,
    phone text,
    email text,
    address text,
    city text,
    country text,
    is_active boolean DEFAULT true NOT NULL,
    created_by bigint,
    created_at timestamp(3) without time zone DEFAULT CURRENT_TIMESTAMP NOT NULL,
    updated_at timestamp(3) without time zone
);


ALTER TABLE public.hrm_branches OWNER TO waterexpress_user;

--
-- Name: hrm_branches_id_seq; Type: SEQUENCE; Schema: public; Owner: waterexpress_user
--

CREATE SEQUENCE public.hrm_branches_id_seq
    START WITH 1
    INCREMENT BY 1
    NO MINVALUE
    NO MAXVALUE
    CACHE 1;


ALTER SEQUENCE public.hrm_branches_id_seq OWNER TO waterexpress_user;

--
-- Name: hrm_branches_id_seq; Type: SEQUENCE OWNED BY; Schema: public; Owner: waterexpress_user
--

ALTER SEQUENCE public.hrm_branches_id_seq OWNED BY public.hrm_branches.id;


--
-- Name: hrm_complaints; Type: TABLE; Schema: public; Owner: waterexpress_user
--

CREATE TABLE public.hrm_complaints (
    id bigint NOT NULL,
    complainant_id bigint NOT NULL,
    against_id bigint NOT NULL,
    subject text NOT NULL,
    description text,
    date date NOT NULL,
    status text DEFAULT 'pending'::text NOT NULL,
    created_by bigint,
    created_at timestamp(3) without time zone DEFAULT CURRENT_TIMESTAMP NOT NULL,
    updated_at timestamp(3) without time zone
);


ALTER TABLE public.hrm_complaints OWNER TO waterexpress_user;

--
-- Name: hrm_complaints_id_seq; Type: SEQUENCE; Schema: public; Owner: waterexpress_user
--

CREATE SEQUENCE public.hrm_complaints_id_seq
    START WITH 1
    INCREMENT BY 1
    NO MINVALUE
    NO MAXVALUE
    CACHE 1;


ALTER SEQUENCE public.hrm_complaints_id_seq OWNER TO waterexpress_user;

--
-- Name: hrm_complaints_id_seq; Type: SEQUENCE OWNED BY; Schema: public; Owner: waterexpress_user
--

ALTER SEQUENCE public.hrm_complaints_id_seq OWNED BY public.hrm_complaints.id;


--
-- Name: hrm_departments; Type: TABLE; Schema: public; Owner: waterexpress_user
--

CREATE TABLE public.hrm_departments (
    id bigint NOT NULL,
    name text NOT NULL,
    description text,
    branch_id bigint,
    is_active boolean DEFAULT true NOT NULL,
    created_by bigint,
    created_at timestamp(3) without time zone DEFAULT CURRENT_TIMESTAMP NOT NULL,
    updated_at timestamp(3) without time zone
);


ALTER TABLE public.hrm_departments OWNER TO waterexpress_user;

--
-- Name: hrm_departments_id_seq; Type: SEQUENCE; Schema: public; Owner: waterexpress_user
--

CREATE SEQUENCE public.hrm_departments_id_seq
    START WITH 1
    INCREMENT BY 1
    NO MINVALUE
    NO MAXVALUE
    CACHE 1;


ALTER SEQUENCE public.hrm_departments_id_seq OWNER TO waterexpress_user;

--
-- Name: hrm_departments_id_seq; Type: SEQUENCE OWNED BY; Schema: public; Owner: waterexpress_user
--

ALTER SEQUENCE public.hrm_departments_id_seq OWNED BY public.hrm_departments.id;


--
-- Name: hrm_designations; Type: TABLE; Schema: public; Owner: waterexpress_user
--

CREATE TABLE public.hrm_designations (
    id bigint NOT NULL,
    name text NOT NULL,
    description text,
    department_id bigint,
    is_active boolean DEFAULT true NOT NULL,
    created_by bigint,
    created_at timestamp(3) without time zone DEFAULT CURRENT_TIMESTAMP NOT NULL,
    updated_at timestamp(3) without time zone
);


ALTER TABLE public.hrm_designations OWNER TO waterexpress_user;

--
-- Name: hrm_designations_id_seq; Type: SEQUENCE; Schema: public; Owner: waterexpress_user
--

CREATE SEQUENCE public.hrm_designations_id_seq
    START WITH 1
    INCREMENT BY 1
    NO MINVALUE
    NO MAXVALUE
    CACHE 1;


ALTER SEQUENCE public.hrm_designations_id_seq OWNER TO waterexpress_user;

--
-- Name: hrm_designations_id_seq; Type: SEQUENCE OWNED BY; Schema: public; Owner: waterexpress_user
--

ALTER SEQUENCE public.hrm_designations_id_seq OWNED BY public.hrm_designations.id;


--
-- Name: hrm_documents; Type: TABLE; Schema: public; Owner: waterexpress_user
--

CREATE TABLE public.hrm_documents (
    id bigint NOT NULL,
    employee_id bigint NOT NULL,
    document_type text,
    title text NOT NULL,
    description text,
    file_path text,
    expiry_date date,
    created_by bigint,
    created_at timestamp(3) without time zone DEFAULT CURRENT_TIMESTAMP NOT NULL,
    updated_at timestamp(3) without time zone
);


ALTER TABLE public.hrm_documents OWNER TO waterexpress_user;

--
-- Name: hrm_documents_id_seq; Type: SEQUENCE; Schema: public; Owner: waterexpress_user
--

CREATE SEQUENCE public.hrm_documents_id_seq
    START WITH 1
    INCREMENT BY 1
    NO MINVALUE
    NO MAXVALUE
    CACHE 1;


ALTER SEQUENCE public.hrm_documents_id_seq OWNER TO waterexpress_user;

--
-- Name: hrm_documents_id_seq; Type: SEQUENCE OWNED BY; Schema: public; Owner: waterexpress_user
--

ALTER SEQUENCE public.hrm_documents_id_seq OWNED BY public.hrm_documents.id;


--
-- Name: hrm_employees; Type: TABLE; Schema: public; Owner: waterexpress_user
--

CREATE TABLE public.hrm_employees (
    id bigint NOT NULL,
    employee_id text,
    first_name text NOT NULL,
    last_name text,
    email text,
    phone text,
    gender text,
    date_of_birth date,
    address text,
    city text,
    country text,
    department_id bigint,
    designation_id bigint,
    branch_id bigint,
    shift_id bigint,
    manager_id bigint,
    status text DEFAULT 'active'::text NOT NULL,
    employee_type text,
    work_type text,
    joining_date date,
    leaving_date date,
    basic_salary numeric(15,2),
    bank_name text,
    bank_account_number text,
    bank_branch_code text,
    emergency_name text,
    emergency_phone text,
    profile_photo text,
    notes text,
    created_by bigint,
    created_at timestamp(3) without time zone DEFAULT CURRENT_TIMESTAMP NOT NULL,
    updated_at timestamp(3) without time zone,
    user_id bigint
);


ALTER TABLE public.hrm_employees OWNER TO waterexpress_user;

--
-- Name: hrm_employees_id_seq; Type: SEQUENCE; Schema: public; Owner: waterexpress_user
--

CREATE SEQUENCE public.hrm_employees_id_seq
    START WITH 1
    INCREMENT BY 1
    NO MINVALUE
    NO MAXVALUE
    CACHE 1;


ALTER SEQUENCE public.hrm_employees_id_seq OWNER TO waterexpress_user;

--
-- Name: hrm_employees_id_seq; Type: SEQUENCE OWNED BY; Schema: public; Owner: waterexpress_user
--

ALTER SEQUENCE public.hrm_employees_id_seq OWNED BY public.hrm_employees.id;


--
-- Name: hrm_events; Type: TABLE; Schema: public; Owner: waterexpress_user
--

CREATE TABLE public.hrm_events (
    id bigint NOT NULL,
    title text NOT NULL,
    description text,
    start_at timestamp(3) without time zone NOT NULL,
    end_at timestamp(3) without time zone,
    location text,
    is_active boolean DEFAULT true NOT NULL,
    created_by bigint,
    created_at timestamp(3) without time zone DEFAULT CURRENT_TIMESTAMP NOT NULL,
    updated_at timestamp(3) without time zone
);


ALTER TABLE public.hrm_events OWNER TO waterexpress_user;

--
-- Name: hrm_events_id_seq; Type: SEQUENCE; Schema: public; Owner: waterexpress_user
--

CREATE SEQUENCE public.hrm_events_id_seq
    START WITH 1
    INCREMENT BY 1
    NO MINVALUE
    NO MAXVALUE
    CACHE 1;


ALTER SEQUENCE public.hrm_events_id_seq OWNER TO waterexpress_user;

--
-- Name: hrm_events_id_seq; Type: SEQUENCE OWNED BY; Schema: public; Owner: waterexpress_user
--

ALTER SEQUENCE public.hrm_events_id_seq OWNED BY public.hrm_events.id;


--
-- Name: hrm_holidays; Type: TABLE; Schema: public; Owner: waterexpress_user
--

CREATE TABLE public.hrm_holidays (
    id bigint NOT NULL,
    name text NOT NULL,
    date date NOT NULL,
    description text,
    is_active boolean DEFAULT true NOT NULL,
    created_by bigint,
    created_at timestamp(3) without time zone DEFAULT CURRENT_TIMESTAMP NOT NULL,
    updated_at timestamp(3) without time zone
);


ALTER TABLE public.hrm_holidays OWNER TO waterexpress_user;

--
-- Name: hrm_holidays_id_seq; Type: SEQUENCE; Schema: public; Owner: waterexpress_user
--

CREATE SEQUENCE public.hrm_holidays_id_seq
    START WITH 1
    INCREMENT BY 1
    NO MINVALUE
    NO MAXVALUE
    CACHE 1;


ALTER SEQUENCE public.hrm_holidays_id_seq OWNER TO waterexpress_user;

--
-- Name: hrm_holidays_id_seq; Type: SEQUENCE OWNED BY; Schema: public; Owner: waterexpress_user
--

ALTER SEQUENCE public.hrm_holidays_id_seq OWNED BY public.hrm_holidays.id;


--
-- Name: hrm_leave_applications; Type: TABLE; Schema: public; Owner: waterexpress_user
--

CREATE TABLE public.hrm_leave_applications (
    id bigint NOT NULL,
    employee_id bigint NOT NULL,
    leave_type_id bigint NOT NULL,
    start_date date NOT NULL,
    end_date date NOT NULL,
    total_days numeric(5,1) DEFAULT 0 NOT NULL,
    reason text,
    status text DEFAULT 'pending'::text NOT NULL,
    approved_by_id bigint,
    approved_at timestamp(3) without time zone,
    created_by bigint,
    created_at timestamp(3) without time zone DEFAULT CURRENT_TIMESTAMP NOT NULL,
    updated_at timestamp(3) without time zone
);


ALTER TABLE public.hrm_leave_applications OWNER TO waterexpress_user;

--
-- Name: hrm_leave_applications_id_seq; Type: SEQUENCE; Schema: public; Owner: waterexpress_user
--

CREATE SEQUENCE public.hrm_leave_applications_id_seq
    START WITH 1
    INCREMENT BY 1
    NO MINVALUE
    NO MAXVALUE
    CACHE 1;


ALTER SEQUENCE public.hrm_leave_applications_id_seq OWNER TO waterexpress_user;

--
-- Name: hrm_leave_applications_id_seq; Type: SEQUENCE OWNED BY; Schema: public; Owner: waterexpress_user
--

ALTER SEQUENCE public.hrm_leave_applications_id_seq OWNED BY public.hrm_leave_applications.id;


--
-- Name: hrm_leave_types; Type: TABLE; Schema: public; Owner: waterexpress_user
--

CREATE TABLE public.hrm_leave_types (
    id bigint NOT NULL,
    name text NOT NULL,
    days_allowed integer DEFAULT 0 NOT NULL,
    leave_code text,
    is_active boolean DEFAULT true NOT NULL,
    created_by bigint,
    created_at timestamp(3) without time zone DEFAULT CURRENT_TIMESTAMP NOT NULL,
    updated_at timestamp(3) without time zone
);


ALTER TABLE public.hrm_leave_types OWNER TO waterexpress_user;

--
-- Name: hrm_leave_types_id_seq; Type: SEQUENCE; Schema: public; Owner: waterexpress_user
--

CREATE SEQUENCE public.hrm_leave_types_id_seq
    START WITH 1
    INCREMENT BY 1
    NO MINVALUE
    NO MAXVALUE
    CACHE 1;


ALTER SEQUENCE public.hrm_leave_types_id_seq OWNER TO waterexpress_user;

--
-- Name: hrm_leave_types_id_seq; Type: SEQUENCE OWNED BY; Schema: public; Owner: waterexpress_user
--

ALTER SEQUENCE public.hrm_leave_types_id_seq OWNED BY public.hrm_leave_types.id;


--
-- Name: hrm_payrolls; Type: TABLE; Schema: public; Owner: waterexpress_user
--

CREATE TABLE public.hrm_payrolls (
    id bigint NOT NULL,
    employee_id bigint NOT NULL,
    month integer NOT NULL,
    year integer NOT NULL,
    basic_salary numeric(15,2) DEFAULT 0 NOT NULL,
    allowances numeric(15,2) DEFAULT 0 NOT NULL,
    overtime numeric(15,2) DEFAULT 0 NOT NULL,
    bonus numeric(15,2) DEFAULT 0 NOT NULL,
    deductions numeric(15,2) DEFAULT 0 NOT NULL,
    tax numeric(15,2) DEFAULT 0 NOT NULL,
    net_salary numeric(15,2) DEFAULT 0 NOT NULL,
    status text DEFAULT 'pending'::text NOT NULL,
    payment_date date,
    payment_method text,
    notes text,
    created_by bigint,
    created_at timestamp(3) without time zone DEFAULT CURRENT_TIMESTAMP NOT NULL,
    updated_at timestamp(3) without time zone
);


ALTER TABLE public.hrm_payrolls OWNER TO waterexpress_user;

--
-- Name: hrm_payrolls_id_seq; Type: SEQUENCE; Schema: public; Owner: waterexpress_user
--

CREATE SEQUENCE public.hrm_payrolls_id_seq
    START WITH 1
    INCREMENT BY 1
    NO MINVALUE
    NO MAXVALUE
    CACHE 1;


ALTER SEQUENCE public.hrm_payrolls_id_seq OWNER TO waterexpress_user;

--
-- Name: hrm_payrolls_id_seq; Type: SEQUENCE OWNED BY; Schema: public; Owner: waterexpress_user
--

ALTER SEQUENCE public.hrm_payrolls_id_seq OWNED BY public.hrm_payrolls.id;


--
-- Name: hrm_promotions; Type: TABLE; Schema: public; Owner: waterexpress_user
--

CREATE TABLE public.hrm_promotions (
    id bigint NOT NULL,
    employee_id bigint NOT NULL,
    from_designation_id bigint,
    to_designation_id bigint,
    date date NOT NULL,
    description text,
    created_by bigint,
    created_at timestamp(3) without time zone DEFAULT CURRENT_TIMESTAMP NOT NULL,
    updated_at timestamp(3) without time zone
);


ALTER TABLE public.hrm_promotions OWNER TO waterexpress_user;

--
-- Name: hrm_promotions_id_seq; Type: SEQUENCE; Schema: public; Owner: waterexpress_user
--

CREATE SEQUENCE public.hrm_promotions_id_seq
    START WITH 1
    INCREMENT BY 1
    NO MINVALUE
    NO MAXVALUE
    CACHE 1;


ALTER SEQUENCE public.hrm_promotions_id_seq OWNER TO waterexpress_user;

--
-- Name: hrm_promotions_id_seq; Type: SEQUENCE OWNED BY; Schema: public; Owner: waterexpress_user
--

ALTER SEQUENCE public.hrm_promotions_id_seq OWNED BY public.hrm_promotions.id;


--
-- Name: hrm_resignations; Type: TABLE; Schema: public; Owner: waterexpress_user
--

CREATE TABLE public.hrm_resignations (
    id bigint NOT NULL,
    employee_id bigint NOT NULL,
    notice_date date,
    resignation_date date,
    reason text,
    status text DEFAULT 'pending'::text NOT NULL,
    created_by bigint,
    created_at timestamp(3) without time zone DEFAULT CURRENT_TIMESTAMP NOT NULL,
    updated_at timestamp(3) without time zone
);


ALTER TABLE public.hrm_resignations OWNER TO waterexpress_user;

--
-- Name: hrm_resignations_id_seq; Type: SEQUENCE; Schema: public; Owner: waterexpress_user
--

CREATE SEQUENCE public.hrm_resignations_id_seq
    START WITH 1
    INCREMENT BY 1
    NO MINVALUE
    NO MAXVALUE
    CACHE 1;


ALTER SEQUENCE public.hrm_resignations_id_seq OWNER TO waterexpress_user;

--
-- Name: hrm_resignations_id_seq; Type: SEQUENCE OWNED BY; Schema: public; Owner: waterexpress_user
--

ALTER SEQUENCE public.hrm_resignations_id_seq OWNED BY public.hrm_resignations.id;


--
-- Name: hrm_salary_allocations; Type: TABLE; Schema: public; Owner: waterexpress_user
--

CREATE TABLE public.hrm_salary_allocations (
    id bigint NOT NULL,
    employee_id bigint NOT NULL,
    basic_salary numeric(15,2) DEFAULT 0 NOT NULL,
    allowances jsonb,
    deductions jsonb,
    net_salary numeric(15,2) DEFAULT 0 NOT NULL,
    effective_date date,
    created_by bigint,
    created_at timestamp(3) without time zone DEFAULT CURRENT_TIMESTAMP NOT NULL,
    updated_at timestamp(3) without time zone
);


ALTER TABLE public.hrm_salary_allocations OWNER TO waterexpress_user;

--
-- Name: hrm_salary_allocations_id_seq; Type: SEQUENCE; Schema: public; Owner: waterexpress_user
--

CREATE SEQUENCE public.hrm_salary_allocations_id_seq
    START WITH 1
    INCREMENT BY 1
    NO MINVALUE
    NO MAXVALUE
    CACHE 1;


ALTER SEQUENCE public.hrm_salary_allocations_id_seq OWNER TO waterexpress_user;

--
-- Name: hrm_salary_allocations_id_seq; Type: SEQUENCE OWNED BY; Schema: public; Owner: waterexpress_user
--

ALTER SEQUENCE public.hrm_salary_allocations_id_seq OWNED BY public.hrm_salary_allocations.id;


--
-- Name: hrm_shifts; Type: TABLE; Schema: public; Owner: waterexpress_user
--

CREATE TABLE public.hrm_shifts (
    id bigint NOT NULL,
    name text NOT NULL,
    start_time text NOT NULL,
    end_time text NOT NULL,
    break_minutes integer DEFAULT 0 NOT NULL,
    is_active boolean DEFAULT true NOT NULL,
    created_by bigint,
    created_at timestamp(3) without time zone DEFAULT CURRENT_TIMESTAMP NOT NULL,
    updated_at timestamp(3) without time zone
);


ALTER TABLE public.hrm_shifts OWNER TO waterexpress_user;

--
-- Name: hrm_shifts_id_seq; Type: SEQUENCE; Schema: public; Owner: waterexpress_user
--

CREATE SEQUENCE public.hrm_shifts_id_seq
    START WITH 1
    INCREMENT BY 1
    NO MINVALUE
    NO MAXVALUE
    CACHE 1;


ALTER SEQUENCE public.hrm_shifts_id_seq OWNER TO waterexpress_user;

--
-- Name: hrm_shifts_id_seq; Type: SEQUENCE OWNED BY; Schema: public; Owner: waterexpress_user
--

ALTER SEQUENCE public.hrm_shifts_id_seq OWNED BY public.hrm_shifts.id;


--
-- Name: hrm_terminations; Type: TABLE; Schema: public; Owner: waterexpress_user
--

CREATE TABLE public.hrm_terminations (
    id bigint NOT NULL,
    employee_id bigint NOT NULL,
    termination_type text,
    notice_date date,
    termination_date date,
    reason text,
    created_by bigint,
    created_at timestamp(3) without time zone DEFAULT CURRENT_TIMESTAMP NOT NULL,
    updated_at timestamp(3) without time zone
);


ALTER TABLE public.hrm_terminations OWNER TO waterexpress_user;

--
-- Name: hrm_terminations_id_seq; Type: SEQUENCE; Schema: public; Owner: waterexpress_user
--

CREATE SEQUENCE public.hrm_terminations_id_seq
    START WITH 1
    INCREMENT BY 1
    NO MINVALUE
    NO MAXVALUE
    CACHE 1;


ALTER SEQUENCE public.hrm_terminations_id_seq OWNER TO waterexpress_user;

--
-- Name: hrm_terminations_id_seq; Type: SEQUENCE OWNED BY; Schema: public; Owner: waterexpress_user
--

ALTER SEQUENCE public.hrm_terminations_id_seq OWNED BY public.hrm_terminations.id;


--
-- Name: hrm_transfers; Type: TABLE; Schema: public; Owner: waterexpress_user
--

CREATE TABLE public.hrm_transfers (
    id bigint NOT NULL,
    employee_id bigint NOT NULL,
    from_department_id bigint,
    to_department_id bigint,
    from_branch_id bigint,
    to_branch_id bigint,
    transfer_date date NOT NULL,
    description text,
    created_by bigint,
    created_at timestamp(3) without time zone DEFAULT CURRENT_TIMESTAMP NOT NULL,
    updated_at timestamp(3) without time zone
);


ALTER TABLE public.hrm_transfers OWNER TO waterexpress_user;

--
-- Name: hrm_transfers_id_seq; Type: SEQUENCE; Schema: public; Owner: waterexpress_user
--

CREATE SEQUENCE public.hrm_transfers_id_seq
    START WITH 1
    INCREMENT BY 1
    NO MINVALUE
    NO MAXVALUE
    CACHE 1;


ALTER SEQUENCE public.hrm_transfers_id_seq OWNER TO waterexpress_user;

--
-- Name: hrm_transfers_id_seq; Type: SEQUENCE OWNED BY; Schema: public; Owner: waterexpress_user
--

ALTER SEQUENCE public.hrm_transfers_id_seq OWNED BY public.hrm_transfers.id;


--
-- Name: hrm_warnings; Type: TABLE; Schema: public; Owner: waterexpress_user
--

CREATE TABLE public.hrm_warnings (
    id bigint NOT NULL,
    employee_id bigint NOT NULL,
    subject text NOT NULL,
    warning_date date NOT NULL,
    description text,
    created_by bigint,
    created_at timestamp(3) without time zone DEFAULT CURRENT_TIMESTAMP NOT NULL,
    updated_at timestamp(3) without time zone
);


ALTER TABLE public.hrm_warnings OWNER TO waterexpress_user;

--
-- Name: hrm_warnings_id_seq; Type: SEQUENCE; Schema: public; Owner: waterexpress_user
--

CREATE SEQUENCE public.hrm_warnings_id_seq
    START WITH 1
    INCREMENT BY 1
    NO MINVALUE
    NO MAXVALUE
    CACHE 1;


ALTER SEQUENCE public.hrm_warnings_id_seq OWNER TO waterexpress_user;

--
-- Name: hrm_warnings_id_seq; Type: SEQUENCE OWNED BY; Schema: public; Owner: waterexpress_user
--

ALTER SEQUENCE public.hrm_warnings_id_seq OWNED BY public.hrm_warnings.id;


--
-- Name: interview_feedbacks; Type: TABLE; Schema: public; Owner: waterexpress_user
--

CREATE TABLE public.interview_feedbacks (
    id bigint NOT NULL,
    technical_rating integer,
    communication_rating integer,
    cultural_fit_rating integer,
    overall_rating integer,
    strengths text,
    improvements text,
    notes text,
    recommendation text,
    interview_id bigint,
    evaluator_id bigint,
    creator_id bigint,
    created_by bigint,
    created_at timestamp(3) without time zone DEFAULT CURRENT_TIMESTAMP NOT NULL,
    updated_at timestamp(3) without time zone
);


ALTER TABLE public.interview_feedbacks OWNER TO waterexpress_user;

--
-- Name: interview_feedbacks_id_seq; Type: SEQUENCE; Schema: public; Owner: waterexpress_user
--

CREATE SEQUENCE public.interview_feedbacks_id_seq
    START WITH 1
    INCREMENT BY 1
    NO MINVALUE
    NO MAXVALUE
    CACHE 1;


ALTER SEQUENCE public.interview_feedbacks_id_seq OWNER TO waterexpress_user;

--
-- Name: interview_feedbacks_id_seq; Type: SEQUENCE OWNED BY; Schema: public; Owner: waterexpress_user
--

ALTER SEQUENCE public.interview_feedbacks_id_seq OWNED BY public.interview_feedbacks.id;


--
-- Name: interview_rounds; Type: TABLE; Schema: public; Owner: waterexpress_user
--

CREATE TABLE public.interview_rounds (
    id bigint NOT NULL,
    name text NOT NULL,
    sequence_number integer,
    description text,
    status text DEFAULT '0'::text NOT NULL,
    job_id bigint,
    creator_id bigint,
    created_by bigint,
    created_at timestamp(3) without time zone DEFAULT CURRENT_TIMESTAMP NOT NULL,
    updated_at timestamp(3) without time zone
);


ALTER TABLE public.interview_rounds OWNER TO waterexpress_user;

--
-- Name: interview_rounds_id_seq; Type: SEQUENCE; Schema: public; Owner: waterexpress_user
--

CREATE SEQUENCE public.interview_rounds_id_seq
    START WITH 1
    INCREMENT BY 1
    NO MINVALUE
    NO MAXVALUE
    CACHE 1;


ALTER SEQUENCE public.interview_rounds_id_seq OWNER TO waterexpress_user;

--
-- Name: interview_rounds_id_seq; Type: SEQUENCE OWNED BY; Schema: public; Owner: waterexpress_user
--

ALTER SEQUENCE public.interview_rounds_id_seq OWNED BY public.interview_rounds.id;


--
-- Name: interview_types; Type: TABLE; Schema: public; Owner: waterexpress_user
--

CREATE TABLE public.interview_types (
    id bigint NOT NULL,
    name text NOT NULL,
    description text,
    is_active boolean DEFAULT false NOT NULL,
    creator_id bigint,
    created_by bigint,
    created_at timestamp(3) without time zone DEFAULT CURRENT_TIMESTAMP NOT NULL,
    updated_at timestamp(3) without time zone
);


ALTER TABLE public.interview_types OWNER TO waterexpress_user;

--
-- Name: interview_types_id_seq; Type: SEQUENCE; Schema: public; Owner: waterexpress_user
--

CREATE SEQUENCE public.interview_types_id_seq
    START WITH 1
    INCREMENT BY 1
    NO MINVALUE
    NO MAXVALUE
    CACHE 1;


ALTER SEQUENCE public.interview_types_id_seq OWNER TO waterexpress_user;

--
-- Name: interview_types_id_seq; Type: SEQUENCE OWNED BY; Schema: public; Owner: waterexpress_user
--

ALTER SEQUENCE public.interview_types_id_seq OWNED BY public.interview_types.id;


--
-- Name: interviews; Type: TABLE; Schema: public; Owner: waterexpress_user
--

CREATE TABLE public.interviews (
    id bigint NOT NULL,
    scheduled_date text NOT NULL,
    scheduled_time text NOT NULL,
    duration integer,
    location text,
    meeting_link text,
    interviewer_ids jsonb,
    status text DEFAULT '0'::text NOT NULL,
    feedback_submitted boolean DEFAULT false NOT NULL,
    candidate_id bigint,
    job_id bigint,
    round_id bigint,
    interview_type_id bigint,
    creator_id bigint,
    created_by bigint,
    created_at timestamp(3) without time zone DEFAULT CURRENT_TIMESTAMP NOT NULL,
    updated_at timestamp(3) without time zone
);


ALTER TABLE public.interviews OWNER TO waterexpress_user;

--
-- Name: interviews_id_seq; Type: SEQUENCE; Schema: public; Owner: waterexpress_user
--

CREATE SEQUENCE public.interviews_id_seq
    START WITH 1
    INCREMENT BY 1
    NO MINVALUE
    NO MAXVALUE
    CACHE 1;


ALTER SEQUENCE public.interviews_id_seq OWNER TO waterexpress_user;

--
-- Name: interviews_id_seq; Type: SEQUENCE OWNED BY; Schema: public; Owner: waterexpress_user
--

ALTER SEQUENCE public.interviews_id_seq OWNED BY public.interviews.id;


--
-- Name: job_locations; Type: TABLE; Schema: public; Owner: waterexpress_user
--

CREATE TABLE public.job_locations (
    id bigint NOT NULL,
    name text NOT NULL,
    remote_work boolean DEFAULT false NOT NULL,
    address text,
    city text,
    state text,
    country text,
    postal_code text,
    status boolean DEFAULT false NOT NULL,
    creator_id bigint,
    created_by bigint,
    created_at timestamp(3) without time zone DEFAULT CURRENT_TIMESTAMP NOT NULL,
    updated_at timestamp(3) without time zone
);


ALTER TABLE public.job_locations OWNER TO waterexpress_user;

--
-- Name: job_locations_id_seq; Type: SEQUENCE; Schema: public; Owner: waterexpress_user
--

CREATE SEQUENCE public.job_locations_id_seq
    START WITH 1
    INCREMENT BY 1
    NO MINVALUE
    NO MAXVALUE
    CACHE 1;


ALTER SEQUENCE public.job_locations_id_seq OWNER TO waterexpress_user;

--
-- Name: job_locations_id_seq; Type: SEQUENCE OWNED BY; Schema: public; Owner: waterexpress_user
--

ALTER SEQUENCE public.job_locations_id_seq OWNED BY public.job_locations.id;


--
-- Name: job_postings; Type: TABLE; Schema: public; Owner: waterexpress_user
--

CREATE TABLE public.job_postings (
    id bigint NOT NULL,
    code text NOT NULL,
    posting_code text NOT NULL,
    title text NOT NULL,
    "position" integer,
    priority text DEFAULT '0'::text NOT NULL,
    min_experience numeric(10,1),
    max_experience numeric(10,1),
    min_salary numeric(10,2),
    max_salary numeric(10,2),
    description text,
    requirements text,
    skills text,
    benefits text,
    terms_condition text,
    show_terms_condition boolean DEFAULT false NOT NULL,
    application_deadline text,
    is_published boolean DEFAULT false NOT NULL,
    publish_date text,
    is_featured boolean DEFAULT false NOT NULL,
    status text DEFAULT '0'::text NOT NULL,
    job_application text DEFAULT 'existing'::text NOT NULL,
    application_url text,
    applicant jsonb,
    visibility jsonb,
    custom_questions jsonb,
    branch_id bigint,
    job_type_id bigint,
    location_id bigint,
    creator_id bigint,
    created_by bigint,
    created_at timestamp(3) without time zone DEFAULT CURRENT_TIMESTAMP NOT NULL,
    updated_at timestamp(3) without time zone
);


ALTER TABLE public.job_postings OWNER TO waterexpress_user;

--
-- Name: job_postings_id_seq; Type: SEQUENCE; Schema: public; Owner: waterexpress_user
--

CREATE SEQUENCE public.job_postings_id_seq
    START WITH 1
    INCREMENT BY 1
    NO MINVALUE
    NO MAXVALUE
    CACHE 1;


ALTER SEQUENCE public.job_postings_id_seq OWNER TO waterexpress_user;

--
-- Name: job_postings_id_seq; Type: SEQUENCE OWNED BY; Schema: public; Owner: waterexpress_user
--

ALTER SEQUENCE public.job_postings_id_seq OWNED BY public.job_postings.id;


--
-- Name: job_types; Type: TABLE; Schema: public; Owner: waterexpress_user
--

CREATE TABLE public.job_types (
    id bigint NOT NULL,
    name text NOT NULL,
    description text,
    is_active boolean DEFAULT false NOT NULL,
    creator_id bigint,
    created_by bigint,
    created_at timestamp(3) without time zone DEFAULT CURRENT_TIMESTAMP NOT NULL,
    updated_at timestamp(3) without time zone
);


ALTER TABLE public.job_types OWNER TO waterexpress_user;

--
-- Name: job_types_id_seq; Type: SEQUENCE; Schema: public; Owner: waterexpress_user
--

CREATE SEQUENCE public.job_types_id_seq
    START WITH 1
    INCREMENT BY 1
    NO MINVALUE
    NO MAXVALUE
    CACHE 1;


ALTER SEQUENCE public.job_types_id_seq OWNER TO waterexpress_user;

--
-- Name: job_types_id_seq; Type: SEQUENCE OWNED BY; Schema: public; Owner: waterexpress_user
--

ALTER SEQUENCE public.job_types_id_seq OWNED BY public.job_types.id;


--
-- Name: landing_page_settings; Type: TABLE; Schema: public; Owner: waterexpress_user
--

CREATE TABLE public.landing_page_settings (
    id bigint NOT NULL,
    company_name text,
    contact_email text,
    contact_phone text,
    contact_address text,
    config_sections jsonb,
    created_at timestamp(3) without time zone DEFAULT CURRENT_TIMESTAMP NOT NULL,
    updated_at timestamp(3) without time zone
);


ALTER TABLE public.landing_page_settings OWNER TO waterexpress_user;

--
-- Name: lms_course_categories; Type: TABLE; Schema: public; Owner: waterexpress_user
--

CREATE TABLE public.lms_course_categories (
    id bigint NOT NULL,
    organization_id bigint NOT NULL,
    name character varying(255) NOT NULL,
    slug character varying(255) NOT NULL,
    description text,
    sort_order integer DEFAULT 0 NOT NULL,
    created_at timestamp(3) without time zone DEFAULT CURRENT_TIMESTAMP NOT NULL,
    updated_at timestamp(3) without time zone
);


ALTER TABLE public.lms_course_categories OWNER TO waterexpress_user;

--
-- Name: lms_course_categories_id_seq; Type: SEQUENCE; Schema: public; Owner: waterexpress_user
--

CREATE SEQUENCE public.lms_course_categories_id_seq
    START WITH 1
    INCREMENT BY 1
    NO MINVALUE
    NO MAXVALUE
    CACHE 1;


ALTER SEQUENCE public.lms_course_categories_id_seq OWNER TO waterexpress_user;

--
-- Name: lms_course_categories_id_seq; Type: SEQUENCE OWNED BY; Schema: public; Owner: waterexpress_user
--

ALTER SEQUENCE public.lms_course_categories_id_seq OWNED BY public.lms_course_categories.id;


--
-- Name: lms_course_instructors; Type: TABLE; Schema: public; Owner: waterexpress_user
--

CREATE TABLE public.lms_course_instructors (
    id bigint NOT NULL,
    organization_id bigint NOT NULL,
    course_id bigint NOT NULL,
    instructor_profile_id bigint NOT NULL,
    role character varying(64),
    is_primary boolean DEFAULT false NOT NULL,
    created_at timestamp(3) without time zone DEFAULT CURRENT_TIMESTAMP NOT NULL,
    commission_percent numeric(5,2)
);


ALTER TABLE public.lms_course_instructors OWNER TO waterexpress_user;

--
-- Name: lms_course_instructors_id_seq; Type: SEQUENCE; Schema: public; Owner: waterexpress_user
--

CREATE SEQUENCE public.lms_course_instructors_id_seq
    START WITH 1
    INCREMENT BY 1
    NO MINVALUE
    NO MAXVALUE
    CACHE 1;


ALTER SEQUENCE public.lms_course_instructors_id_seq OWNER TO waterexpress_user;

--
-- Name: lms_course_instructors_id_seq; Type: SEQUENCE OWNED BY; Schema: public; Owner: waterexpress_user
--

ALTER SEQUENCE public.lms_course_instructors_id_seq OWNED BY public.lms_course_instructors.id;


--
-- Name: lms_course_lessons; Type: TABLE; Schema: public; Owner: waterexpress_user
--

CREATE TABLE public.lms_course_lessons (
    id bigint NOT NULL,
    organization_id bigint NOT NULL,
    course_id bigint NOT NULL,
    section_id bigint NOT NULL,
    title character varying(512) NOT NULL,
    lesson_type public."LmsDeliveryType" NOT NULL,
    body_text text,
    video_url character varying(2048),
    video_metadata jsonb,
    live_starts_at timestamp(3) without time zone,
    live_ends_at timestamp(3) without time zone,
    external_live_url character varying(2048),
    duration_seconds integer,
    sort_order integer DEFAULT 0 NOT NULL,
    is_published boolean DEFAULT false NOT NULL,
    created_at timestamp(3) without time zone DEFAULT CURRENT_TIMESTAMP NOT NULL,
    updated_at timestamp(3) without time zone
);


ALTER TABLE public.lms_course_lessons OWNER TO waterexpress_user;

--
-- Name: lms_course_lessons_id_seq; Type: SEQUENCE; Schema: public; Owner: waterexpress_user
--

CREATE SEQUENCE public.lms_course_lessons_id_seq
    START WITH 1
    INCREMENT BY 1
    NO MINVALUE
    NO MAXVALUE
    CACHE 1;


ALTER SEQUENCE public.lms_course_lessons_id_seq OWNER TO waterexpress_user;

--
-- Name: lms_course_lessons_id_seq; Type: SEQUENCE OWNED BY; Schema: public; Owner: waterexpress_user
--

ALTER SEQUENCE public.lms_course_lessons_id_seq OWNED BY public.lms_course_lessons.id;


--
-- Name: lms_course_revenue_records; Type: TABLE; Schema: public; Owner: waterexpress_user
--

CREATE TABLE public.lms_course_revenue_records (
    id bigint NOT NULL,
    organization_id bigint NOT NULL,
    course_id bigint NOT NULL,
    source public."LmsCourseRevenueSource" NOT NULL,
    gross_amount numeric(15,4) NOT NULL,
    currency character varying(3) DEFAULT 'USD'::character varying NOT NULL,
    storefront_order_id bigint,
    enrollment_id bigint,
    accounting_revenue_id bigint,
    recorded_at timestamp(3) without time zone DEFAULT CURRENT_TIMESTAMP NOT NULL,
    created_at timestamp(3) without time zone DEFAULT CURRENT_TIMESTAMP NOT NULL
);


ALTER TABLE public.lms_course_revenue_records OWNER TO waterexpress_user;

--
-- Name: lms_course_revenue_records_id_seq; Type: SEQUENCE; Schema: public; Owner: waterexpress_user
--

CREATE SEQUENCE public.lms_course_revenue_records_id_seq
    START WITH 1
    INCREMENT BY 1
    NO MINVALUE
    NO MAXVALUE
    CACHE 1;


ALTER SEQUENCE public.lms_course_revenue_records_id_seq OWNER TO waterexpress_user;

--
-- Name: lms_course_revenue_records_id_seq; Type: SEQUENCE OWNED BY; Schema: public; Owner: waterexpress_user
--

ALTER SEQUENCE public.lms_course_revenue_records_id_seq OWNED BY public.lms_course_revenue_records.id;


--
-- Name: lms_course_reviews; Type: TABLE; Schema: public; Owner: waterexpress_user
--

CREATE TABLE public.lms_course_reviews (
    id bigint NOT NULL,
    organization_id bigint NOT NULL,
    course_id bigint NOT NULL,
    student_user_id bigint NOT NULL,
    enrollment_id bigint,
    rating integer NOT NULL,
    body text NOT NULL,
    status public."LmsCourseReviewStatus" DEFAULT 'PENDING'::public."LmsCourseReviewStatus" NOT NULL,
    moderated_by_id bigint,
    moderated_at timestamp(3) without time zone,
    created_at timestamp(3) without time zone DEFAULT CURRENT_TIMESTAMP NOT NULL,
    updated_at timestamp(3) without time zone
);


ALTER TABLE public.lms_course_reviews OWNER TO waterexpress_user;

--
-- Name: lms_course_reviews_id_seq; Type: SEQUENCE; Schema: public; Owner: waterexpress_user
--

CREATE SEQUENCE public.lms_course_reviews_id_seq
    START WITH 1
    INCREMENT BY 1
    NO MINVALUE
    NO MAXVALUE
    CACHE 1;


ALTER SEQUENCE public.lms_course_reviews_id_seq OWNER TO waterexpress_user;

--
-- Name: lms_course_reviews_id_seq; Type: SEQUENCE OWNED BY; Schema: public; Owner: waterexpress_user
--

ALTER SEQUENCE public.lms_course_reviews_id_seq OWNED BY public.lms_course_reviews.id;


--
-- Name: lms_course_sections; Type: TABLE; Schema: public; Owner: waterexpress_user
--

CREATE TABLE public.lms_course_sections (
    id bigint NOT NULL,
    organization_id bigint NOT NULL,
    course_id bigint NOT NULL,
    title character varying(512) NOT NULL,
    description text,
    sort_order integer DEFAULT 0 NOT NULL,
    created_at timestamp(3) without time zone DEFAULT CURRENT_TIMESTAMP NOT NULL,
    updated_at timestamp(3) without time zone
);


ALTER TABLE public.lms_course_sections OWNER TO waterexpress_user;

--
-- Name: lms_course_sections_id_seq; Type: SEQUENCE; Schema: public; Owner: waterexpress_user
--

CREATE SEQUENCE public.lms_course_sections_id_seq
    START WITH 1
    INCREMENT BY 1
    NO MINVALUE
    NO MAXVALUE
    CACHE 1;


ALTER SEQUENCE public.lms_course_sections_id_seq OWNER TO waterexpress_user;

--
-- Name: lms_course_sections_id_seq; Type: SEQUENCE OWNED BY; Schema: public; Owner: waterexpress_user
--

ALTER SEQUENCE public.lms_course_sections_id_seq OWNED BY public.lms_course_sections.id;


--
-- Name: lms_course_tag_on_course; Type: TABLE; Schema: public; Owner: waterexpress_user
--

CREATE TABLE public.lms_course_tag_on_course (
    organization_id bigint NOT NULL,
    course_id bigint NOT NULL,
    tag_id bigint NOT NULL,
    created_at timestamp(3) without time zone DEFAULT CURRENT_TIMESTAMP NOT NULL
);


ALTER TABLE public.lms_course_tag_on_course OWNER TO waterexpress_user;

--
-- Name: lms_course_tags; Type: TABLE; Schema: public; Owner: waterexpress_user
--

CREATE TABLE public.lms_course_tags (
    id bigint NOT NULL,
    organization_id bigint NOT NULL,
    name character varying(255) NOT NULL,
    slug character varying(255) NOT NULL,
    created_at timestamp(3) without time zone DEFAULT CURRENT_TIMESTAMP NOT NULL,
    updated_at timestamp(3) without time zone
);


ALTER TABLE public.lms_course_tags OWNER TO waterexpress_user;

--
-- Name: lms_course_tags_id_seq; Type: SEQUENCE; Schema: public; Owner: waterexpress_user
--

CREATE SEQUENCE public.lms_course_tags_id_seq
    START WITH 1
    INCREMENT BY 1
    NO MINVALUE
    NO MAXVALUE
    CACHE 1;


ALTER SEQUENCE public.lms_course_tags_id_seq OWNER TO waterexpress_user;

--
-- Name: lms_course_tags_id_seq; Type: SEQUENCE OWNED BY; Schema: public; Owner: waterexpress_user
--

ALTER SEQUENCE public.lms_course_tags_id_seq OWNED BY public.lms_course_tags.id;


--
-- Name: lms_courses; Type: TABLE; Schema: public; Owner: waterexpress_user
--

CREATE TABLE public.lms_courses (
    id bigint NOT NULL,
    organization_id bigint NOT NULL,
    category_id bigint,
    title character varying(512) NOT NULL,
    slug character varying(255) NOT NULL,
    description text,
    delivery_type public."LmsDeliveryType" NOT NULL,
    is_public boolean DEFAULT false NOT NULL,
    capacity integer,
    access_starts_at timestamp(3) without time zone,
    access_ends_at timestamp(3) without time zone,
    status public."LmsCourseStatus" DEFAULT 'DRAFT'::public."LmsCourseStatus" NOT NULL,
    created_by_id bigint,
    updated_by_id bigint,
    created_at timestamp(3) without time zone DEFAULT CURRENT_TIMESTAMP NOT NULL,
    updated_at timestamp(3) without time zone,
    cover_image_url character varying(2048),
    sale_price numeric(15,4),
    sale_currency character varying(3) DEFAULT 'USD'::character varying NOT NULL,
    linked_pos_product_id bigint
);


ALTER TABLE public.lms_courses OWNER TO waterexpress_user;

--
-- Name: lms_courses_id_seq; Type: SEQUENCE; Schema: public; Owner: waterexpress_user
--

CREATE SEQUENCE public.lms_courses_id_seq
    START WITH 1
    INCREMENT BY 1
    NO MINVALUE
    NO MAXVALUE
    CACHE 1;


ALTER SEQUENCE public.lms_courses_id_seq OWNER TO waterexpress_user;

--
-- Name: lms_courses_id_seq; Type: SEQUENCE OWNED BY; Schema: public; Owner: waterexpress_user
--

ALTER SEQUENCE public.lms_courses_id_seq OWNED BY public.lms_courses.id;


--
-- Name: lms_enrollments; Type: TABLE; Schema: public; Owner: waterexpress_user
--

CREATE TABLE public.lms_enrollments (
    id bigint NOT NULL,
    organization_id bigint NOT NULL,
    course_id bigint NOT NULL,
    student_user_id bigint NOT NULL,
    instructor_user_id bigint,
    status public."LmsEnrollmentStatus" DEFAULT 'ACTIVE'::public."LmsEnrollmentStatus" NOT NULL,
    enrolled_at timestamp(3) without time zone DEFAULT CURRENT_TIMESTAMP NOT NULL,
    access_starts_at timestamp(3) without time zone,
    access_ends_at timestamp(3) without time zone,
    completed_at timestamp(3) without time zone,
    created_at timestamp(3) without time zone DEFAULT CURRENT_TIMESTAMP NOT NULL,
    updated_at timestamp(3) without time zone,
    storefront_order_id bigint,
    crm_customer_id bigint,
    purchase_kind public."LmsEnrollmentPurchaseKind",
    student_subscription_id bigint
);


ALTER TABLE public.lms_enrollments OWNER TO waterexpress_user;

--
-- Name: lms_enrollments_id_seq; Type: SEQUENCE; Schema: public; Owner: waterexpress_user
--

CREATE SEQUENCE public.lms_enrollments_id_seq
    START WITH 1
    INCREMENT BY 1
    NO MINVALUE
    NO MAXVALUE
    CACHE 1;


ALTER SEQUENCE public.lms_enrollments_id_seq OWNER TO waterexpress_user;

--
-- Name: lms_enrollments_id_seq; Type: SEQUENCE OWNED BY; Schema: public; Owner: waterexpress_user
--

ALTER SEQUENCE public.lms_enrollments_id_seq OWNED BY public.lms_enrollments.id;


--
-- Name: lms_instructor_commissions; Type: TABLE; Schema: public; Owner: waterexpress_user
--

CREATE TABLE public.lms_instructor_commissions (
    id bigint NOT NULL,
    organization_id bigint NOT NULL,
    instructor_profile_id bigint NOT NULL,
    course_id bigint NOT NULL,
    revenue_record_id bigint NOT NULL,
    commission_percent numeric(5,2) NOT NULL,
    commission_amount numeric(15,4) NOT NULL,
    currency character varying(3) DEFAULT 'USD'::character varying NOT NULL,
    status public."LmsInstructorCommissionStatus" DEFAULT 'ACCRUED'::public."LmsInstructorCommissionStatus" NOT NULL,
    accounting_expense_id bigint,
    payout_id bigint,
    created_at timestamp(3) without time zone DEFAULT CURRENT_TIMESTAMP NOT NULL,
    updated_at timestamp(3) without time zone
);


ALTER TABLE public.lms_instructor_commissions OWNER TO waterexpress_user;

--
-- Name: lms_instructor_commissions_id_seq; Type: SEQUENCE; Schema: public; Owner: waterexpress_user
--

CREATE SEQUENCE public.lms_instructor_commissions_id_seq
    START WITH 1
    INCREMENT BY 1
    NO MINVALUE
    NO MAXVALUE
    CACHE 1;


ALTER SEQUENCE public.lms_instructor_commissions_id_seq OWNER TO waterexpress_user;

--
-- Name: lms_instructor_commissions_id_seq; Type: SEQUENCE OWNED BY; Schema: public; Owner: waterexpress_user
--

ALTER SEQUENCE public.lms_instructor_commissions_id_seq OWNED BY public.lms_instructor_commissions.id;


--
-- Name: lms_instructor_payouts; Type: TABLE; Schema: public; Owner: waterexpress_user
--

CREATE TABLE public.lms_instructor_payouts (
    id bigint NOT NULL,
    organization_id bigint NOT NULL,
    instructor_profile_id bigint NOT NULL,
    total_amount numeric(15,4) NOT NULL,
    currency character varying(3) DEFAULT 'USD'::character varying NOT NULL,
    status public."LmsInstructorPayoutStatus" DEFAULT 'DRAFT'::public."LmsInstructorPayoutStatus" NOT NULL,
    period_start timestamp(3) without time zone,
    period_end timestamp(3) without time zone,
    paid_at timestamp(3) without time zone,
    notes text,
    accounting_expense_id bigint,
    created_at timestamp(3) without time zone DEFAULT CURRENT_TIMESTAMP NOT NULL,
    updated_at timestamp(3) without time zone
);


ALTER TABLE public.lms_instructor_payouts OWNER TO waterexpress_user;

--
-- Name: lms_instructor_payouts_id_seq; Type: SEQUENCE; Schema: public; Owner: waterexpress_user
--

CREATE SEQUENCE public.lms_instructor_payouts_id_seq
    START WITH 1
    INCREMENT BY 1
    NO MINVALUE
    NO MAXVALUE
    CACHE 1;


ALTER SEQUENCE public.lms_instructor_payouts_id_seq OWNER TO waterexpress_user;

--
-- Name: lms_instructor_payouts_id_seq; Type: SEQUENCE OWNED BY; Schema: public; Owner: waterexpress_user
--

ALTER SEQUENCE public.lms_instructor_payouts_id_seq OWNED BY public.lms_instructor_payouts.id;


--
-- Name: lms_instructor_profiles; Type: TABLE; Schema: public; Owner: waterexpress_user
--

CREATE TABLE public.lms_instructor_profiles (
    id bigint NOT NULL,
    organization_id bigint NOT NULL,
    user_id bigint NOT NULL,
    display_name character varying(255),
    headline character varying(512),
    bio text,
    is_active boolean DEFAULT true NOT NULL,
    created_at timestamp(3) without time zone DEFAULT CURRENT_TIMESTAMP NOT NULL,
    updated_at timestamp(3) without time zone,
    avatar_url character varying(2048),
    expertise jsonb,
    commission_percent numeric(5,2) DEFAULT 0 NOT NULL
);


ALTER TABLE public.lms_instructor_profiles OWNER TO waterexpress_user;

--
-- Name: lms_instructor_profiles_id_seq; Type: SEQUENCE; Schema: public; Owner: waterexpress_user
--

CREATE SEQUENCE public.lms_instructor_profiles_id_seq
    START WITH 1
    INCREMENT BY 1
    NO MINVALUE
    NO MAXVALUE
    CACHE 1;


ALTER SEQUENCE public.lms_instructor_profiles_id_seq OWNER TO waterexpress_user;

--
-- Name: lms_instructor_profiles_id_seq; Type: SEQUENCE OWNED BY; Schema: public; Owner: waterexpress_user
--

ALTER SEQUENCE public.lms_instructor_profiles_id_seq OWNED BY public.lms_instructor_profiles.id;


--
-- Name: lms_lesson_progress; Type: TABLE; Schema: public; Owner: waterexpress_user
--

CREATE TABLE public.lms_lesson_progress (
    id bigint NOT NULL,
    organization_id bigint NOT NULL,
    enrollment_id bigint NOT NULL,
    lesson_id bigint NOT NULL,
    completed_at timestamp(3) without time zone,
    last_engaged_at timestamp(3) without time zone DEFAULT CURRENT_TIMESTAMP NOT NULL,
    created_at timestamp(3) without time zone DEFAULT CURRENT_TIMESTAMP NOT NULL,
    updated_at timestamp(3) without time zone
);


ALTER TABLE public.lms_lesson_progress OWNER TO waterexpress_user;

--
-- Name: lms_lesson_progress_id_seq; Type: SEQUENCE; Schema: public; Owner: waterexpress_user
--

CREATE SEQUENCE public.lms_lesson_progress_id_seq
    START WITH 1
    INCREMENT BY 1
    NO MINVALUE
    NO MAXVALUE
    CACHE 1;


ALTER SEQUENCE public.lms_lesson_progress_id_seq OWNER TO waterexpress_user;

--
-- Name: lms_lesson_progress_id_seq; Type: SEQUENCE OWNED BY; Schema: public; Owner: waterexpress_user
--

ALTER SEQUENCE public.lms_lesson_progress_id_seq OWNED BY public.lms_lesson_progress.id;


--
-- Name: lms_live_attendance; Type: TABLE; Schema: public; Owner: waterexpress_user
--

CREATE TABLE public.lms_live_attendance (
    id bigint NOT NULL,
    organization_id bigint NOT NULL,
    session_id bigint NOT NULL,
    enrollment_id bigint NOT NULL,
    status public."LmsLiveAttendanceStatus" DEFAULT 'REGISTERED'::public."LmsLiveAttendanceStatus" NOT NULL,
    joined_at timestamp(3) without time zone,
    marked_at timestamp(3) without time zone,
    marked_by_id bigint,
    notes character varying(512),
    created_at timestamp(3) without time zone DEFAULT CURRENT_TIMESTAMP NOT NULL,
    updated_at timestamp(3) without time zone
);


ALTER TABLE public.lms_live_attendance OWNER TO waterexpress_user;

--
-- Name: lms_live_attendance_id_seq; Type: SEQUENCE; Schema: public; Owner: waterexpress_user
--

CREATE SEQUENCE public.lms_live_attendance_id_seq
    START WITH 1
    INCREMENT BY 1
    NO MINVALUE
    NO MAXVALUE
    CACHE 1;


ALTER SEQUENCE public.lms_live_attendance_id_seq OWNER TO waterexpress_user;

--
-- Name: lms_live_attendance_id_seq; Type: SEQUENCE OWNED BY; Schema: public; Owner: waterexpress_user
--

ALTER SEQUENCE public.lms_live_attendance_id_seq OWNED BY public.lms_live_attendance.id;


--
-- Name: lms_live_sessions; Type: TABLE; Schema: public; Owner: waterexpress_user
--

CREATE TABLE public.lms_live_sessions (
    id bigint NOT NULL,
    organization_id bigint NOT NULL,
    course_id bigint NOT NULL,
    course_lesson_id bigint,
    title character varying(512) NOT NULL,
    description text,
    starts_at timestamp(3) without time zone NOT NULL,
    ends_at timestamp(3) without time zone NOT NULL,
    meeting_provider public."LmsLiveMeetingProvider" DEFAULT 'OTHER'::public."LmsLiveMeetingProvider" NOT NULL,
    meeting_url character varying(2048),
    capacity integer,
    status public."LmsLiveSessionStatus" DEFAULT 'SCHEDULED'::public."LmsLiveSessionStatus" NOT NULL,
    created_by_id bigint,
    created_at timestamp(3) without time zone DEFAULT CURRENT_TIMESTAMP NOT NULL,
    updated_at timestamp(3) without time zone,
    google_calendar_event_id character varying(256)
);


ALTER TABLE public.lms_live_sessions OWNER TO waterexpress_user;

--
-- Name: lms_live_sessions_id_seq; Type: SEQUENCE; Schema: public; Owner: waterexpress_user
--

CREATE SEQUENCE public.lms_live_sessions_id_seq
    START WITH 1
    INCREMENT BY 1
    NO MINVALUE
    NO MAXVALUE
    CACHE 1;


ALTER SEQUENCE public.lms_live_sessions_id_seq OWNER TO waterexpress_user;

--
-- Name: lms_live_sessions_id_seq; Type: SEQUENCE OWNED BY; Schema: public; Owner: waterexpress_user
--

ALTER SEQUENCE public.lms_live_sessions_id_seq OWNED BY public.lms_live_sessions.id;


--
-- Name: lms_notification_logs; Type: TABLE; Schema: public; Owner: waterexpress_user
--

CREATE TABLE public.lms_notification_logs (
    id bigint NOT NULL,
    organization_id bigint NOT NULL,
    template_key character varying(128) NOT NULL,
    channel character varying(16) NOT NULL,
    user_id bigint,
    reference_type character varying(64) NOT NULL,
    reference_id bigint NOT NULL,
    created_at timestamp(3) without time zone DEFAULT CURRENT_TIMESTAMP NOT NULL
);


ALTER TABLE public.lms_notification_logs OWNER TO waterexpress_user;

--
-- Name: lms_notification_logs_id_seq; Type: SEQUENCE; Schema: public; Owner: waterexpress_user
--

CREATE SEQUENCE public.lms_notification_logs_id_seq
    START WITH 1
    INCREMENT BY 1
    NO MINVALUE
    NO MAXVALUE
    CACHE 1;


ALTER SEQUENCE public.lms_notification_logs_id_seq OWNER TO waterexpress_user;

--
-- Name: lms_notification_logs_id_seq; Type: SEQUENCE OWNED BY; Schema: public; Owner: waterexpress_user
--

ALTER SEQUENCE public.lms_notification_logs_id_seq OWNED BY public.lms_notification_logs.id;


--
-- Name: lms_student_subscriptions; Type: TABLE; Schema: public; Owner: waterexpress_user
--

CREATE TABLE public.lms_student_subscriptions (
    id bigint NOT NULL,
    organization_id bigint NOT NULL,
    plan_id bigint NOT NULL,
    student_user_id bigint NOT NULL,
    status public."LmsStudentSubscriptionStatus" DEFAULT 'ACTIVE'::public."LmsStudentSubscriptionStatus" NOT NULL,
    billing_period public."LmsSubscriptionBillingPeriod" NOT NULL,
    current_period_start timestamp(3) without time zone NOT NULL,
    current_period_end timestamp(3) without time zone NOT NULL,
    cancelled_at timestamp(3) without time zone,
    storefront_order_id bigint,
    created_at timestamp(3) without time zone DEFAULT CURRENT_TIMESTAMP NOT NULL,
    updated_at timestamp(3) without time zone
);


ALTER TABLE public.lms_student_subscriptions OWNER TO waterexpress_user;

--
-- Name: lms_student_subscriptions_id_seq; Type: SEQUENCE; Schema: public; Owner: waterexpress_user
--

CREATE SEQUENCE public.lms_student_subscriptions_id_seq
    START WITH 1
    INCREMENT BY 1
    NO MINVALUE
    NO MAXVALUE
    CACHE 1;


ALTER SEQUENCE public.lms_student_subscriptions_id_seq OWNER TO waterexpress_user;

--
-- Name: lms_student_subscriptions_id_seq; Type: SEQUENCE OWNED BY; Schema: public; Owner: waterexpress_user
--

ALTER SEQUENCE public.lms_student_subscriptions_id_seq OWNED BY public.lms_student_subscriptions.id;


--
-- Name: lms_subscription_plan_courses; Type: TABLE; Schema: public; Owner: waterexpress_user
--

CREATE TABLE public.lms_subscription_plan_courses (
    id bigint NOT NULL,
    organization_id bigint NOT NULL,
    plan_id bigint NOT NULL,
    course_id bigint NOT NULL,
    created_at timestamp(3) without time zone DEFAULT CURRENT_TIMESTAMP NOT NULL
);


ALTER TABLE public.lms_subscription_plan_courses OWNER TO waterexpress_user;

--
-- Name: lms_subscription_plan_courses_id_seq; Type: SEQUENCE; Schema: public; Owner: waterexpress_user
--

CREATE SEQUENCE public.lms_subscription_plan_courses_id_seq
    START WITH 1
    INCREMENT BY 1
    NO MINVALUE
    NO MAXVALUE
    CACHE 1;


ALTER SEQUENCE public.lms_subscription_plan_courses_id_seq OWNER TO waterexpress_user;

--
-- Name: lms_subscription_plan_courses_id_seq; Type: SEQUENCE OWNED BY; Schema: public; Owner: waterexpress_user
--

ALTER SEQUENCE public.lms_subscription_plan_courses_id_seq OWNED BY public.lms_subscription_plan_courses.id;


--
-- Name: lms_subscription_plans; Type: TABLE; Schema: public; Owner: waterexpress_user
--

CREATE TABLE public.lms_subscription_plans (
    id bigint NOT NULL,
    organization_id bigint NOT NULL,
    name character varying(255) NOT NULL,
    description text,
    status boolean DEFAULT true NOT NULL,
    free_plan boolean DEFAULT false NOT NULL,
    package_price_monthly numeric(10,2) DEFAULT 0 NOT NULL,
    package_price_yearly numeric(10,2) DEFAULT 0 NOT NULL,
    trial boolean DEFAULT false NOT NULL,
    trial_days integer DEFAULT 0 NOT NULL,
    linked_pos_product_id bigint,
    created_at timestamp(3) without time zone DEFAULT CURRENT_TIMESTAMP NOT NULL,
    updated_at timestamp(3) without time zone
);


ALTER TABLE public.lms_subscription_plans OWNER TO waterexpress_user;

--
-- Name: lms_subscription_plans_id_seq; Type: SEQUENCE; Schema: public; Owner: waterexpress_user
--

CREATE SEQUENCE public.lms_subscription_plans_id_seq
    START WITH 1
    INCREMENT BY 1
    NO MINVALUE
    NO MAXVALUE
    CACHE 1;


ALTER SEQUENCE public.lms_subscription_plans_id_seq OWNER TO waterexpress_user;

--
-- Name: lms_subscription_plans_id_seq; Type: SEQUENCE OWNED BY; Schema: public; Owner: waterexpress_user
--

ALTER SEQUENCE public.lms_subscription_plans_id_seq OWNED BY public.lms_subscription_plans.id;


--
-- Name: lms_user_calendar_event_links; Type: TABLE; Schema: public; Owner: waterexpress_user
--

CREATE TABLE public.lms_user_calendar_event_links (
    id bigint NOT NULL,
    user_id bigint NOT NULL,
    session_id bigint NOT NULL,
    google_event_id character varying(256) NOT NULL,
    google_calendar_id character varying(256) NOT NULL,
    created_at timestamp(3) without time zone DEFAULT CURRENT_TIMESTAMP NOT NULL,
    updated_at timestamp(3) without time zone
);


ALTER TABLE public.lms_user_calendar_event_links OWNER TO waterexpress_user;

--
-- Name: lms_user_calendar_event_links_id_seq; Type: SEQUENCE; Schema: public; Owner: waterexpress_user
--

CREATE SEQUENCE public.lms_user_calendar_event_links_id_seq
    START WITH 1
    INCREMENT BY 1
    NO MINVALUE
    NO MAXVALUE
    CACHE 1;


ALTER SEQUENCE public.lms_user_calendar_event_links_id_seq OWNER TO waterexpress_user;

--
-- Name: lms_user_calendar_event_links_id_seq; Type: SEQUENCE OWNED BY; Schema: public; Owner: waterexpress_user
--

ALTER SEQUENCE public.lms_user_calendar_event_links_id_seq OWNED BY public.lms_user_calendar_event_links.id;


--
-- Name: login_histories; Type: TABLE; Schema: public; Owner: waterexpress_user
--

CREATE TABLE public.login_histories (
    id bigint NOT NULL,
    user_id bigint,
    ip character varying(45),
    date date NOT NULL,
    details jsonb,
    type character varying(50) DEFAULT 'login'::character varying,
    created_by bigint,
    created_at timestamp(3) without time zone DEFAULT CURRENT_TIMESTAMP NOT NULL,
    updated_at timestamp(3) without time zone
);


ALTER TABLE public.login_histories OWNER TO waterexpress_user;

--
-- Name: login_histories_id_seq; Type: SEQUENCE; Schema: public; Owner: waterexpress_user
--

CREATE SEQUENCE public.login_histories_id_seq
    START WITH 1
    INCREMENT BY 1
    NO MINVALUE
    NO MAXVALUE
    CACHE 1;


ALTER SEQUENCE public.login_histories_id_seq OWNER TO waterexpress_user;

--
-- Name: login_histories_id_seq; Type: SEQUENCE OWNED BY; Schema: public; Owner: waterexpress_user
--

ALTER SEQUENCE public.login_histories_id_seq OWNED BY public.login_histories.id;


--
-- Name: marketplace_categories; Type: TABLE; Schema: public; Owner: waterexpress_user
--

CREATE TABLE public.marketplace_categories (
    id bigint NOT NULL,
    vendor_id bigint NOT NULL,
    name character varying(255) NOT NULL,
    slug character varying(255) NOT NULL,
    description text,
    sort_order integer DEFAULT 0 NOT NULL,
    is_active boolean DEFAULT true NOT NULL,
    created_at timestamp without time zone DEFAULT now() NOT NULL,
    updated_at timestamp without time zone
);


ALTER TABLE public.marketplace_categories OWNER TO waterexpress_user;

--
-- Name: marketplace_categories_id_seq; Type: SEQUENCE; Schema: public; Owner: waterexpress_user
--

CREATE SEQUENCE public.marketplace_categories_id_seq
    START WITH 1
    INCREMENT BY 1
    NO MINVALUE
    NO MAXVALUE
    CACHE 1;


ALTER SEQUENCE public.marketplace_categories_id_seq OWNER TO waterexpress_user;

--
-- Name: marketplace_categories_id_seq; Type: SEQUENCE OWNED BY; Schema: public; Owner: waterexpress_user
--

ALTER SEQUENCE public.marketplace_categories_id_seq OWNED BY public.marketplace_categories.id;


--
-- Name: marketplace_config; Type: TABLE; Schema: public; Owner: waterexpress_user
--

CREATE TABLE public.marketplace_config (
    id bigint NOT NULL,
    key character varying(128) NOT NULL,
    value text,
    created_at timestamp without time zone DEFAULT now() NOT NULL,
    updated_at timestamp without time zone
);


ALTER TABLE public.marketplace_config OWNER TO waterexpress_user;

--
-- Name: marketplace_config_id_seq; Type: SEQUENCE; Schema: public; Owner: waterexpress_user
--

CREATE SEQUENCE public.marketplace_config_id_seq
    START WITH 1
    INCREMENT BY 1
    NO MINVALUE
    NO MAXVALUE
    CACHE 1;


ALTER SEQUENCE public.marketplace_config_id_seq OWNER TO waterexpress_user;

--
-- Name: marketplace_config_id_seq; Type: SEQUENCE OWNED BY; Schema: public; Owner: waterexpress_user
--

ALTER SEQUENCE public.marketplace_config_id_seq OWNED BY public.marketplace_config.id;


--
-- Name: marketplace_deliveries; Type: TABLE; Schema: public; Owner: waterexpress_user
--

CREATE TABLE public.marketplace_deliveries (
    id bigint NOT NULL,
    order_id bigint NOT NULL,
    queue_id bigint,
    buyer_organization_id bigint NOT NULL,
    status character varying(32) DEFAULT 'queued'::character varying NOT NULL,
    assigned_to character varying(255),
    address_line character varying(255),
    city character varying(128),
    state character varying(128),
    postal_code character varying(32),
    country character varying(128),
    scheduled_at timestamp without time zone,
    delivered_at timestamp without time zone,
    created_at timestamp without time zone DEFAULT now() NOT NULL,
    updated_at timestamp without time zone
);


ALTER TABLE public.marketplace_deliveries OWNER TO waterexpress_user;

--
-- Name: marketplace_deliveries_id_seq; Type: SEQUENCE; Schema: public; Owner: waterexpress_user
--

CREATE SEQUENCE public.marketplace_deliveries_id_seq
    START WITH 1
    INCREMENT BY 1
    NO MINVALUE
    NO MAXVALUE
    CACHE 1;


ALTER SEQUENCE public.marketplace_deliveries_id_seq OWNER TO waterexpress_user;

--
-- Name: marketplace_deliveries_id_seq; Type: SEQUENCE OWNED BY; Schema: public; Owner: waterexpress_user
--

ALTER SEQUENCE public.marketplace_deliveries_id_seq OWNED BY public.marketplace_deliveries.id;


--
-- Name: marketplace_delivery_events; Type: TABLE; Schema: public; Owner: waterexpress_user
--

CREATE TABLE public.marketplace_delivery_events (
    id bigint NOT NULL,
    delivery_id bigint NOT NULL,
    status character varying(32) NOT NULL,
    note text,
    created_by_user_id bigint,
    created_at timestamp without time zone DEFAULT now() NOT NULL
);


ALTER TABLE public.marketplace_delivery_events OWNER TO waterexpress_user;

--
-- Name: marketplace_delivery_events_id_seq; Type: SEQUENCE; Schema: public; Owner: waterexpress_user
--

CREATE SEQUENCE public.marketplace_delivery_events_id_seq
    START WITH 1
    INCREMENT BY 1
    NO MINVALUE
    NO MAXVALUE
    CACHE 1;


ALTER SEQUENCE public.marketplace_delivery_events_id_seq OWNER TO waterexpress_user;

--
-- Name: marketplace_delivery_events_id_seq; Type: SEQUENCE OWNED BY; Schema: public; Owner: waterexpress_user
--

ALTER SEQUENCE public.marketplace_delivery_events_id_seq OWNED BY public.marketplace_delivery_events.id;


--
-- Name: marketplace_delivery_queues; Type: TABLE; Schema: public; Owner: waterexpress_user
--

CREATE TABLE public.marketplace_delivery_queues (
    id bigint NOT NULL,
    name character varying(255) NOT NULL,
    description text,
    region character varying(128),
    status character varying(32) DEFAULT 'active'::character varying NOT NULL,
    created_at timestamp without time zone DEFAULT now() NOT NULL,
    updated_at timestamp without time zone
);


ALTER TABLE public.marketplace_delivery_queues OWNER TO waterexpress_user;

--
-- Name: marketplace_delivery_queues_id_seq; Type: SEQUENCE; Schema: public; Owner: waterexpress_user
--

CREATE SEQUENCE public.marketplace_delivery_queues_id_seq
    START WITH 1
    INCREMENT BY 1
    NO MINVALUE
    NO MAXVALUE
    CACHE 1;


ALTER SEQUENCE public.marketplace_delivery_queues_id_seq OWNER TO waterexpress_user;

--
-- Name: marketplace_delivery_queues_id_seq; Type: SEQUENCE OWNED BY; Schema: public; Owner: waterexpress_user
--

ALTER SEQUENCE public.marketplace_delivery_queues_id_seq OWNED BY public.marketplace_delivery_queues.id;


--
-- Name: marketplace_order_items; Type: TABLE; Schema: public; Owner: waterexpress_user
--

CREATE TABLE public.marketplace_order_items (
    id bigint NOT NULL,
    order_id bigint NOT NULL,
    product_id bigint,
    product_name character varying(255) NOT NULL,
    quantity integer DEFAULT 1 NOT NULL,
    unit_price numeric(14,2) DEFAULT 0 NOT NULL,
    total_price numeric(14,2) DEFAULT 0 NOT NULL,
    bucket_count_value integer,
    created_at timestamp without time zone DEFAULT now() NOT NULL
);


ALTER TABLE public.marketplace_order_items OWNER TO waterexpress_user;

--
-- Name: marketplace_order_items_id_seq; Type: SEQUENCE; Schema: public; Owner: waterexpress_user
--

CREATE SEQUENCE public.marketplace_order_items_id_seq
    START WITH 1
    INCREMENT BY 1
    NO MINVALUE
    NO MAXVALUE
    CACHE 1;


ALTER SEQUENCE public.marketplace_order_items_id_seq OWNER TO waterexpress_user;

--
-- Name: marketplace_order_items_id_seq; Type: SEQUENCE OWNED BY; Schema: public; Owner: waterexpress_user
--

ALTER SEQUENCE public.marketplace_order_items_id_seq OWNED BY public.marketplace_order_items.id;


--
-- Name: marketplace_order_lines; Type: TABLE; Schema: public; Owner: waterexpress_user
--

CREATE TABLE public.marketplace_order_lines (
    id bigint NOT NULL,
    order_id bigint NOT NULL,
    product_id bigint,
    vendor_id bigint,
    title character varying(255) NOT NULL,
    unit_price numeric(14,2) DEFAULT 0 NOT NULL,
    quantity integer DEFAULT 1 NOT NULL,
    line_total numeric(14,2) DEFAULT 0 NOT NULL
);


ALTER TABLE public.marketplace_order_lines OWNER TO waterexpress_user;

--
-- Name: marketplace_order_lines_id_seq; Type: SEQUENCE; Schema: public; Owner: waterexpress_user
--

CREATE SEQUENCE public.marketplace_order_lines_id_seq
    START WITH 1
    INCREMENT BY 1
    NO MINVALUE
    NO MAXVALUE
    CACHE 1;


ALTER SEQUENCE public.marketplace_order_lines_id_seq OWNER TO waterexpress_user;

--
-- Name: marketplace_order_lines_id_seq; Type: SEQUENCE OWNED BY; Schema: public; Owner: waterexpress_user
--

ALTER SEQUENCE public.marketplace_order_lines_id_seq OWNED BY public.marketplace_order_lines.id;


--
-- Name: marketplace_orders; Type: TABLE; Schema: public; Owner: waterexpress_user
--

CREATE TABLE public.marketplace_orders (
    id bigint NOT NULL,
    order_number character varying(64) NOT NULL,
    buyer_organization_id bigint NOT NULL,
    placed_by_user_id bigint,
    status character varying(32) DEFAULT 'pending'::character varying NOT NULL,
    payment_status character varying(32) DEFAULT 'unpaid'::character varying NOT NULL,
    subtotal numeric(14,2) DEFAULT 0 NOT NULL,
    total numeric(14,2) DEFAULT 0 NOT NULL,
    currency character varying(8) DEFAULT 'USD'::character varying NOT NULL,
    notes text,
    created_at timestamp without time zone DEFAULT now() NOT NULL,
    updated_at timestamp without time zone,
    company_id bigint,
    vendor_id bigint,
    order_status character varying(32),
    delivery_status character varying(32),
    city character varying(128),
    state character varying(128),
    total_bucket_count integer,
    tax numeric(14,2),
    delivery_fee numeric(14,2),
    total_amount numeric(14,2),
    stripe_payment_intent_id character varying(255),
    partner_id bigint,
    referral_source character varying(255),
    accounting_revenue_id bigint,
    accounting_customer_payment_id bigint
);


ALTER TABLE public.marketplace_orders OWNER TO waterexpress_user;

--
-- Name: marketplace_orders_id_seq; Type: SEQUENCE; Schema: public; Owner: waterexpress_user
--

CREATE SEQUENCE public.marketplace_orders_id_seq
    START WITH 1
    INCREMENT BY 1
    NO MINVALUE
    NO MAXVALUE
    CACHE 1;


ALTER SEQUENCE public.marketplace_orders_id_seq OWNER TO waterexpress_user;

--
-- Name: marketplace_orders_id_seq; Type: SEQUENCE OWNED BY; Schema: public; Owner: waterexpress_user
--

ALTER SEQUENCE public.marketplace_orders_id_seq OWNED BY public.marketplace_orders.id;


--
-- Name: marketplace_products; Type: TABLE; Schema: public; Owner: waterexpress_user
--

CREATE TABLE public.marketplace_products (
    id bigint NOT NULL,
    vendor_id bigint NOT NULL,
    name character varying(255) NOT NULL,
    slug character varying(255) NOT NULL,
    sku character varying(128),
    description text,
    price numeric(14,2) DEFAULT 0 NOT NULL,
    currency character varying(8) DEFAULT 'USD'::character varying NOT NULL,
    image_url character varying(2048),
    category character varying(128),
    stock integer,
    status character varying(32) DEFAULT 'active'::character varying NOT NULL,
    created_at timestamp without time zone DEFAULT now() NOT NULL,
    updated_at timestamp without time zone,
    category_id bigint,
    image character varying(2048),
    bucket_count_value integer,
    inventory_count integer,
    is_active boolean DEFAULT true NOT NULL
);


ALTER TABLE public.marketplace_products OWNER TO waterexpress_user;

--
-- Name: marketplace_products_id_seq; Type: SEQUENCE; Schema: public; Owner: waterexpress_user
--

CREATE SEQUENCE public.marketplace_products_id_seq
    START WITH 1
    INCREMENT BY 1
    NO MINVALUE
    NO MAXVALUE
    CACHE 1;


ALTER SEQUENCE public.marketplace_products_id_seq OWNER TO waterexpress_user;

--
-- Name: marketplace_products_id_seq; Type: SEQUENCE OWNED BY; Schema: public; Owner: waterexpress_user
--

ALTER SEQUENCE public.marketplace_products_id_seq OWNED BY public.marketplace_products.id;


--
-- Name: marketplace_settings; Type: TABLE; Schema: public; Owner: waterexpress_user
--

CREATE TABLE public.marketplace_settings (
    id bigint NOT NULL,
    title text DEFAULT 'Marketplace'::text NOT NULL,
    subtitle text,
    module text,
    config_sections jsonb,
    created_at timestamp(3) without time zone DEFAULT CURRENT_TIMESTAMP NOT NULL,
    updated_at timestamp(3) without time zone
);


ALTER TABLE public.marketplace_settings OWNER TO waterexpress_user;

--
-- Name: marketplace_settings_id_seq; Type: SEQUENCE; Schema: public; Owner: waterexpress_user
--

CREATE SEQUENCE public.marketplace_settings_id_seq
    START WITH 1
    INCREMENT BY 1
    NO MINVALUE
    NO MAXVALUE
    CACHE 1;


ALTER SEQUENCE public.marketplace_settings_id_seq OWNER TO waterexpress_user;

--
-- Name: marketplace_settings_id_seq; Type: SEQUENCE OWNED BY; Schema: public; Owner: waterexpress_user
--

ALTER SEQUENCE public.marketplace_settings_id_seq OWNED BY public.marketplace_settings.id;


--
-- Name: marketplace_vendor_permissions; Type: TABLE; Schema: public; Owner: waterexpress_user
--

CREATE TABLE public.marketplace_vendor_permissions (
    id bigint NOT NULL,
    vendor_id bigint NOT NULL,
    user_id bigint,
    permission_key character varying(128) NOT NULL,
    enabled boolean DEFAULT true NOT NULL,
    created_at timestamp without time zone DEFAULT now() NOT NULL,
    updated_at timestamp without time zone
);


ALTER TABLE public.marketplace_vendor_permissions OWNER TO waterexpress_user;

--
-- Name: marketplace_vendor_permissions_id_seq; Type: SEQUENCE; Schema: public; Owner: waterexpress_user
--

CREATE SEQUENCE public.marketplace_vendor_permissions_id_seq
    START WITH 1
    INCREMENT BY 1
    NO MINVALUE
    NO MAXVALUE
    CACHE 1;


ALTER SEQUENCE public.marketplace_vendor_permissions_id_seq OWNER TO waterexpress_user;

--
-- Name: marketplace_vendor_permissions_id_seq; Type: SEQUENCE OWNED BY; Schema: public; Owner: waterexpress_user
--

ALTER SEQUENCE public.marketplace_vendor_permissions_id_seq OWNED BY public.marketplace_vendor_permissions.id;


--
-- Name: marketplace_vendor_staff; Type: TABLE; Schema: public; Owner: waterexpress_user
--

CREATE TABLE public.marketplace_vendor_staff (
    id bigint NOT NULL,
    vendor_id bigint NOT NULL,
    user_id bigint NOT NULL,
    role character varying(32) DEFAULT 'vendor_staff'::character varying NOT NULL,
    status character varying(32) DEFAULT 'active'::character varying NOT NULL,
    created_at timestamp without time zone DEFAULT now() NOT NULL,
    updated_at timestamp without time zone
);


ALTER TABLE public.marketplace_vendor_staff OWNER TO waterexpress_user;

--
-- Name: marketplace_vendor_staff_id_seq; Type: SEQUENCE; Schema: public; Owner: waterexpress_user
--

CREATE SEQUENCE public.marketplace_vendor_staff_id_seq
    START WITH 1
    INCREMENT BY 1
    NO MINVALUE
    NO MAXVALUE
    CACHE 1;


ALTER SEQUENCE public.marketplace_vendor_staff_id_seq OWNER TO waterexpress_user;

--
-- Name: marketplace_vendor_staff_id_seq; Type: SEQUENCE OWNED BY; Schema: public; Owner: waterexpress_user
--

ALTER SEQUENCE public.marketplace_vendor_staff_id_seq OWNED BY public.marketplace_vendor_staff.id;


--
-- Name: marketplace_vendors; Type: TABLE; Schema: public; Owner: waterexpress_user
--

CREATE TABLE public.marketplace_vendors (
    id bigint NOT NULL,
    name character varying(255) NOT NULL,
    slug character varying(255) NOT NULL,
    contact_email character varying(255),
    phone character varying(64),
    description text,
    logo_url character varying(2048),
    commission_rate numeric(5,2),
    status character varying(32) DEFAULT 'active'::character varying NOT NULL,
    created_at timestamp without time zone DEFAULT now() NOT NULL,
    updated_at timestamp without time zone,
    logo character varying(2048),
    banner_image character varying(2048),
    primary_user_id bigint
);


ALTER TABLE public.marketplace_vendors OWNER TO waterexpress_user;

--
-- Name: marketplace_vendors_id_seq; Type: SEQUENCE; Schema: public; Owner: waterexpress_user
--

CREATE SEQUENCE public.marketplace_vendors_id_seq
    START WITH 1
    INCREMENT BY 1
    NO MINVALUE
    NO MAXVALUE
    CACHE 1;


ALTER SEQUENCE public.marketplace_vendors_id_seq OWNER TO waterexpress_user;

--
-- Name: marketplace_vendors_id_seq; Type: SEQUENCE OWNED BY; Schema: public; Owner: waterexpress_user
--

ALTER SEQUENCE public.marketplace_vendors_id_seq OWNED BY public.marketplace_vendors.id;


--
-- Name: media; Type: TABLE; Schema: public; Owner: waterexpress_user
--

CREATE TABLE public.media (
    id bigint NOT NULL,
    model_type text NOT NULL,
    model_id bigint NOT NULL,
    uuid uuid,
    collection_name text NOT NULL,
    name text NOT NULL,
    file_name text NOT NULL,
    mime_type text,
    disk text NOT NULL,
    conversions_disk text,
    size bigint NOT NULL,
    manipulations jsonb NOT NULL,
    custom_properties jsonb NOT NULL,
    generated_conversions jsonb NOT NULL,
    responsive_images jsonb NOT NULL,
    order_column integer,
    directory_id bigint,
    creator_id bigint,
    created_by bigint,
    created_at timestamp(3) without time zone,
    updated_at timestamp(3) without time zone
);


ALTER TABLE public.media OWNER TO waterexpress_user;

--
-- Name: media_directories; Type: TABLE; Schema: public; Owner: waterexpress_user
--

CREATE TABLE public.media_directories (
    id bigint NOT NULL,
    name text NOT NULL,
    slug text NOT NULL,
    parent_id bigint,
    creator_id bigint NOT NULL,
    created_by bigint NOT NULL,
    created_at timestamp(3) without time zone DEFAULT CURRENT_TIMESTAMP NOT NULL,
    updated_at timestamp(3) without time zone
);


ALTER TABLE public.media_directories OWNER TO waterexpress_user;

--
-- Name: media_directories_id_seq; Type: SEQUENCE; Schema: public; Owner: waterexpress_user
--

CREATE SEQUENCE public.media_directories_id_seq
    START WITH 1
    INCREMENT BY 1
    NO MINVALUE
    NO MAXVALUE
    CACHE 1;


ALTER SEQUENCE public.media_directories_id_seq OWNER TO waterexpress_user;

--
-- Name: media_directories_id_seq; Type: SEQUENCE OWNED BY; Schema: public; Owner: waterexpress_user
--

ALTER SEQUENCE public.media_directories_id_seq OWNED BY public.media_directories.id;


--
-- Name: media_id_seq; Type: SEQUENCE; Schema: public; Owner: waterexpress_user
--

CREATE SEQUENCE public.media_id_seq
    START WITH 1
    INCREMENT BY 1
    NO MINVALUE
    NO MAXVALUE
    CACHE 1;


ALTER SEQUENCE public.media_id_seq OWNER TO waterexpress_user;

--
-- Name: media_id_seq; Type: SEQUENCE OWNED BY; Schema: public; Owner: waterexpress_user
--

ALTER SEQUENCE public.media_id_seq OWNED BY public.media.id;


--
-- Name: model_has_roles; Type: TABLE; Schema: public; Owner: waterexpress_user
--

CREATE TABLE public.model_has_roles (
    model_id bigint NOT NULL,
    role_id bigint NOT NULL,
    model_type character varying(255) NOT NULL
);


ALTER TABLE public.model_has_roles OWNER TO waterexpress_user;

--
-- Name: newsletter_subscribers; Type: TABLE; Schema: public; Owner: waterexpress_user
--

CREATE TABLE public.newsletter_subscribers (
    id bigint NOT NULL,
    email text NOT NULL,
    subscribed_at timestamp(3) without time zone NOT NULL,
    ip_address text,
    country text,
    city text,
    region text,
    country_code character varying(2),
    isp text,
    org text,
    timezone text,
    latitude numeric(10,8),
    longitude numeric(11,8),
    user_agent text,
    browser text,
    os text,
    device text,
    created_at timestamp(3) without time zone DEFAULT CURRENT_TIMESTAMP NOT NULL,
    updated_at timestamp(3) without time zone
);


ALTER TABLE public.newsletter_subscribers OWNER TO waterexpress_user;

--
-- Name: newsletter_subscribers_id_seq; Type: SEQUENCE; Schema: public; Owner: waterexpress_user
--

CREATE SEQUENCE public.newsletter_subscribers_id_seq
    START WITH 1
    INCREMENT BY 1
    NO MINVALUE
    NO MAXVALUE
    CACHE 1;


ALTER SEQUENCE public.newsletter_subscribers_id_seq OWNER TO waterexpress_user;

--
-- Name: newsletter_subscribers_id_seq; Type: SEQUENCE OWNED BY; Schema: public; Owner: waterexpress_user
--

ALTER SEQUENCE public.newsletter_subscribers_id_seq OWNED BY public.newsletter_subscribers.id;


--
-- Name: notification_template_langs; Type: TABLE; Schema: public; Owner: waterexpress_user
--

CREATE TABLE public.notification_template_langs (
    id bigint NOT NULL,
    parent_id bigint NOT NULL,
    lang text,
    module text,
    content text,
    variables jsonb,
    created_at timestamp(3) without time zone DEFAULT CURRENT_TIMESTAMP NOT NULL,
    updated_at timestamp(3) without time zone
);


ALTER TABLE public.notification_template_langs OWNER TO waterexpress_user;

--
-- Name: notification_template_langs_id_seq; Type: SEQUENCE; Schema: public; Owner: waterexpress_user
--

CREATE SEQUENCE public.notification_template_langs_id_seq
    START WITH 1
    INCREMENT BY 1
    NO MINVALUE
    NO MAXVALUE
    CACHE 1;


ALTER SEQUENCE public.notification_template_langs_id_seq OWNER TO waterexpress_user;

--
-- Name: notification_template_langs_id_seq; Type: SEQUENCE OWNED BY; Schema: public; Owner: waterexpress_user
--

ALTER SEQUENCE public.notification_template_langs_id_seq OWNED BY public.notification_template_langs.id;


--
-- Name: notifications; Type: TABLE; Schema: public; Owner: waterexpress_user
--

CREATE TABLE public.notifications (
    id bigint NOT NULL,
    module text,
    type text,
    action text,
    status text,
    permissions text,
    created_at timestamp(3) without time zone DEFAULT CURRENT_TIMESTAMP NOT NULL,
    updated_at timestamp(3) without time zone
);


ALTER TABLE public.notifications OWNER TO waterexpress_user;

--
-- Name: offer_letters; Type: TABLE; Schema: public; Owner: waterexpress_user
--

CREATE TABLE public.offer_letters (
    id bigint NOT NULL,
    lang character varying(10) NOT NULL,
    content text NOT NULL,
    creator_id bigint,
    created_by bigint,
    created_at timestamp(3) without time zone DEFAULT CURRENT_TIMESTAMP NOT NULL,
    updated_at timestamp(3) without time zone
);


ALTER TABLE public.offer_letters OWNER TO waterexpress_user;

--
-- Name: offer_letters_id_seq; Type: SEQUENCE; Schema: public; Owner: waterexpress_user
--

CREATE SEQUENCE public.offer_letters_id_seq
    START WITH 1
    INCREMENT BY 1
    NO MINVALUE
    NO MAXVALUE
    CACHE 1;


ALTER SEQUENCE public.offer_letters_id_seq OWNER TO waterexpress_user;

--
-- Name: offer_letters_id_seq; Type: SEQUENCE OWNED BY; Schema: public; Owner: waterexpress_user
--

ALTER SEQUENCE public.offer_letters_id_seq OWNED BY public.offer_letters.id;


--
-- Name: offers; Type: TABLE; Schema: public; Owner: waterexpress_user
--

CREATE TABLE public.offers (
    id bigint NOT NULL,
    candidate_id bigint NOT NULL,
    job_id bigint,
    offer_date date NOT NULL,
    "position" text NOT NULL,
    department_id bigint,
    salary numeric(10,2) NOT NULL,
    bonus numeric(10,2),
    equity text,
    benefits text,
    start_date date NOT NULL,
    expiration_date date NOT NULL,
    offer_letter_path text,
    status text DEFAULT '0'::text NOT NULL,
    response_date date,
    decline_reason text,
    converted_to_employee boolean DEFAULT false NOT NULL,
    employee_id bigint,
    approved_by bigint,
    approval_status text DEFAULT 'pending'::text NOT NULL,
    creator_id bigint,
    created_by bigint,
    created_at timestamp(3) without time zone DEFAULT CURRENT_TIMESTAMP NOT NULL,
    updated_at timestamp(3) without time zone
);


ALTER TABLE public.offers OWNER TO waterexpress_user;

--
-- Name: offers_id_seq; Type: SEQUENCE; Schema: public; Owner: waterexpress_user
--

CREATE SEQUENCE public.offers_id_seq
    START WITH 1
    INCREMENT BY 1
    NO MINVALUE
    NO MAXVALUE
    CACHE 1;


ALTER SEQUENCE public.offers_id_seq OWNER TO waterexpress_user;

--
-- Name: offers_id_seq; Type: SEQUENCE OWNED BY; Schema: public; Owner: waterexpress_user
--

ALTER SEQUENCE public.offers_id_seq OWNED BY public.offers.id;


--
-- Name: onboarding_checklists; Type: TABLE; Schema: public; Owner: waterexpress_user
--

CREATE TABLE public.onboarding_checklists (
    id bigint NOT NULL,
    name text NOT NULL,
    description text,
    is_default boolean DEFAULT false NOT NULL,
    status boolean DEFAULT true NOT NULL,
    creator_id bigint,
    created_by bigint,
    created_at timestamp(3) without time zone DEFAULT CURRENT_TIMESTAMP NOT NULL,
    updated_at timestamp(3) without time zone
);


ALTER TABLE public.onboarding_checklists OWNER TO waterexpress_user;

--
-- Name: onboarding_checklists_id_seq; Type: SEQUENCE; Schema: public; Owner: waterexpress_user
--

CREATE SEQUENCE public.onboarding_checklists_id_seq
    START WITH 1
    INCREMENT BY 1
    NO MINVALUE
    NO MAXVALUE
    CACHE 1;


ALTER SEQUENCE public.onboarding_checklists_id_seq OWNER TO waterexpress_user;

--
-- Name: onboarding_checklists_id_seq; Type: SEQUENCE OWNED BY; Schema: public; Owner: waterexpress_user
--

ALTER SEQUENCE public.onboarding_checklists_id_seq OWNED BY public.onboarding_checklists.id;


--
-- Name: orders; Type: TABLE; Schema: public; Owner: waterexpress_user
--

CREATE TABLE public.orders (
    id bigint NOT NULL,
    user_id bigint,
    plan_id bigint,
    amount numeric(10,2) NOT NULL,
    status text NOT NULL,
    payment_method text,
    transaction_id text,
    metadata text,
    order_id text,
    name text,
    email text,
    card_number text,
    card_exp_month integer,
    card_exp_year integer,
    plan_name text,
    price numeric(10,2),
    discount_amount numeric(10,2) DEFAULT 0,
    currency character varying(3) DEFAULT 'USD'::character varying,
    txn_id text,
    payment_status text,
    payment_type text,
    receipt text,
    created_by bigint,
    created_at timestamp(3) without time zone DEFAULT CURRENT_TIMESTAMP NOT NULL,
    updated_at timestamp(3) without time zone
);


ALTER TABLE public.orders OWNER TO waterexpress_user;

--
-- Name: partner_commissions; Type: TABLE; Schema: public; Owner: waterexpress_user
--

CREATE TABLE public.partner_commissions (
    id bigint NOT NULL,
    partner_id bigint NOT NULL,
    company_id bigint NOT NULL,
    subscription_id bigint,
    invoice_id bigint,
    order_ref character varying(255),
    amount numeric(10,2) NOT NULL,
    commission_rate numeric(5,2) NOT NULL,
    commission_amount numeric(10,2) NOT NULL,
    status character varying(32) DEFAULT 'pending'::character varying NOT NULL,
    payout_id bigint,
    paid_at timestamp without time zone,
    created_at timestamp without time zone DEFAULT now() NOT NULL,
    updated_at timestamp without time zone
);


ALTER TABLE public.partner_commissions OWNER TO waterexpress_user;

--
-- Name: partner_landing_pages; Type: TABLE; Schema: public; Owner: waterexpress_user
--

CREATE TABLE public.partner_landing_pages (
    id bigint NOT NULL,
    partner_id bigint NOT NULL,
    title character varying(255) NOT NULL,
    slug character varying(255) NOT NULL,
    headline character varying(255),
    subheadline character varying(255),
    industry_module character varying(255),
    logo character varying(255),
    description text,
    call_to_action_text character varying(255),
    status character varying(32) DEFAULT 'draft'::character varying NOT NULL,
    created_at timestamp without time zone DEFAULT now() NOT NULL,
    updated_at timestamp without time zone
);


ALTER TABLE public.partner_landing_pages OWNER TO waterexpress_user;

--
-- Name: partner_payouts; Type: TABLE; Schema: public; Owner: waterexpress_user
--

CREATE TABLE public.partner_payouts (
    id bigint NOT NULL,
    partner_id bigint NOT NULL,
    total_amount numeric(10,2) NOT NULL,
    status character varying(32) DEFAULT 'pending'::character varying NOT NULL,
    payout_method character varying(64),
    payout_reference character varying(255),
    notes text,
    paid_at timestamp without time zone,
    created_at timestamp without time zone DEFAULT now() NOT NULL,
    updated_at timestamp without time zone
);


ALTER TABLE public.partner_payouts OWNER TO waterexpress_user;

--
-- Name: partner_referrals; Type: TABLE; Schema: public; Owner: waterexpress_user
--

CREATE TABLE public.partner_referrals (
    id bigint NOT NULL,
    partner_id bigint NOT NULL,
    company_id bigint,
    referral_code character varying(255),
    partner_slug character varying(255),
    source_url text,
    signup_date timestamp without time zone,
    referral_status character varying(32) DEFAULT 'pending'::character varying NOT NULL,
    created_at timestamp without time zone DEFAULT now() NOT NULL,
    updated_at timestamp without time zone
);


ALTER TABLE public.partner_referrals OWNER TO waterexpress_user;

--
-- Name: partners; Type: TABLE; Schema: public; Owner: waterexpress_user
--

CREATE TABLE public.partners (
    id bigint NOT NULL,
    user_id bigint,
    name character varying(255) NOT NULL,
    email character varying(255),
    phone character varying(64),
    brand_name character varying(255),
    slug character varying(255) NOT NULL,
    referral_code character varying(255) NOT NULL,
    commission_rate numeric(5,2),
    status character varying(32) DEFAULT 'pending'::character varying NOT NULL,
    payout_method character varying(64),
    payout_email character varying(255),
    notes text,
    created_at timestamp without time zone DEFAULT now() NOT NULL,
    updated_at timestamp without time zone
);


ALTER TABLE public.partners OWNER TO waterexpress_user;

--
-- Name: permissions; Type: TABLE; Schema: public; Owner: waterexpress_user
--

CREATE TABLE public.permissions (
    id bigint NOT NULL,
    add_on text NOT NULL,
    module text NOT NULL,
    label text NOT NULL,
    name text NOT NULL,
    guard_name text NOT NULL,
    created_at timestamp(3) without time zone DEFAULT CURRENT_TIMESTAMP NOT NULL,
    updated_at timestamp(3) without time zone
);


ALTER TABLE public.permissions OWNER TO waterexpress_user;

--
-- Name: plans; Type: TABLE; Schema: public; Owner: waterexpress_user
--

CREATE TABLE public.plans (
    id bigint NOT NULL,
    name text,
    description text,
    number_of_users integer DEFAULT 1 NOT NULL,
    custom_plan boolean DEFAULT false NOT NULL,
    status boolean DEFAULT true NOT NULL,
    free_plan boolean DEFAULT false NOT NULL,
    modules jsonb,
    package_price_yearly numeric(10,2) DEFAULT 0 NOT NULL,
    package_price_monthly numeric(10,2) DEFAULT 0 NOT NULL,
    price_per_user_monthly numeric(10,2) DEFAULT 0 NOT NULL,
    price_per_user_yearly numeric(10,2) DEFAULT 0 NOT NULL,
    storage_limit integer DEFAULT 0 NOT NULL,
    price_per_storage_monthly numeric(10,2) DEFAULT 0 NOT NULL,
    price_per_storage_yearly numeric(10,2) DEFAULT 0 NOT NULL,
    trial boolean DEFAULT false NOT NULL,
    trial_days integer DEFAULT 0 NOT NULL,
    created_by bigint,
    created_at timestamp(3) without time zone DEFAULT CURRENT_TIMESTAMP NOT NULL,
    updated_at timestamp(3) without time zone
);


ALTER TABLE public.plans OWNER TO waterexpress_user;

--
-- Name: pos_branch_sales_targets; Type: TABLE; Schema: public; Owner: waterexpress_user
--

CREATE TABLE public.pos_branch_sales_targets (
    id bigint NOT NULL,
    branch_id bigint,
    target numeric(15,4) NOT NULL,
    achieved numeric(15,4) DEFAULT 0 NOT NULL,
    period text DEFAULT 'monthly'::text NOT NULL,
    year integer NOT NULL,
    month integer,
    created_by bigint,
    created_at timestamp(3) without time zone DEFAULT CURRENT_TIMESTAMP NOT NULL,
    updated_at timestamp(3) without time zone
);


ALTER TABLE public.pos_branch_sales_targets OWNER TO waterexpress_user;

--
-- Name: pos_branch_sales_targets_id_seq; Type: SEQUENCE; Schema: public; Owner: waterexpress_user
--

CREATE SEQUENCE public.pos_branch_sales_targets_id_seq
    START WITH 1
    INCREMENT BY 1
    NO MINVALUE
    NO MAXVALUE
    CACHE 1;


ALTER SEQUENCE public.pos_branch_sales_targets_id_seq OWNER TO waterexpress_user;

--
-- Name: pos_branch_sales_targets_id_seq; Type: SEQUENCE OWNED BY; Schema: public; Owner: waterexpress_user
--

ALTER SEQUENCE public.pos_branch_sales_targets_id_seq OWNED BY public.pos_branch_sales_targets.id;


--
-- Name: pos_branches; Type: TABLE; Schema: public; Owner: waterexpress_user
--

CREATE TABLE public.pos_branches (
    id bigint NOT NULL,
    name text NOT NULL,
    email text,
    phone text,
    address text,
    city text,
    country text,
    is_active boolean DEFAULT true NOT NULL,
    created_by bigint,
    created_at timestamp(3) without time zone DEFAULT CURRENT_TIMESTAMP NOT NULL,
    updated_at timestamp(3) without time zone
);


ALTER TABLE public.pos_branches OWNER TO waterexpress_user;

--
-- Name: pos_branches_id_seq; Type: SEQUENCE; Schema: public; Owner: waterexpress_user
--

CREATE SEQUENCE public.pos_branches_id_seq
    START WITH 1
    INCREMENT BY 1
    NO MINVALUE
    NO MAXVALUE
    CACHE 1;


ALTER SEQUENCE public.pos_branches_id_seq OWNER TO waterexpress_user;

--
-- Name: pos_branches_id_seq; Type: SEQUENCE OWNED BY; Schema: public; Owner: waterexpress_user
--

ALTER SEQUENCE public.pos_branches_id_seq OWNED BY public.pos_branches.id;


--
-- Name: pos_brands; Type: TABLE; Schema: public; Owner: waterexpress_user
--

CREATE TABLE public.pos_brands (
    id bigint NOT NULL,
    name text NOT NULL,
    description text,
    image text,
    created_by bigint,
    created_at timestamp(3) without time zone DEFAULT CURRENT_TIMESTAMP NOT NULL,
    updated_at timestamp(3) without time zone
);


ALTER TABLE public.pos_brands OWNER TO waterexpress_user;

--
-- Name: pos_brands_id_seq; Type: SEQUENCE; Schema: public; Owner: waterexpress_user
--

CREATE SEQUENCE public.pos_brands_id_seq
    START WITH 1
    INCREMENT BY 1
    NO MINVALUE
    NO MAXVALUE
    CACHE 1;


ALTER SEQUENCE public.pos_brands_id_seq OWNER TO waterexpress_user;

--
-- Name: pos_brands_id_seq; Type: SEQUENCE OWNED BY; Schema: public; Owner: waterexpress_user
--

ALTER SEQUENCE public.pos_brands_id_seq OWNED BY public.pos_brands.id;


--
-- Name: pos_cash_registers; Type: TABLE; Schema: public; Owner: waterexpress_user
--

CREATE TABLE public.pos_cash_registers (
    id bigint NOT NULL,
    name text NOT NULL,
    branch_id bigint,
    is_active boolean DEFAULT true NOT NULL,
    created_by bigint,
    created_at timestamp(3) without time zone DEFAULT CURRENT_TIMESTAMP NOT NULL,
    updated_at timestamp(3) without time zone
);


ALTER TABLE public.pos_cash_registers OWNER TO waterexpress_user;

--
-- Name: pos_cash_registers_id_seq; Type: SEQUENCE; Schema: public; Owner: waterexpress_user
--

CREATE SEQUENCE public.pos_cash_registers_id_seq
    START WITH 1
    INCREMENT BY 1
    NO MINVALUE
    NO MAXVALUE
    CACHE 1;


ALTER SEQUENCE public.pos_cash_registers_id_seq OWNER TO waterexpress_user;

--
-- Name: pos_cash_registers_id_seq; Type: SEQUENCE OWNED BY; Schema: public; Owner: waterexpress_user
--

ALTER SEQUENCE public.pos_cash_registers_id_seq OWNED BY public.pos_cash_registers.id;


--
-- Name: pos_categories; Type: TABLE; Schema: public; Owner: waterexpress_user
--

CREATE TABLE public.pos_categories (
    id bigint NOT NULL,
    name text NOT NULL,
    description text,
    image text,
    created_by bigint,
    created_at timestamp(3) without time zone DEFAULT CURRENT_TIMESTAMP NOT NULL,
    updated_at timestamp(3) without time zone
);


ALTER TABLE public.pos_categories OWNER TO waterexpress_user;

--
-- Name: pos_categories_id_seq; Type: SEQUENCE; Schema: public; Owner: waterexpress_user
--

CREATE SEQUENCE public.pos_categories_id_seq
    START WITH 1
    INCREMENT BY 1
    NO MINVALUE
    NO MAXVALUE
    CACHE 1;


ALTER SEQUENCE public.pos_categories_id_seq OWNER TO waterexpress_user;

--
-- Name: pos_categories_id_seq; Type: SEQUENCE OWNED BY; Schema: public; Owner: waterexpress_user
--

ALTER SEQUENCE public.pos_categories_id_seq OWNED BY public.pos_categories.id;


--
-- Name: pos_customers; Type: TABLE; Schema: public; Owner: waterexpress_user
--

CREATE TABLE public.pos_customers (
    id bigint NOT NULL,
    name text NOT NULL,
    email text,
    phone text,
    address text,
    balance numeric(15,4) DEFAULT 0 NOT NULL,
    is_active boolean DEFAULT true NOT NULL,
    created_by bigint,
    created_at timestamp(3) without time zone DEFAULT CURRENT_TIMESTAMP NOT NULL,
    updated_at timestamp(3) without time zone
);


ALTER TABLE public.pos_customers OWNER TO waterexpress_user;

--
-- Name: pos_customers_id_seq; Type: SEQUENCE; Schema: public; Owner: waterexpress_user
--

CREATE SEQUENCE public.pos_customers_id_seq
    START WITH 1
    INCREMENT BY 1
    NO MINVALUE
    NO MAXVALUE
    CACHE 1;


ALTER SEQUENCE public.pos_customers_id_seq OWNER TO waterexpress_user;

--
-- Name: pos_customers_id_seq; Type: SEQUENCE OWNED BY; Schema: public; Owner: waterexpress_user
--

ALTER SEQUENCE public.pos_customers_id_seq OWNED BY public.pos_customers.id;


--
-- Name: pos_expense_categories; Type: TABLE; Schema: public; Owner: waterexpress_user
--

CREATE TABLE public.pos_expense_categories (
    id bigint NOT NULL,
    name text NOT NULL,
    created_by bigint,
    created_at timestamp(3) without time zone DEFAULT CURRENT_TIMESTAMP NOT NULL,
    updated_at timestamp(3) without time zone
);


ALTER TABLE public.pos_expense_categories OWNER TO waterexpress_user;

--
-- Name: pos_expense_categories_id_seq; Type: SEQUENCE; Schema: public; Owner: waterexpress_user
--

CREATE SEQUENCE public.pos_expense_categories_id_seq
    START WITH 1
    INCREMENT BY 1
    NO MINVALUE
    NO MAXVALUE
    CACHE 1;


ALTER SEQUENCE public.pos_expense_categories_id_seq OWNER TO waterexpress_user;

--
-- Name: pos_expense_categories_id_seq; Type: SEQUENCE OWNED BY; Schema: public; Owner: waterexpress_user
--

ALTER SEQUENCE public.pos_expense_categories_id_seq OWNED BY public.pos_expense_categories.id;


--
-- Name: pos_expenses; Type: TABLE; Schema: public; Owner: waterexpress_user
--

CREATE TABLE public.pos_expenses (
    id bigint NOT NULL,
    title text NOT NULL,
    amount numeric(15,4) NOT NULL,
    category_id bigint,
    branch_id bigint,
    date timestamp(3) without time zone NOT NULL,
    note text,
    created_by bigint,
    created_at timestamp(3) without time zone DEFAULT CURRENT_TIMESTAMP NOT NULL,
    updated_at timestamp(3) without time zone
);


ALTER TABLE public.pos_expenses OWNER TO waterexpress_user;

--
-- Name: pos_expenses_id_seq; Type: SEQUENCE; Schema: public; Owner: waterexpress_user
--

CREATE SEQUENCE public.pos_expenses_id_seq
    START WITH 1
    INCREMENT BY 1
    NO MINVALUE
    NO MAXVALUE
    CACHE 1;


ALTER SEQUENCE public.pos_expenses_id_seq OWNER TO waterexpress_user;

--
-- Name: pos_expenses_id_seq; Type: SEQUENCE OWNED BY; Schema: public; Owner: waterexpress_user
--

ALTER SEQUENCE public.pos_expenses_id_seq OWNED BY public.pos_expenses.id;


--
-- Name: pos_products; Type: TABLE; Schema: public; Owner: waterexpress_user
--

CREATE TABLE public.pos_products (
    id bigint NOT NULL,
    name text NOT NULL,
    description text,
    barcode text,
    price numeric(15,4) NOT NULL,
    cost numeric(15,4) DEFAULT 0 NOT NULL,
    stock integer DEFAULT 0 NOT NULL,
    stock_alert integer DEFAULT 5 NOT NULL,
    category_id bigint,
    brand_id bigint,
    unit_id bigint,
    tax_id bigint,
    image text,
    is_active boolean DEFAULT true NOT NULL,
    created_by bigint,
    created_at timestamp(3) without time zone DEFAULT CURRENT_TIMESTAMP NOT NULL,
    updated_at timestamp(3) without time zone,
    organization_id bigint,
    slug text,
    sku text,
    compare_at_price numeric(15,4),
    storefront_published boolean DEFAULT false NOT NULL,
    storefront_publish_at timestamp(3) without time zone,
    storefront_seo_title character varying(512),
    storefront_seo_description text,
    gallery_images jsonb,
    related_product_ids jsonb,
    page_template_key text DEFAULT 'product'::text,
    variants jsonb,
    inventory_policy text DEFAULT 'track'::text NOT NULL,
    storefront_featured boolean DEFAULT false NOT NULL,
    storefront_highlights jsonb,
    flavor_meta jsonb,
    ebook_meta jsonb
);


ALTER TABLE public.pos_products OWNER TO waterexpress_user;

--
-- Name: pos_products_id_seq; Type: SEQUENCE; Schema: public; Owner: waterexpress_user
--

CREATE SEQUENCE public.pos_products_id_seq
    START WITH 1
    INCREMENT BY 1
    NO MINVALUE
    NO MAXVALUE
    CACHE 1;


ALTER SEQUENCE public.pos_products_id_seq OWNER TO waterexpress_user;

--
-- Name: pos_products_id_seq; Type: SEQUENCE OWNED BY; Schema: public; Owner: waterexpress_user
--

ALTER SEQUENCE public.pos_products_id_seq OWNED BY public.pos_products.id;


--
-- Name: pos_purchase_items; Type: TABLE; Schema: public; Owner: waterexpress_user
--

CREATE TABLE public.pos_purchase_items (
    id bigint NOT NULL,
    purchase_id bigint NOT NULL,
    product_id bigint,
    name text NOT NULL,
    qty numeric(10,4) NOT NULL,
    cost numeric(15,4) NOT NULL,
    discount numeric(15,4) DEFAULT 0 NOT NULL,
    tax_rate numeric(10,4) DEFAULT 0 NOT NULL,
    subtotal numeric(15,4) NOT NULL
);


ALTER TABLE public.pos_purchase_items OWNER TO waterexpress_user;

--
-- Name: pos_purchase_items_id_seq; Type: SEQUENCE; Schema: public; Owner: waterexpress_user
--

CREATE SEQUENCE public.pos_purchase_items_id_seq
    START WITH 1
    INCREMENT BY 1
    NO MINVALUE
    NO MAXVALUE
    CACHE 1;


ALTER SEQUENCE public.pos_purchase_items_id_seq OWNER TO waterexpress_user;

--
-- Name: pos_purchase_items_id_seq; Type: SEQUENCE OWNED BY; Schema: public; Owner: waterexpress_user
--

ALTER SEQUENCE public.pos_purchase_items_id_seq OWNED BY public.pos_purchase_items.id;


--
-- Name: pos_purchase_return_items; Type: TABLE; Schema: public; Owner: waterexpress_user
--

CREATE TABLE public.pos_purchase_return_items (
    id bigint NOT NULL,
    return_id bigint NOT NULL,
    name text NOT NULL,
    qty numeric(10,4) NOT NULL,
    cost numeric(15,4) NOT NULL,
    subtotal numeric(15,4) NOT NULL
);


ALTER TABLE public.pos_purchase_return_items OWNER TO waterexpress_user;

--
-- Name: pos_purchase_return_items_id_seq; Type: SEQUENCE; Schema: public; Owner: waterexpress_user
--

CREATE SEQUENCE public.pos_purchase_return_items_id_seq
    START WITH 1
    INCREMENT BY 1
    NO MINVALUE
    NO MAXVALUE
    CACHE 1;


ALTER SEQUENCE public.pos_purchase_return_items_id_seq OWNER TO waterexpress_user;

--
-- Name: pos_purchase_return_items_id_seq; Type: SEQUENCE OWNED BY; Schema: public; Owner: waterexpress_user
--

ALTER SEQUENCE public.pos_purchase_return_items_id_seq OWNED BY public.pos_purchase_return_items.id;


--
-- Name: pos_purchase_returns; Type: TABLE; Schema: public; Owner: waterexpress_user
--

CREATE TABLE public.pos_purchase_returns (
    id bigint NOT NULL,
    purchase_id bigint NOT NULL,
    number text NOT NULL,
    reason text,
    total numeric(15,4) NOT NULL,
    status text DEFAULT 'pending'::text NOT NULL,
    date timestamp(3) without time zone NOT NULL,
    created_by bigint,
    created_at timestamp(3) without time zone DEFAULT CURRENT_TIMESTAMP NOT NULL,
    updated_at timestamp(3) without time zone
);


ALTER TABLE public.pos_purchase_returns OWNER TO waterexpress_user;

--
-- Name: pos_purchase_returns_id_seq; Type: SEQUENCE; Schema: public; Owner: waterexpress_user
--

CREATE SEQUENCE public.pos_purchase_returns_id_seq
    START WITH 1
    INCREMENT BY 1
    NO MINVALUE
    NO MAXVALUE
    CACHE 1;


ALTER SEQUENCE public.pos_purchase_returns_id_seq OWNER TO waterexpress_user;

--
-- Name: pos_purchase_returns_id_seq; Type: SEQUENCE OWNED BY; Schema: public; Owner: waterexpress_user
--

ALTER SEQUENCE public.pos_purchase_returns_id_seq OWNED BY public.pos_purchase_returns.id;


--
-- Name: pos_purchases; Type: TABLE; Schema: public; Owner: waterexpress_user
--

CREATE TABLE public.pos_purchases (
    id bigint NOT NULL,
    number text NOT NULL,
    vendor_id bigint,
    branch_id bigint,
    subtotal numeric(15,4) DEFAULT 0 NOT NULL,
    tax_amount numeric(15,4) DEFAULT 0 NOT NULL,
    discount numeric(15,4) DEFAULT 0 NOT NULL,
    total numeric(15,4) NOT NULL,
    paid numeric(15,4) DEFAULT 0 NOT NULL,
    status text DEFAULT 'received'::text NOT NULL,
    note text,
    date timestamp(3) without time zone NOT NULL,
    created_by bigint,
    created_at timestamp(3) without time zone DEFAULT CURRENT_TIMESTAMP NOT NULL,
    updated_at timestamp(3) without time zone
);


ALTER TABLE public.pos_purchases OWNER TO waterexpress_user;

--
-- Name: pos_purchases_id_seq; Type: SEQUENCE; Schema: public; Owner: waterexpress_user
--

CREATE SEQUENCE public.pos_purchases_id_seq
    START WITH 1
    INCREMENT BY 1
    NO MINVALUE
    NO MAXVALUE
    CACHE 1;


ALTER SEQUENCE public.pos_purchases_id_seq OWNER TO waterexpress_user;

--
-- Name: pos_purchases_id_seq; Type: SEQUENCE OWNED BY; Schema: public; Owner: waterexpress_user
--

ALTER SEQUENCE public.pos_purchases_id_seq OWNED BY public.pos_purchases.id;


--
-- Name: pos_quotation_items; Type: TABLE; Schema: public; Owner: waterexpress_user
--

CREATE TABLE public.pos_quotation_items (
    id bigint NOT NULL,
    quotation_id bigint NOT NULL,
    product_id bigint,
    name text NOT NULL,
    qty numeric(10,4) NOT NULL,
    price numeric(15,4) NOT NULL,
    discount numeric(15,4) DEFAULT 0 NOT NULL,
    tax_rate numeric(10,4) DEFAULT 0 NOT NULL,
    subtotal numeric(15,4) NOT NULL
);


ALTER TABLE public.pos_quotation_items OWNER TO waterexpress_user;

--
-- Name: pos_quotation_items_id_seq; Type: SEQUENCE; Schema: public; Owner: waterexpress_user
--

CREATE SEQUENCE public.pos_quotation_items_id_seq
    START WITH 1
    INCREMENT BY 1
    NO MINVALUE
    NO MAXVALUE
    CACHE 1;


ALTER SEQUENCE public.pos_quotation_items_id_seq OWNER TO waterexpress_user;

--
-- Name: pos_quotation_items_id_seq; Type: SEQUENCE OWNED BY; Schema: public; Owner: waterexpress_user
--

ALTER SEQUENCE public.pos_quotation_items_id_seq OWNED BY public.pos_quotation_items.id;


--
-- Name: pos_quotations; Type: TABLE; Schema: public; Owner: waterexpress_user
--

CREATE TABLE public.pos_quotations (
    id bigint NOT NULL,
    number text NOT NULL,
    customer_id bigint,
    subtotal numeric(15,4) DEFAULT 0 NOT NULL,
    tax_amount numeric(15,4) DEFAULT 0 NOT NULL,
    discount numeric(15,4) DEFAULT 0 NOT NULL,
    total numeric(15,4) NOT NULL,
    status text DEFAULT 'draft'::text NOT NULL,
    note text,
    date timestamp(3) without time zone NOT NULL,
    created_by bigint,
    created_at timestamp(3) without time zone DEFAULT CURRENT_TIMESTAMP NOT NULL,
    updated_at timestamp(3) without time zone
);


ALTER TABLE public.pos_quotations OWNER TO waterexpress_user;

--
-- Name: pos_quotations_id_seq; Type: SEQUENCE; Schema: public; Owner: waterexpress_user
--

CREATE SEQUENCE public.pos_quotations_id_seq
    START WITH 1
    INCREMENT BY 1
    NO MINVALUE
    NO MAXVALUE
    CACHE 1;


ALTER SEQUENCE public.pos_quotations_id_seq OWNER TO waterexpress_user;

--
-- Name: pos_quotations_id_seq; Type: SEQUENCE OWNED BY; Schema: public; Owner: waterexpress_user
--

ALTER SEQUENCE public.pos_quotations_id_seq OWNED BY public.pos_quotations.id;


--
-- Name: pos_referrals; Type: TABLE; Schema: public; Owner: waterexpress_user
--

CREATE TABLE public.pos_referrals (
    id bigint NOT NULL,
    code text NOT NULL,
    customer_id bigint,
    discount numeric(10,4) DEFAULT 0 NOT NULL,
    type text DEFAULT 'percentage'::text NOT NULL,
    usage_limit integer,
    used_count integer DEFAULT 0 NOT NULL,
    expires_at timestamp(3) without time zone,
    is_active boolean DEFAULT true NOT NULL,
    created_by bigint,
    created_at timestamp(3) without time zone DEFAULT CURRENT_TIMESTAMP NOT NULL,
    updated_at timestamp(3) without time zone
);


ALTER TABLE public.pos_referrals OWNER TO waterexpress_user;

--
-- Name: pos_referrals_id_seq; Type: SEQUENCE; Schema: public; Owner: waterexpress_user
--

CREATE SEQUENCE public.pos_referrals_id_seq
    START WITH 1
    INCREMENT BY 1
    NO MINVALUE
    NO MAXVALUE
    CACHE 1;


ALTER SEQUENCE public.pos_referrals_id_seq OWNER TO waterexpress_user;

--
-- Name: pos_referrals_id_seq; Type: SEQUENCE OWNED BY; Schema: public; Owner: waterexpress_user
--

ALTER SEQUENCE public.pos_referrals_id_seq OWNED BY public.pos_referrals.id;


--
-- Name: pos_sale_items; Type: TABLE; Schema: public; Owner: waterexpress_user
--

CREATE TABLE public.pos_sale_items (
    id bigint NOT NULL,
    sale_id bigint NOT NULL,
    product_id bigint,
    name text NOT NULL,
    qty numeric(10,4) NOT NULL,
    price numeric(15,4) NOT NULL,
    discount numeric(15,4) DEFAULT 0 NOT NULL,
    tax_rate numeric(10,4) DEFAULT 0 NOT NULL,
    subtotal numeric(15,4) NOT NULL
);


ALTER TABLE public.pos_sale_items OWNER TO waterexpress_user;

--
-- Name: pos_sale_items_id_seq; Type: SEQUENCE; Schema: public; Owner: waterexpress_user
--

CREATE SEQUENCE public.pos_sale_items_id_seq
    START WITH 1
    INCREMENT BY 1
    NO MINVALUE
    NO MAXVALUE
    CACHE 1;


ALTER SEQUENCE public.pos_sale_items_id_seq OWNER TO waterexpress_user;

--
-- Name: pos_sale_items_id_seq; Type: SEQUENCE OWNED BY; Schema: public; Owner: waterexpress_user
--

ALTER SEQUENCE public.pos_sale_items_id_seq OWNED BY public.pos_sale_items.id;


--
-- Name: pos_sale_return_items; Type: TABLE; Schema: public; Owner: waterexpress_user
--

CREATE TABLE public.pos_sale_return_items (
    id bigint NOT NULL,
    return_id bigint NOT NULL,
    name text NOT NULL,
    qty numeric(10,4) NOT NULL,
    price numeric(15,4) NOT NULL,
    subtotal numeric(15,4) NOT NULL
);


ALTER TABLE public.pos_sale_return_items OWNER TO waterexpress_user;

--
-- Name: pos_sale_return_items_id_seq; Type: SEQUENCE; Schema: public; Owner: waterexpress_user
--

CREATE SEQUENCE public.pos_sale_return_items_id_seq
    START WITH 1
    INCREMENT BY 1
    NO MINVALUE
    NO MAXVALUE
    CACHE 1;


ALTER SEQUENCE public.pos_sale_return_items_id_seq OWNER TO waterexpress_user;

--
-- Name: pos_sale_return_items_id_seq; Type: SEQUENCE OWNED BY; Schema: public; Owner: waterexpress_user
--

ALTER SEQUENCE public.pos_sale_return_items_id_seq OWNED BY public.pos_sale_return_items.id;


--
-- Name: pos_sale_returns; Type: TABLE; Schema: public; Owner: waterexpress_user
--

CREATE TABLE public.pos_sale_returns (
    id bigint NOT NULL,
    sale_id bigint NOT NULL,
    number text NOT NULL,
    reason text,
    total numeric(15,4) NOT NULL,
    status text DEFAULT 'pending'::text NOT NULL,
    date timestamp(3) without time zone NOT NULL,
    created_by bigint,
    created_at timestamp(3) without time zone DEFAULT CURRENT_TIMESTAMP NOT NULL,
    updated_at timestamp(3) without time zone
);


ALTER TABLE public.pos_sale_returns OWNER TO waterexpress_user;

--
-- Name: pos_sale_returns_id_seq; Type: SEQUENCE; Schema: public; Owner: waterexpress_user
--

CREATE SEQUENCE public.pos_sale_returns_id_seq
    START WITH 1
    INCREMENT BY 1
    NO MINVALUE
    NO MAXVALUE
    CACHE 1;


ALTER SEQUENCE public.pos_sale_returns_id_seq OWNER TO waterexpress_user;

--
-- Name: pos_sale_returns_id_seq; Type: SEQUENCE OWNED BY; Schema: public; Owner: waterexpress_user
--

ALTER SEQUENCE public.pos_sale_returns_id_seq OWNED BY public.pos_sale_returns.id;


--
-- Name: pos_sales; Type: TABLE; Schema: public; Owner: waterexpress_user
--

CREATE TABLE public.pos_sales (
    id bigint NOT NULL,
    number text NOT NULL,
    customer_id bigint,
    branch_id bigint,
    cash_register_id bigint,
    quotation_id bigint,
    subtotal numeric(15,4) DEFAULT 0 NOT NULL,
    tax_amount numeric(15,4) DEFAULT 0 NOT NULL,
    discount numeric(15,4) DEFAULT 0 NOT NULL,
    total numeric(15,4) NOT NULL,
    paid numeric(15,4) DEFAULT 0 NOT NULL,
    payment_method text DEFAULT 'cash'::text NOT NULL,
    status text DEFAULT 'completed'::text NOT NULL,
    note text,
    date timestamp(3) without time zone NOT NULL,
    created_by bigint,
    created_at timestamp(3) without time zone DEFAULT CURRENT_TIMESTAMP NOT NULL,
    updated_at timestamp(3) without time zone
);


ALTER TABLE public.pos_sales OWNER TO waterexpress_user;

--
-- Name: pos_sales_id_seq; Type: SEQUENCE; Schema: public; Owner: waterexpress_user
--

CREATE SEQUENCE public.pos_sales_id_seq
    START WITH 1
    INCREMENT BY 1
    NO MINVALUE
    NO MAXVALUE
    CACHE 1;


ALTER SEQUENCE public.pos_sales_id_seq OWNER TO waterexpress_user;

--
-- Name: pos_sales_id_seq; Type: SEQUENCE OWNED BY; Schema: public; Owner: waterexpress_user
--

ALTER SEQUENCE public.pos_sales_id_seq OWNED BY public.pos_sales.id;


--
-- Name: pos_sessions; Type: TABLE; Schema: public; Owner: waterexpress_user
--

CREATE TABLE public.pos_sessions (
    id bigint NOT NULL,
    cash_register_id bigint,
    user_id bigint,
    opening_balance numeric(15,4) DEFAULT 0 NOT NULL,
    closing_balance numeric(15,4),
    status text DEFAULT 'open'::text NOT NULL,
    opened_at timestamp(3) without time zone DEFAULT CURRENT_TIMESTAMP NOT NULL,
    closed_at timestamp(3) without time zone,
    note text,
    created_at timestamp(3) without time zone DEFAULT CURRENT_TIMESTAMP NOT NULL,
    updated_at timestamp(3) without time zone
);


ALTER TABLE public.pos_sessions OWNER TO waterexpress_user;

--
-- Name: pos_sessions_id_seq; Type: SEQUENCE; Schema: public; Owner: waterexpress_user
--

CREATE SEQUENCE public.pos_sessions_id_seq
    START WITH 1
    INCREMENT BY 1
    NO MINVALUE
    NO MAXVALUE
    CACHE 1;


ALTER SEQUENCE public.pos_sessions_id_seq OWNER TO waterexpress_user;

--
-- Name: pos_sessions_id_seq; Type: SEQUENCE OWNED BY; Schema: public; Owner: waterexpress_user
--

ALTER SEQUENCE public.pos_sessions_id_seq OWNED BY public.pos_sessions.id;


--
-- Name: pos_taxes; Type: TABLE; Schema: public; Owner: waterexpress_user
--

CREATE TABLE public.pos_taxes (
    id bigint NOT NULL,
    name text NOT NULL,
    rate numeric(10,4) NOT NULL,
    type text DEFAULT 'percentage'::text NOT NULL,
    created_by bigint,
    created_at timestamp(3) without time zone DEFAULT CURRENT_TIMESTAMP NOT NULL,
    updated_at timestamp(3) without time zone
);


ALTER TABLE public.pos_taxes OWNER TO waterexpress_user;

--
-- Name: pos_taxes_id_seq; Type: SEQUENCE; Schema: public; Owner: waterexpress_user
--

CREATE SEQUENCE public.pos_taxes_id_seq
    START WITH 1
    INCREMENT BY 1
    NO MINVALUE
    NO MAXVALUE
    CACHE 1;


ALTER SEQUENCE public.pos_taxes_id_seq OWNER TO waterexpress_user;

--
-- Name: pos_taxes_id_seq; Type: SEQUENCE OWNED BY; Schema: public; Owner: waterexpress_user
--

ALTER SEQUENCE public.pos_taxes_id_seq OWNED BY public.pos_taxes.id;


--
-- Name: pos_units; Type: TABLE; Schema: public; Owner: waterexpress_user
--

CREATE TABLE public.pos_units (
    id bigint NOT NULL,
    name text NOT NULL,
    short_name text NOT NULL,
    created_by bigint,
    created_at timestamp(3) without time zone DEFAULT CURRENT_TIMESTAMP NOT NULL,
    updated_at timestamp(3) without time zone
);


ALTER TABLE public.pos_units OWNER TO waterexpress_user;

--
-- Name: pos_units_id_seq; Type: SEQUENCE; Schema: public; Owner: waterexpress_user
--

CREATE SEQUENCE public.pos_units_id_seq
    START WITH 1
    INCREMENT BY 1
    NO MINVALUE
    NO MAXVALUE
    CACHE 1;


ALTER SEQUENCE public.pos_units_id_seq OWNER TO waterexpress_user;

--
-- Name: pos_units_id_seq; Type: SEQUENCE OWNED BY; Schema: public; Owner: waterexpress_user
--

ALTER SEQUENCE public.pos_units_id_seq OWNED BY public.pos_units.id;


--
-- Name: pos_vendors; Type: TABLE; Schema: public; Owner: waterexpress_user
--

CREATE TABLE public.pos_vendors (
    id bigint NOT NULL,
    name text NOT NULL,
    email text,
    phone text,
    address text,
    balance numeric(15,4) DEFAULT 0 NOT NULL,
    is_active boolean DEFAULT true NOT NULL,
    created_by bigint,
    created_at timestamp(3) without time zone DEFAULT CURRENT_TIMESTAMP NOT NULL,
    updated_at timestamp(3) without time zone
);


ALTER TABLE public.pos_vendors OWNER TO waterexpress_user;

--
-- Name: pos_vendors_id_seq; Type: SEQUENCE; Schema: public; Owner: waterexpress_user
--

CREATE SEQUENCE public.pos_vendors_id_seq
    START WITH 1
    INCREMENT BY 1
    NO MINVALUE
    NO MAXVALUE
    CACHE 1;


ALTER SEQUENCE public.pos_vendors_id_seq OWNER TO waterexpress_user;

--
-- Name: pos_vendors_id_seq; Type: SEQUENCE OWNED BY; Schema: public; Owner: waterexpress_user
--

ALTER SEQUENCE public.pos_vendors_id_seq OWNED BY public.pos_vendors.id;


--
-- Name: project_activity_logs; Type: TABLE; Schema: public; Owner: waterexpress_user
--

CREATE TABLE public.project_activity_logs (
    id bigint NOT NULL,
    user_id bigint NOT NULL,
    user_type text NOT NULL,
    project_id bigint NOT NULL,
    log_type text NOT NULL,
    remark text,
    created_at timestamp(3) without time zone DEFAULT CURRENT_TIMESTAMP NOT NULL,
    updated_at timestamp(3) without time zone
);


ALTER TABLE public.project_activity_logs OWNER TO waterexpress_user;

--
-- Name: project_activity_logs_id_seq; Type: SEQUENCE; Schema: public; Owner: waterexpress_user
--

CREATE SEQUENCE public.project_activity_logs_id_seq
    START WITH 1
    INCREMENT BY 1
    NO MINVALUE
    NO MAXVALUE
    CACHE 1;


ALTER SEQUENCE public.project_activity_logs_id_seq OWNER TO waterexpress_user;

--
-- Name: project_activity_logs_id_seq; Type: SEQUENCE OWNED BY; Schema: public; Owner: waterexpress_user
--

ALTER SEQUENCE public.project_activity_logs_id_seq OWNED BY public.project_activity_logs.id;


--
-- Name: project_bugs; Type: TABLE; Schema: public; Owner: waterexpress_user
--

CREATE TABLE public.project_bugs (
    id bigint NOT NULL,
    project_id bigint NOT NULL,
    title text NOT NULL,
    priority text DEFAULT 'Medium'::text NOT NULL,
    assigned_to jsonb,
    stage_id bigint,
    description text,
    creator_id bigint,
    created_by bigint,
    created_at timestamp(3) without time zone DEFAULT CURRENT_TIMESTAMP NOT NULL,
    updated_at timestamp(3) without time zone
);


ALTER TABLE public.project_bugs OWNER TO waterexpress_user;

--
-- Name: project_bugs_id_seq; Type: SEQUENCE; Schema: public; Owner: waterexpress_user
--

CREATE SEQUENCE public.project_bugs_id_seq
    START WITH 1
    INCREMENT BY 1
    NO MINVALUE
    NO MAXVALUE
    CACHE 1;


ALTER SEQUENCE public.project_bugs_id_seq OWNER TO waterexpress_user;

--
-- Name: project_bugs_id_seq; Type: SEQUENCE OWNED BY; Schema: public; Owner: waterexpress_user
--

ALTER SEQUENCE public.project_bugs_id_seq OWNED BY public.project_bugs.id;


--
-- Name: project_clients; Type: TABLE; Schema: public; Owner: waterexpress_user
--

CREATE TABLE public.project_clients (
    id bigint NOT NULL,
    project_id bigint NOT NULL,
    client_id bigint NOT NULL
);


ALTER TABLE public.project_clients OWNER TO waterexpress_user;

--
-- Name: project_clients_id_seq; Type: SEQUENCE; Schema: public; Owner: waterexpress_user
--

CREATE SEQUENCE public.project_clients_id_seq
    START WITH 1
    INCREMENT BY 1
    NO MINVALUE
    NO MAXVALUE
    CACHE 1;


ALTER SEQUENCE public.project_clients_id_seq OWNER TO waterexpress_user;

--
-- Name: project_clients_id_seq; Type: SEQUENCE OWNED BY; Schema: public; Owner: waterexpress_user
--

ALTER SEQUENCE public.project_clients_id_seq OWNED BY public.project_clients.id;


--
-- Name: project_files; Type: TABLE; Schema: public; Owner: waterexpress_user
--

CREATE TABLE public.project_files (
    id bigint NOT NULL,
    project_id bigint NOT NULL,
    file_name text NOT NULL,
    file_path text NOT NULL,
    created_at timestamp(3) without time zone DEFAULT CURRENT_TIMESTAMP NOT NULL,
    updated_at timestamp(3) without time zone
);


ALTER TABLE public.project_files OWNER TO waterexpress_user;

--
-- Name: project_files_id_seq; Type: SEQUENCE; Schema: public; Owner: waterexpress_user
--

CREATE SEQUENCE public.project_files_id_seq
    START WITH 1
    INCREMENT BY 1
    NO MINVALUE
    NO MAXVALUE
    CACHE 1;


ALTER SEQUENCE public.project_files_id_seq OWNER TO waterexpress_user;

--
-- Name: project_files_id_seq; Type: SEQUENCE OWNED BY; Schema: public; Owner: waterexpress_user
--

ALTER SEQUENCE public.project_files_id_seq OWNED BY public.project_files.id;


--
-- Name: project_milestones; Type: TABLE; Schema: public; Owner: waterexpress_user
--

CREATE TABLE public.project_milestones (
    id bigint NOT NULL,
    project_id bigint NOT NULL,
    title text NOT NULL,
    cost numeric(10,2),
    start_date date,
    end_date date,
    summary text,
    status text DEFAULT 'Incomplete'::text NOT NULL,
    progress integer DEFAULT 0 NOT NULL,
    created_at timestamp(3) without time zone DEFAULT CURRENT_TIMESTAMP NOT NULL,
    updated_at timestamp(3) without time zone
);


ALTER TABLE public.project_milestones OWNER TO waterexpress_user;

--
-- Name: project_milestones_id_seq; Type: SEQUENCE; Schema: public; Owner: waterexpress_user
--

CREATE SEQUENCE public.project_milestones_id_seq
    START WITH 1
    INCREMENT BY 1
    NO MINVALUE
    NO MAXVALUE
    CACHE 1;


ALTER SEQUENCE public.project_milestones_id_seq OWNER TO waterexpress_user;

--
-- Name: project_milestones_id_seq; Type: SEQUENCE OWNED BY; Schema: public; Owner: waterexpress_user
--

ALTER SEQUENCE public.project_milestones_id_seq OWNED BY public.project_milestones.id;


--
-- Name: project_tasks; Type: TABLE; Schema: public; Owner: waterexpress_user
--

CREATE TABLE public.project_tasks (
    id bigint NOT NULL,
    project_id bigint NOT NULL,
    milestone_id bigint,
    title text NOT NULL,
    priority text DEFAULT 'Medium'::text NOT NULL,
    assigned_to jsonb,
    duration text,
    stage_id bigint,
    description text,
    creator_id bigint,
    created_by bigint,
    created_at timestamp(3) without time zone DEFAULT CURRENT_TIMESTAMP NOT NULL,
    updated_at timestamp(3) without time zone
);


ALTER TABLE public.project_tasks OWNER TO waterexpress_user;

--
-- Name: project_tasks_id_seq; Type: SEQUENCE; Schema: public; Owner: waterexpress_user
--

CREATE SEQUENCE public.project_tasks_id_seq
    START WITH 1
    INCREMENT BY 1
    NO MINVALUE
    NO MAXVALUE
    CACHE 1;


ALTER SEQUENCE public.project_tasks_id_seq OWNER TO waterexpress_user;

--
-- Name: project_tasks_id_seq; Type: SEQUENCE OWNED BY; Schema: public; Owner: waterexpress_user
--

ALTER SEQUENCE public.project_tasks_id_seq OWNED BY public.project_tasks.id;


--
-- Name: project_users; Type: TABLE; Schema: public; Owner: waterexpress_user
--

CREATE TABLE public.project_users (
    id bigint NOT NULL,
    project_id bigint NOT NULL,
    user_id bigint NOT NULL
);


ALTER TABLE public.project_users OWNER TO waterexpress_user;

--
-- Name: project_users_id_seq; Type: SEQUENCE; Schema: public; Owner: waterexpress_user
--

CREATE SEQUENCE public.project_users_id_seq
    START WITH 1
    INCREMENT BY 1
    NO MINVALUE
    NO MAXVALUE
    CACHE 1;


ALTER SEQUENCE public.project_users_id_seq OWNER TO waterexpress_user;

--
-- Name: project_users_id_seq; Type: SEQUENCE OWNED BY; Schema: public; Owner: waterexpress_user
--

ALTER SEQUENCE public.project_users_id_seq OWNED BY public.project_users.id;


--
-- Name: projects; Type: TABLE; Schema: public; Owner: waterexpress_user
--

CREATE TABLE public.projects (
    id bigint NOT NULL,
    name text NOT NULL,
    description text,
    budget numeric(10,2),
    start_date date,
    end_date date,
    status text DEFAULT 'Not Started'::text,
    creator_id bigint,
    created_by bigint,
    created_at timestamp(3) without time zone DEFAULT CURRENT_TIMESTAMP NOT NULL,
    updated_at timestamp(3) without time zone
);


ALTER TABLE public.projects OWNER TO waterexpress_user;

--
-- Name: projects_id_seq; Type: SEQUENCE; Schema: public; Owner: waterexpress_user
--

CREATE SEQUENCE public.projects_id_seq
    START WITH 1
    INCREMENT BY 1
    NO MINVALUE
    NO MAXVALUE
    CACHE 1;


ALTER SEQUENCE public.projects_id_seq OWNER TO waterexpress_user;

--
-- Name: projects_id_seq; Type: SEQUENCE OWNED BY; Schema: public; Owner: waterexpress_user
--

ALTER SEQUENCE public.projects_id_seq OWNED BY public.projects.id;


--
-- Name: questions; Type: TABLE; Schema: public; Owner: waterexpress_user
--

CREATE TABLE public.questions (
    id bigint NOT NULL,
    question_name text NOT NULL,
    question_type text DEFAULT '0'::text NOT NULL,
    available_answers text NOT NULL,
    required_answer boolean DEFAULT false NOT NULL,
    enabled boolean DEFAULT false NOT NULL,
    creator_id bigint,
    created_by bigint,
    created_at timestamp(3) without time zone DEFAULT CURRENT_TIMESTAMP NOT NULL,
    updated_at timestamp(3) without time zone
);


ALTER TABLE public.questions OWNER TO waterexpress_user;

--
-- Name: questions_id_seq; Type: SEQUENCE; Schema: public; Owner: waterexpress_user
--

CREATE SEQUENCE public.questions_id_seq
    START WITH 1
    INCREMENT BY 1
    NO MINVALUE
    NO MAXVALUE
    CACHE 1;


ALTER SEQUENCE public.questions_id_seq OWNER TO waterexpress_user;

--
-- Name: questions_id_seq; Type: SEQUENCE OWNED BY; Schema: public; Owner: waterexpress_user
--

ALTER SEQUENCE public.questions_id_seq OWNED BY public.questions.id;


--
-- Name: recruitment_settings; Type: TABLE; Schema: public; Owner: waterexpress_user
--

CREATE TABLE public.recruitment_settings (
    id bigint NOT NULL,
    key text NOT NULL,
    value text,
    created_by bigint,
    created_at timestamp(3) without time zone DEFAULT CURRENT_TIMESTAMP NOT NULL,
    updated_at timestamp(3) without time zone
);


ALTER TABLE public.recruitment_settings OWNER TO waterexpress_user;

--
-- Name: recruitment_settings_id_seq; Type: SEQUENCE; Schema: public; Owner: waterexpress_user
--

CREATE SEQUENCE public.recruitment_settings_id_seq
    START WITH 1
    INCREMENT BY 1
    NO MINVALUE
    NO MAXVALUE
    CACHE 1;


ALTER SEQUENCE public.recruitment_settings_id_seq OWNER TO waterexpress_user;

--
-- Name: recruitment_settings_id_seq; Type: SEQUENCE OWNED BY; Schema: public; Owner: waterexpress_user
--

ALTER SEQUENCE public.recruitment_settings_id_seq OWNED BY public.recruitment_settings.id;


--
-- Name: resume_builder_settings; Type: TABLE; Schema: public; Owner: waterexpress_user
--

CREATE TABLE public.resume_builder_settings (
    id bigint NOT NULL,
    section text NOT NULL,
    key text NOT NULL,
    value text,
    created_at timestamp(3) without time zone DEFAULT CURRENT_TIMESTAMP NOT NULL,
    updated_at timestamp(3) without time zone
);


ALTER TABLE public.resume_builder_settings OWNER TO waterexpress_user;

--
-- Name: resume_builder_settings_id_seq; Type: SEQUENCE; Schema: public; Owner: waterexpress_user
--

CREATE SEQUENCE public.resume_builder_settings_id_seq
    START WITH 1
    INCREMENT BY 1
    NO MINVALUE
    NO MAXVALUE
    CACHE 1;


ALTER SEQUENCE public.resume_builder_settings_id_seq OWNER TO waterexpress_user;

--
-- Name: resume_builder_settings_id_seq; Type: SEQUENCE OWNED BY; Schema: public; Owner: waterexpress_user
--

ALTER SEQUENCE public.resume_builder_settings_id_seq OWNED BY public.resume_builder_settings.id;


--
-- Name: resume_templates; Type: TABLE; Schema: public; Owner: waterexpress_user
--

CREATE TABLE public.resume_templates (
    id bigint NOT NULL,
    name text NOT NULL,
    slug text NOT NULL,
    description text,
    thumbnail text,
    is_active boolean DEFAULT true NOT NULL,
    created_at timestamp(3) without time zone DEFAULT CURRENT_TIMESTAMP NOT NULL,
    updated_at timestamp(3) without time zone
);


ALTER TABLE public.resume_templates OWNER TO waterexpress_user;

--
-- Name: resume_templates_id_seq; Type: SEQUENCE; Schema: public; Owner: waterexpress_user
--

CREATE SEQUENCE public.resume_templates_id_seq
    START WITH 1
    INCREMENT BY 1
    NO MINVALUE
    NO MAXVALUE
    CACHE 1;


ALTER SEQUENCE public.resume_templates_id_seq OWNER TO waterexpress_user;

--
-- Name: resume_templates_id_seq; Type: SEQUENCE OWNED BY; Schema: public; Owner: waterexpress_user
--

ALTER SEQUENCE public.resume_templates_id_seq OWNED BY public.resume_templates.id;


--
-- Name: resumes; Type: TABLE; Schema: public; Owner: waterexpress_user
--

CREATE TABLE public.resumes (
    id bigint NOT NULL,
    name text NOT NULL,
    email text NOT NULL,
    code text NOT NULL,
    template_id bigint NOT NULL,
    data jsonb DEFAULT '{}'::jsonb NOT NULL,
    created_by bigint,
    created_at timestamp(3) without time zone DEFAULT CURRENT_TIMESTAMP NOT NULL,
    updated_at timestamp(3) without time zone
);


ALTER TABLE public.resumes OWNER TO waterexpress_user;

--
-- Name: resumes_id_seq; Type: SEQUENCE; Schema: public; Owner: waterexpress_user
--

CREATE SEQUENCE public.resumes_id_seq
    START WITH 1
    INCREMENT BY 1
    NO MINVALUE
    NO MAXVALUE
    CACHE 1;


ALTER SEQUENCE public.resumes_id_seq OWNER TO waterexpress_user;

--
-- Name: resumes_id_seq; Type: SEQUENCE OWNED BY; Schema: public; Owner: waterexpress_user
--

ALTER SEQUENCE public.resumes_id_seq OWNED BY public.resumes.id;


--
-- Name: revenues; Type: TABLE; Schema: public; Owner: waterexpress_user
--

CREATE TABLE public.revenues (
    id bigint NOT NULL,
    reference_number text NOT NULL,
    customer_id bigint,
    date date NOT NULL,
    amount numeric(15,2) NOT NULL,
    category text,
    description text,
    bank_account_id bigint,
    payment_method text,
    status text DEFAULT 'completed'::text NOT NULL,
    notes text,
    creator_id bigint,
    created_by bigint,
    created_at timestamp(3) without time zone DEFAULT CURRENT_TIMESTAMP NOT NULL,
    updated_at timestamp(3) without time zone
);


ALTER TABLE public.revenues OWNER TO waterexpress_user;

--
-- Name: revenues_id_seq; Type: SEQUENCE; Schema: public; Owner: waterexpress_user
--

CREATE SEQUENCE public.revenues_id_seq
    START WITH 1
    INCREMENT BY 1
    NO MINVALUE
    NO MAXVALUE
    CACHE 1;


ALTER SEQUENCE public.revenues_id_seq OWNER TO waterexpress_user;

--
-- Name: revenues_id_seq; Type: SEQUENCE OWNED BY; Schema: public; Owner: waterexpress_user
--

ALTER SEQUENCE public.revenues_id_seq OWNED BY public.revenues.id;


--
-- Name: role_has_permissions; Type: TABLE; Schema: public; Owner: waterexpress_user
--

CREATE TABLE public.role_has_permissions (
    role_id bigint NOT NULL,
    permission_id bigint NOT NULL
);


ALTER TABLE public.role_has_permissions OWNER TO waterexpress_user;

--
-- Name: roles; Type: TABLE; Schema: public; Owner: waterexpress_user
--

CREATE TABLE public.roles (
    id bigint NOT NULL,
    name text NOT NULL,
    label text NOT NULL,
    guard_name text NOT NULL,
    editable boolean DEFAULT true NOT NULL,
    created_by bigint,
    created_at timestamp(3) without time zone DEFAULT CURRENT_TIMESTAMP NOT NULL,
    updated_at timestamp(3) without time zone
);


ALTER TABLE public.roles OWNER TO waterexpress_user;

--
-- Name: saas_audit_logs; Type: TABLE; Schema: public; Owner: waterexpress_user
--

CREATE TABLE public.saas_audit_logs (
    id bigint NOT NULL,
    event_type text NOT NULL,
    module text,
    actor_email text,
    actor_role text,
    path text,
    metadata jsonb,
    created_at timestamp(3) without time zone DEFAULT CURRENT_TIMESTAMP NOT NULL
);


ALTER TABLE public.saas_audit_logs OWNER TO waterexpress_user;

--
-- Name: saas_audit_logs_id_seq; Type: SEQUENCE; Schema: public; Owner: waterexpress_user
--

CREATE SEQUENCE public.saas_audit_logs_id_seq
    START WITH 1
    INCREMENT BY 1
    NO MINVALUE
    NO MAXVALUE
    CACHE 1;


ALTER SEQUENCE public.saas_audit_logs_id_seq OWNER TO waterexpress_user;

--
-- Name: saas_audit_logs_id_seq; Type: SEQUENCE OWNED BY; Schema: public; Owner: waterexpress_user
--

ALTER SEQUENCE public.saas_audit_logs_id_seq OWNED BY public.saas_audit_logs.id;


--
-- Name: sales_proposal_items; Type: TABLE; Schema: public; Owner: waterexpress_user
--

CREATE TABLE public.sales_proposal_items (
    id bigint NOT NULL,
    proposal_id bigint NOT NULL,
    product_id bigint NOT NULL,
    quantity integer NOT NULL,
    unit_price numeric(15,2) NOT NULL,
    discount_percentage numeric(5,2) DEFAULT 0 NOT NULL,
    discount_amount numeric(15,2) DEFAULT 0 NOT NULL,
    tax_percentage numeric(5,2) DEFAULT 0 NOT NULL,
    tax_amount numeric(15,2) DEFAULT 0 NOT NULL,
    total_amount numeric(15,2) DEFAULT 0 NOT NULL,
    created_at timestamp(3) without time zone DEFAULT CURRENT_TIMESTAMP NOT NULL,
    updated_at timestamp(3) without time zone
);


ALTER TABLE public.sales_proposal_items OWNER TO waterexpress_user;

--
-- Name: sales_proposal_items_id_seq; Type: SEQUENCE; Schema: public; Owner: waterexpress_user
--

CREATE SEQUENCE public.sales_proposal_items_id_seq
    START WITH 1
    INCREMENT BY 1
    NO MINVALUE
    NO MAXVALUE
    CACHE 1;


ALTER SEQUENCE public.sales_proposal_items_id_seq OWNER TO waterexpress_user;

--
-- Name: sales_proposal_items_id_seq; Type: SEQUENCE OWNED BY; Schema: public; Owner: waterexpress_user
--

ALTER SEQUENCE public.sales_proposal_items_id_seq OWNED BY public.sales_proposal_items.id;


--
-- Name: sales_proposals; Type: TABLE; Schema: public; Owner: waterexpress_user
--

CREATE TABLE public.sales_proposals (
    id bigint NOT NULL,
    proposal_number text NOT NULL,
    proposal_date date NOT NULL,
    due_date date NOT NULL,
    customer_id bigint NOT NULL,
    warehouse_id bigint,
    subtotal numeric(15,2) DEFAULT 0 NOT NULL,
    tax_amount numeric(15,2) DEFAULT 0 NOT NULL,
    discount_amount numeric(15,2) DEFAULT 0 NOT NULL,
    total_amount numeric(15,2) DEFAULT 0 NOT NULL,
    status character varying(20) DEFAULT 'draft'::character varying NOT NULL,
    converted_to_invoice boolean DEFAULT false NOT NULL,
    invoice_id bigint,
    payment_terms text,
    notes text,
    creator_id bigint,
    created_by bigint,
    created_at timestamp(3) without time zone DEFAULT CURRENT_TIMESTAMP NOT NULL,
    updated_at timestamp(3) without time zone
);


ALTER TABLE public.sales_proposals OWNER TO waterexpress_user;

--
-- Name: sales_proposals_id_seq; Type: SEQUENCE; Schema: public; Owner: waterexpress_user
--

CREATE SEQUENCE public.sales_proposals_id_seq
    START WITH 1
    INCREMENT BY 1
    NO MINVALUE
    NO MAXVALUE
    CACHE 1;


ALTER SEQUENCE public.sales_proposals_id_seq OWNER TO waterexpress_user;

--
-- Name: sales_proposals_id_seq; Type: SEQUENCE OWNED BY; Schema: public; Owner: waterexpress_user
--

ALTER SEQUENCE public.sales_proposals_id_seq OWNED BY public.sales_proposals.id;


--
-- Name: schedules; Type: TABLE; Schema: public; Owner: waterexpress_user
--

CREATE TABLE public.schedules (
    id bigint NOT NULL,
    unique_id character varying(100) NOT NULL,
    user_id bigint,
    name text,
    email text,
    phone text,
    date date,
    start_time text,
    end_time text,
    appointment_id bigint,
    questions text,
    cancel_description text,
    status text DEFAULT 'pending'::text NOT NULL,
    creator_id bigint,
    created_by bigint,
    created_at timestamp(3) without time zone DEFAULT CURRENT_TIMESTAMP NOT NULL,
    updated_at timestamp(3) without time zone
);


ALTER TABLE public.schedules OWNER TO waterexpress_user;

--
-- Name: schedules_id_seq; Type: SEQUENCE; Schema: public; Owner: waterexpress_user
--

CREATE SEQUENCE public.schedules_id_seq
    START WITH 1
    INCREMENT BY 1
    NO MINVALUE
    NO MAXVALUE
    CACHE 1;


ALTER SEQUENCE public.schedules_id_seq OWNER TO waterexpress_user;

--
-- Name: schedules_id_seq; Type: SEQUENCE OWNED BY; Schema: public; Owner: waterexpress_user
--

ALTER SEQUENCE public.schedules_id_seq OWNED BY public.schedules.id;


--
-- Name: settings; Type: TABLE; Schema: public; Owner: waterexpress_user
--

CREATE TABLE public.settings (
    id bigint NOT NULL,
    key text NOT NULL,
    value text,
    is_public boolean DEFAULT true NOT NULL,
    created_by bigint,
    created_at timestamp(3) without time zone DEFAULT CURRENT_TIMESTAMP NOT NULL,
    updated_at timestamp(3) without time zone
);


ALTER TABLE public.settings OWNER TO waterexpress_user;

--
-- Name: st_contacts; Type: TABLE; Schema: public; Owner: waterexpress_user
--

CREATE TABLE public.st_contacts (
    id bigint NOT NULL,
    name text NOT NULL,
    email text NOT NULL,
    subject text NOT NULL,
    message text,
    created_at timestamp(3) without time zone DEFAULT CURRENT_TIMESTAMP NOT NULL
);


ALTER TABLE public.st_contacts OWNER TO waterexpress_user;

--
-- Name: st_contacts_id_seq; Type: SEQUENCE; Schema: public; Owner: waterexpress_user
--

CREATE SEQUENCE public.st_contacts_id_seq
    START WITH 1
    INCREMENT BY 1
    NO MINVALUE
    NO MAXVALUE
    CACHE 1;


ALTER SEQUENCE public.st_contacts_id_seq OWNER TO waterexpress_user;

--
-- Name: st_contacts_id_seq; Type: SEQUENCE OWNED BY; Schema: public; Owner: waterexpress_user
--

ALTER SEQUENCE public.st_contacts_id_seq OWNED BY public.st_contacts.id;


--
-- Name: st_custom_pages; Type: TABLE; Schema: public; Owner: waterexpress_user
--

CREATE TABLE public.st_custom_pages (
    id bigint NOT NULL,
    title text NOT NULL,
    slug text NOT NULL,
    description text,
    contents text,
    enable_footer boolean DEFAULT false NOT NULL,
    created_at timestamp(3) without time zone DEFAULT CURRENT_TIMESTAMP NOT NULL,
    updated_at timestamp(3) without time zone
);


ALTER TABLE public.st_custom_pages OWNER TO waterexpress_user;

--
-- Name: st_custom_pages_id_seq; Type: SEQUENCE; Schema: public; Owner: waterexpress_user
--

CREATE SEQUENCE public.st_custom_pages_id_seq
    START WITH 1
    INCREMENT BY 1
    NO MINVALUE
    NO MAXVALUE
    CACHE 1;


ALTER SEQUENCE public.st_custom_pages_id_seq OWNER TO waterexpress_user;

--
-- Name: st_custom_pages_id_seq; Type: SEQUENCE OWNED BY; Schema: public; Owner: waterexpress_user
--

ALTER SEQUENCE public.st_custom_pages_id_seq OWNED BY public.st_custom_pages.id;


--
-- Name: st_faqs; Type: TABLE; Schema: public; Owner: waterexpress_user
--

CREATE TABLE public.st_faqs (
    id bigint NOT NULL,
    title text NOT NULL,
    answer text,
    created_by bigint,
    created_at timestamp(3) without time zone DEFAULT CURRENT_TIMESTAMP NOT NULL,
    updated_at timestamp(3) without time zone
);


ALTER TABLE public.st_faqs OWNER TO waterexpress_user;

--
-- Name: st_faqs_id_seq; Type: SEQUENCE; Schema: public; Owner: waterexpress_user
--

CREATE SEQUENCE public.st_faqs_id_seq
    START WITH 1
    INCREMENT BY 1
    NO MINVALUE
    NO MAXVALUE
    CACHE 1;


ALTER SEQUENCE public.st_faqs_id_seq OWNER TO waterexpress_user;

--
-- Name: st_faqs_id_seq; Type: SEQUENCE OWNED BY; Schema: public; Owner: waterexpress_user
--

ALTER SEQUENCE public.st_faqs_id_seq OWNED BY public.st_faqs.id;


--
-- Name: st_kb_categories; Type: TABLE; Schema: public; Owner: waterexpress_user
--

CREATE TABLE public.st_kb_categories (
    id bigint NOT NULL,
    name text NOT NULL,
    created_at timestamp(3) without time zone DEFAULT CURRENT_TIMESTAMP NOT NULL,
    updated_at timestamp(3) without time zone
);


ALTER TABLE public.st_kb_categories OWNER TO waterexpress_user;

--
-- Name: st_kb_categories_id_seq; Type: SEQUENCE; Schema: public; Owner: waterexpress_user
--

CREATE SEQUENCE public.st_kb_categories_id_seq
    START WITH 1
    INCREMENT BY 1
    NO MINVALUE
    NO MAXVALUE
    CACHE 1;


ALTER SEQUENCE public.st_kb_categories_id_seq OWNER TO waterexpress_user;

--
-- Name: st_kb_categories_id_seq; Type: SEQUENCE OWNED BY; Schema: public; Owner: waterexpress_user
--

ALTER SEQUENCE public.st_kb_categories_id_seq OWNED BY public.st_kb_categories.id;


--
-- Name: st_knowledge_bases; Type: TABLE; Schema: public; Owner: waterexpress_user
--

CREATE TABLE public.st_knowledge_bases (
    id bigint NOT NULL,
    title text NOT NULL,
    category_id bigint,
    description text,
    created_by bigint,
    created_at timestamp(3) without time zone DEFAULT CURRENT_TIMESTAMP NOT NULL,
    updated_at timestamp(3) without time zone,
    organization_id bigint
);


ALTER TABLE public.st_knowledge_bases OWNER TO waterexpress_user;

--
-- Name: st_knowledge_bases_id_seq; Type: SEQUENCE; Schema: public; Owner: waterexpress_user
--

CREATE SEQUENCE public.st_knowledge_bases_id_seq
    START WITH 1
    INCREMENT BY 1
    NO MINVALUE
    NO MAXVALUE
    CACHE 1;


ALTER SEQUENCE public.st_knowledge_bases_id_seq OWNER TO waterexpress_user;

--
-- Name: st_knowledge_bases_id_seq; Type: SEQUENCE OWNED BY; Schema: public; Owner: waterexpress_user
--

ALTER SEQUENCE public.st_knowledge_bases_id_seq OWNED BY public.st_knowledge_bases.id;


--
-- Name: st_quick_links; Type: TABLE; Schema: public; Owner: waterexpress_user
--

CREATE TABLE public.st_quick_links (
    id bigint NOT NULL,
    title text NOT NULL,
    icon text,
    link text,
    created_at timestamp(3) without time zone DEFAULT CURRENT_TIMESTAMP NOT NULL,
    updated_at timestamp(3) without time zone
);


ALTER TABLE public.st_quick_links OWNER TO waterexpress_user;

--
-- Name: st_quick_links_id_seq; Type: SEQUENCE; Schema: public; Owner: waterexpress_user
--

CREATE SEQUENCE public.st_quick_links_id_seq
    START WITH 1
    INCREMENT BY 1
    NO MINVALUE
    NO MAXVALUE
    CACHE 1;


ALTER SEQUENCE public.st_quick_links_id_seq OWNER TO waterexpress_user;

--
-- Name: st_quick_links_id_seq; Type: SEQUENCE OWNED BY; Schema: public; Owner: waterexpress_user
--

ALTER SEQUENCE public.st_quick_links_id_seq OWNED BY public.st_quick_links.id;


--
-- Name: st_settings; Type: TABLE; Schema: public; Owner: waterexpress_user
--

CREATE TABLE public.st_settings (
    id bigint NOT NULL,
    section text NOT NULL,
    key text NOT NULL,
    value text,
    created_at timestamp(3) without time zone DEFAULT CURRENT_TIMESTAMP NOT NULL,
    updated_at timestamp(3) without time zone
);


ALTER TABLE public.st_settings OWNER TO waterexpress_user;

--
-- Name: st_settings_id_seq; Type: SEQUENCE; Schema: public; Owner: waterexpress_user
--

CREATE SEQUENCE public.st_settings_id_seq
    START WITH 1
    INCREMENT BY 1
    NO MINVALUE
    NO MAXVALUE
    CACHE 1;


ALTER SEQUENCE public.st_settings_id_seq OWNER TO waterexpress_user;

--
-- Name: st_settings_id_seq; Type: SEQUENCE OWNED BY; Schema: public; Owner: waterexpress_user
--

ALTER SEQUENCE public.st_settings_id_seq OWNED BY public.st_settings.id;


--
-- Name: st_ticket_categories; Type: TABLE; Schema: public; Owner: waterexpress_user
--

CREATE TABLE public.st_ticket_categories (
    id bigint NOT NULL,
    name text NOT NULL,
    color text DEFAULT '#6366F1'::text NOT NULL,
    created_at timestamp(3) without time zone DEFAULT CURRENT_TIMESTAMP NOT NULL,
    updated_at timestamp(3) without time zone
);


ALTER TABLE public.st_ticket_categories OWNER TO waterexpress_user;

--
-- Name: st_ticket_categories_id_seq; Type: SEQUENCE; Schema: public; Owner: waterexpress_user
--

CREATE SEQUENCE public.st_ticket_categories_id_seq
    START WITH 1
    INCREMENT BY 1
    NO MINVALUE
    NO MAXVALUE
    CACHE 1;


ALTER SEQUENCE public.st_ticket_categories_id_seq OWNER TO waterexpress_user;

--
-- Name: st_ticket_categories_id_seq; Type: SEQUENCE OWNED BY; Schema: public; Owner: waterexpress_user
--

ALTER SEQUENCE public.st_ticket_categories_id_seq OWNED BY public.st_ticket_categories.id;


--
-- Name: st_tickets; Type: TABLE; Schema: public; Owner: waterexpress_user
--

CREATE TABLE public.st_tickets (
    id bigint NOT NULL,
    ticket_code text NOT NULL,
    account_type text DEFAULT 'custom'::text NOT NULL,
    name text NOT NULL,
    email text NOT NULL,
    subject text NOT NULL,
    category_id bigint,
    status text DEFAULT 'open'::text NOT NULL,
    description text,
    attachments jsonb DEFAULT '[]'::jsonb NOT NULL,
    created_by bigint,
    created_at timestamp(3) without time zone DEFAULT CURRENT_TIMESTAMP NOT NULL,
    updated_at timestamp(3) without time zone,
    organization_id bigint,
    website_id bigint,
    storefront_customer_id bigint,
    storefront_order_id bigint,
    assigned_staff_user_id bigint,
    lms_course_id bigint,
    lms_lesson_id bigint,
    lms_student_user_id bigint
);


ALTER TABLE public.st_tickets OWNER TO waterexpress_user;

--
-- Name: st_tickets_id_seq; Type: SEQUENCE; Schema: public; Owner: waterexpress_user
--

CREATE SEQUENCE public.st_tickets_id_seq
    START WITH 1
    INCREMENT BY 1
    NO MINVALUE
    NO MAXVALUE
    CACHE 1;


ALTER SEQUENCE public.st_tickets_id_seq OWNER TO waterexpress_user;

--
-- Name: st_tickets_id_seq; Type: SEQUENCE OWNED BY; Schema: public; Owner: waterexpress_user
--

ALTER SEQUENCE public.st_tickets_id_seq OWNED BY public.st_tickets.id;


--
-- Name: storefront_block_instances; Type: TABLE; Schema: public; Owner: waterexpress_user
--

CREATE TABLE public.storefront_block_instances (
    id bigint NOT NULL,
    section_instance_id bigint NOT NULL,
    theme_block_definition_id bigint,
    sort_order integer DEFAULT 0 NOT NULL,
    status text DEFAULT 'active'::text NOT NULL,
    data jsonb,
    created_at timestamp(3) without time zone DEFAULT CURRENT_TIMESTAMP NOT NULL,
    updated_at timestamp(3) without time zone
);


ALTER TABLE public.storefront_block_instances OWNER TO waterexpress_user;

--
-- Name: storefront_block_instances_id_seq; Type: SEQUENCE; Schema: public; Owner: waterexpress_user
--

CREATE SEQUENCE public.storefront_block_instances_id_seq
    START WITH 1
    INCREMENT BY 1
    NO MINVALUE
    NO MAXVALUE
    CACHE 1;


ALTER SEQUENCE public.storefront_block_instances_id_seq OWNER TO waterexpress_user;

--
-- Name: storefront_block_instances_id_seq; Type: SEQUENCE OWNED BY; Schema: public; Owner: waterexpress_user
--

ALTER SEQUENCE public.storefront_block_instances_id_seq OWNED BY public.storefront_block_instances.id;


--
-- Name: storefront_blog_comments; Type: TABLE; Schema: public; Owner: waterexpress_user
--

CREATE TABLE public.storefront_blog_comments (
    id bigint NOT NULL,
    blog_post_id bigint NOT NULL,
    author_name character varying(160) NOT NULL,
    body text NOT NULL,
    status text DEFAULT 'pending'::text NOT NULL,
    created_at timestamp(3) without time zone DEFAULT CURRENT_TIMESTAMP NOT NULL
);


ALTER TABLE public.storefront_blog_comments OWNER TO waterexpress_user;

--
-- Name: storefront_blog_comments_id_seq; Type: SEQUENCE; Schema: public; Owner: waterexpress_user
--

CREATE SEQUENCE public.storefront_blog_comments_id_seq
    START WITH 1
    INCREMENT BY 1
    NO MINVALUE
    NO MAXVALUE
    CACHE 1;


ALTER SEQUENCE public.storefront_blog_comments_id_seq OWNER TO waterexpress_user;

--
-- Name: storefront_blog_comments_id_seq; Type: SEQUENCE OWNED BY; Schema: public; Owner: waterexpress_user
--

ALTER SEQUENCE public.storefront_blog_comments_id_seq OWNED BY public.storefront_blog_comments.id;


--
-- Name: storefront_blog_posts; Type: TABLE; Schema: public; Owner: waterexpress_user
--

CREATE TABLE public.storefront_blog_posts (
    id bigint NOT NULL,
    organization_id bigint NOT NULL,
    website_id bigint,
    slug text NOT NULL,
    title text NOT NULL,
    excerpt text,
    body_html text DEFAULT ''::text NOT NULL,
    featured_image_url text,
    category text,
    status text DEFAULT 'draft'::text NOT NULL,
    published_at timestamp(3) without time zone,
    seo_title character varying(512),
    seo_description text,
    sort_order integer DEFAULT 0 NOT NULL,
    is_featured_home boolean DEFAULT false NOT NULL,
    created_by_id bigint,
    updated_by_id bigint,
    created_at timestamp(3) without time zone DEFAULT CURRENT_TIMESTAMP NOT NULL,
    updated_at timestamp(3) without time zone
);


ALTER TABLE public.storefront_blog_posts OWNER TO waterexpress_user;

--
-- Name: storefront_blog_posts_id_seq; Type: SEQUENCE; Schema: public; Owner: waterexpress_user
--

CREATE SEQUENCE public.storefront_blog_posts_id_seq
    START WITH 1
    INCREMENT BY 1
    NO MINVALUE
    NO MAXVALUE
    CACHE 1;


ALTER SEQUENCE public.storefront_blog_posts_id_seq OWNER TO waterexpress_user;

--
-- Name: storefront_blog_posts_id_seq; Type: SEQUENCE OWNED BY; Schema: public; Owner: waterexpress_user
--

ALTER SEQUENCE public.storefront_blog_posts_id_seq OWNED BY public.storefront_blog_posts.id;


--
-- Name: storefront_cart_lines; Type: TABLE; Schema: public; Owner: waterexpress_user
--

CREATE TABLE public.storefront_cart_lines (
    id bigint NOT NULL,
    cart_id text NOT NULL,
    product_id bigint NOT NULL,
    variant_key text DEFAULT ''::text NOT NULL,
    quantity integer DEFAULT 1 NOT NULL,
    unit_price numeric(15,4) NOT NULL
);


ALTER TABLE public.storefront_cart_lines OWNER TO waterexpress_user;

--
-- Name: storefront_cart_lines_id_seq; Type: SEQUENCE; Schema: public; Owner: waterexpress_user
--

CREATE SEQUENCE public.storefront_cart_lines_id_seq
    START WITH 1
    INCREMENT BY 1
    NO MINVALUE
    NO MAXVALUE
    CACHE 1;


ALTER SEQUENCE public.storefront_cart_lines_id_seq OWNER TO waterexpress_user;

--
-- Name: storefront_cart_lines_id_seq; Type: SEQUENCE OWNED BY; Schema: public; Owner: waterexpress_user
--

ALTER SEQUENCE public.storefront_cart_lines_id_seq OWNED BY public.storefront_cart_lines.id;


--
-- Name: storefront_carts; Type: TABLE; Schema: public; Owner: waterexpress_user
--

CREATE TABLE public.storefront_carts (
    id text NOT NULL,
    organization_id bigint NOT NULL,
    website_id bigint NOT NULL,
    guest_token text,
    customer_id bigint,
    created_at timestamp(3) without time zone DEFAULT CURRENT_TIMESTAMP NOT NULL,
    updated_at timestamp(3) without time zone DEFAULT CURRENT_TIMESTAMP NOT NULL
);


ALTER TABLE public.storefront_carts OWNER TO waterexpress_user;

--
-- Name: storefront_checkout_sessions; Type: TABLE; Schema: public; Owner: waterexpress_user
--

CREATE TABLE public.storefront_checkout_sessions (
    id text NOT NULL,
    organization_id bigint NOT NULL,
    website_id bigint NOT NULL,
    cart_id text NOT NULL,
    status text DEFAULT 'open'::text NOT NULL,
    expires_at timestamp(3) without time zone NOT NULL,
    shipping_method_key text,
    shipping_amount numeric(15,4) DEFAULT 0 NOT NULL,
    tax_amount numeric(15,4) DEFAULT 0 NOT NULL,
    discount_amount numeric(15,4) DEFAULT 0 NOT NULL,
    stripe_payment_intent_id text,
    metadata jsonb,
    discount_code_id bigint
);


ALTER TABLE public.storefront_checkout_sessions OWNER TO waterexpress_user;

--
-- Name: storefront_collection_products; Type: TABLE; Schema: public; Owner: waterexpress_user
--

CREATE TABLE public.storefront_collection_products (
    id bigint NOT NULL,
    collection_id bigint NOT NULL,
    product_id bigint NOT NULL,
    sort_order integer DEFAULT 0 NOT NULL
);


ALTER TABLE public.storefront_collection_products OWNER TO waterexpress_user;

--
-- Name: storefront_collection_products_id_seq; Type: SEQUENCE; Schema: public; Owner: waterexpress_user
--

CREATE SEQUENCE public.storefront_collection_products_id_seq
    START WITH 1
    INCREMENT BY 1
    NO MINVALUE
    NO MAXVALUE
    CACHE 1;


ALTER SEQUENCE public.storefront_collection_products_id_seq OWNER TO waterexpress_user;

--
-- Name: storefront_collection_products_id_seq; Type: SEQUENCE OWNED BY; Schema: public; Owner: waterexpress_user
--

ALTER SEQUENCE public.storefront_collection_products_id_seq OWNED BY public.storefront_collection_products.id;


--
-- Name: storefront_collections; Type: TABLE; Schema: public; Owner: waterexpress_user
--

CREATE TABLE public.storefront_collections (
    id bigint NOT NULL,
    organization_id bigint NOT NULL,
    website_id bigint,
    slug text NOT NULL,
    title text NOT NULL,
    description text,
    seo_title text,
    seo_description text,
    published boolean DEFAULT false NOT NULL,
    sort_order integer DEFAULT 0 NOT NULL,
    created_at timestamp(3) without time zone DEFAULT CURRENT_TIMESTAMP NOT NULL,
    updated_at timestamp(3) without time zone
);


ALTER TABLE public.storefront_collections OWNER TO waterexpress_user;

--
-- Name: storefront_collections_id_seq; Type: SEQUENCE; Schema: public; Owner: waterexpress_user
--

CREATE SEQUENCE public.storefront_collections_id_seq
    START WITH 1
    INCREMENT BY 1
    NO MINVALUE
    NO MAXVALUE
    CACHE 1;


ALTER SEQUENCE public.storefront_collections_id_seq OWNER TO waterexpress_user;

--
-- Name: storefront_collections_id_seq; Type: SEQUENCE OWNED BY; Schema: public; Owner: waterexpress_user
--

ALTER SEQUENCE public.storefront_collections_id_seq OWNED BY public.storefront_collections.id;


--
-- Name: storefront_customer_sessions; Type: TABLE; Schema: public; Owner: waterexpress_user
--

CREATE TABLE public.storefront_customer_sessions (
    id bigint NOT NULL,
    customer_id bigint NOT NULL,
    token_hash text NOT NULL,
    expires_at timestamp(3) without time zone NOT NULL,
    user_agent text,
    ip_address character varying(45),
    created_at timestamp(3) without time zone DEFAULT CURRENT_TIMESTAMP NOT NULL
);


ALTER TABLE public.storefront_customer_sessions OWNER TO waterexpress_user;

--
-- Name: storefront_customer_sessions_id_seq; Type: SEQUENCE; Schema: public; Owner: waterexpress_user
--

CREATE SEQUENCE public.storefront_customer_sessions_id_seq
    START WITH 1
    INCREMENT BY 1
    NO MINVALUE
    NO MAXVALUE
    CACHE 1;


ALTER SEQUENCE public.storefront_customer_sessions_id_seq OWNER TO waterexpress_user;

--
-- Name: storefront_customer_sessions_id_seq; Type: SEQUENCE OWNED BY; Schema: public; Owner: waterexpress_user
--

ALTER SEQUENCE public.storefront_customer_sessions_id_seq OWNED BY public.storefront_customer_sessions.id;


--
-- Name: storefront_customers; Type: TABLE; Schema: public; Owner: waterexpress_user
--

CREATE TABLE public.storefront_customers (
    id bigint NOT NULL,
    organization_id bigint NOT NULL,
    website_id bigint NOT NULL,
    email text NOT NULL,
    password text NOT NULL,
    name text,
    phone text,
    status text DEFAULT 'active'::text NOT NULL,
    email_verified_at timestamp(3) without time zone,
    linked_user_id bigint,
    accounting_customer_id bigint,
    reset_token_hash text,
    reset_token_expires timestamp(3) without time zone,
    created_at timestamp(3) without time zone DEFAULT CURRENT_TIMESTAMP NOT NULL,
    updated_at timestamp(3) without time zone
);


ALTER TABLE public.storefront_customers OWNER TO waterexpress_user;

--
-- Name: storefront_customers_id_seq; Type: SEQUENCE; Schema: public; Owner: waterexpress_user
--

CREATE SEQUENCE public.storefront_customers_id_seq
    START WITH 1
    INCREMENT BY 1
    NO MINVALUE
    NO MAXVALUE
    CACHE 1;


ALTER SEQUENCE public.storefront_customers_id_seq OWNER TO waterexpress_user;

--
-- Name: storefront_customers_id_seq; Type: SEQUENCE OWNED BY; Schema: public; Owner: waterexpress_user
--

ALTER SEQUENCE public.storefront_customers_id_seq OWNED BY public.storefront_customers.id;


--
-- Name: storefront_discount_codes; Type: TABLE; Schema: public; Owner: waterexpress_user
--

CREATE TABLE public.storefront_discount_codes (
    id bigint NOT NULL,
    organization_id bigint NOT NULL,
    rule_id bigint NOT NULL,
    code text NOT NULL,
    uses_count integer DEFAULT 0 NOT NULL,
    created_at timestamp(3) without time zone DEFAULT CURRENT_TIMESTAMP NOT NULL
);


ALTER TABLE public.storefront_discount_codes OWNER TO waterexpress_user;

--
-- Name: storefront_discount_codes_id_seq; Type: SEQUENCE; Schema: public; Owner: waterexpress_user
--

CREATE SEQUENCE public.storefront_discount_codes_id_seq
    START WITH 1
    INCREMENT BY 1
    NO MINVALUE
    NO MAXVALUE
    CACHE 1;


ALTER SEQUENCE public.storefront_discount_codes_id_seq OWNER TO waterexpress_user;

--
-- Name: storefront_discount_codes_id_seq; Type: SEQUENCE OWNED BY; Schema: public; Owner: waterexpress_user
--

ALTER SEQUENCE public.storefront_discount_codes_id_seq OWNED BY public.storefront_discount_codes.id;


--
-- Name: storefront_discount_redemptions; Type: TABLE; Schema: public; Owner: waterexpress_user
--

CREATE TABLE public.storefront_discount_redemptions (
    id bigint NOT NULL,
    order_id bigint NOT NULL,
    code_id bigint NOT NULL,
    amount numeric(15,4) NOT NULL,
    created_at timestamp(3) without time zone DEFAULT CURRENT_TIMESTAMP NOT NULL
);


ALTER TABLE public.storefront_discount_redemptions OWNER TO waterexpress_user;

--
-- Name: storefront_discount_redemptions_id_seq; Type: SEQUENCE; Schema: public; Owner: waterexpress_user
--

CREATE SEQUENCE public.storefront_discount_redemptions_id_seq
    START WITH 1
    INCREMENT BY 1
    NO MINVALUE
    NO MAXVALUE
    CACHE 1;


ALTER SEQUENCE public.storefront_discount_redemptions_id_seq OWNER TO waterexpress_user;

--
-- Name: storefront_discount_redemptions_id_seq; Type: SEQUENCE OWNED BY; Schema: public; Owner: waterexpress_user
--

ALTER SEQUENCE public.storefront_discount_redemptions_id_seq OWNED BY public.storefront_discount_redemptions.id;


--
-- Name: storefront_discount_rules; Type: TABLE; Schema: public; Owner: waterexpress_user
--

CREATE TABLE public.storefront_discount_rules (
    id bigint NOT NULL,
    organization_id bigint NOT NULL,
    website_id bigint,
    name text NOT NULL,
    scope text DEFAULT 'order'::text NOT NULL,
    kind text NOT NULL,
    value numeric(15,4) NOT NULL,
    starts_at timestamp(3) without time zone,
    ends_at timestamp(3) without time zone,
    max_uses integer,
    per_customer_limit integer,
    product_ids jsonb,
    is_active boolean DEFAULT true NOT NULL,
    created_at timestamp(3) without time zone DEFAULT CURRENT_TIMESTAMP NOT NULL,
    updated_at timestamp(3) without time zone
);


ALTER TABLE public.storefront_discount_rules OWNER TO waterexpress_user;

--
-- Name: storefront_discount_rules_id_seq; Type: SEQUENCE; Schema: public; Owner: waterexpress_user
--

CREATE SEQUENCE public.storefront_discount_rules_id_seq
    START WITH 1
    INCREMENT BY 1
    NO MINVALUE
    NO MAXVALUE
    CACHE 1;


ALTER SEQUENCE public.storefront_discount_rules_id_seq OWNER TO waterexpress_user;

--
-- Name: storefront_discount_rules_id_seq; Type: SEQUENCE OWNED BY; Schema: public; Owner: waterexpress_user
--

ALTER SEQUENCE public.storefront_discount_rules_id_seq OWNED BY public.storefront_discount_rules.id;


--
-- Name: storefront_domains; Type: TABLE; Schema: public; Owner: waterexpress_user
--

CREATE TABLE public.storefront_domains (
    id bigint NOT NULL,
    organization_id bigint NOT NULL,
    website_id bigint NOT NULL,
    hostname text NOT NULL,
    status text DEFAULT 'pending'::text NOT NULL,
    is_primary boolean DEFAULT false NOT NULL,
    verified_at timestamp(3) without time zone,
    metadata jsonb,
    created_by_id bigint,
    updated_by_id bigint,
    created_at timestamp(3) without time zone DEFAULT CURRENT_TIMESTAMP NOT NULL,
    updated_at timestamp(3) without time zone
);


ALTER TABLE public.storefront_domains OWNER TO waterexpress_user;

--
-- Name: storefront_domains_id_seq; Type: SEQUENCE; Schema: public; Owner: waterexpress_user
--

CREATE SEQUENCE public.storefront_domains_id_seq
    START WITH 1
    INCREMENT BY 1
    NO MINVALUE
    NO MAXVALUE
    CACHE 1;


ALTER SEQUENCE public.storefront_domains_id_seq OWNER TO waterexpress_user;

--
-- Name: storefront_domains_id_seq; Type: SEQUENCE OWNED BY; Schema: public; Owner: waterexpress_user
--

ALTER SEQUENCE public.storefront_domains_id_seq OWNED BY public.storefront_domains.id;


--
-- Name: storefront_event_logs; Type: TABLE; Schema: public; Owner: waterexpress_user
--

CREATE TABLE public.storefront_event_logs (
    id bigint NOT NULL,
    organization_id bigint NOT NULL,
    website_id bigint,
    event_type text NOT NULL,
    severity text DEFAULT 'info'::text NOT NULL,
    actor_user_id bigint,
    resource_type text,
    resource_id text,
    message text,
    metadata jsonb,
    status text DEFAULT 'recorded'::text NOT NULL,
    created_by_id bigint,
    created_at timestamp(3) without time zone DEFAULT CURRENT_TIMESTAMP NOT NULL,
    updated_at timestamp(3) without time zone
);


ALTER TABLE public.storefront_event_logs OWNER TO waterexpress_user;

--
-- Name: storefront_event_logs_id_seq; Type: SEQUENCE; Schema: public; Owner: waterexpress_user
--

CREATE SEQUENCE public.storefront_event_logs_id_seq
    START WITH 1
    INCREMENT BY 1
    NO MINVALUE
    NO MAXVALUE
    CACHE 1;


ALTER SEQUENCE public.storefront_event_logs_id_seq OWNER TO waterexpress_user;

--
-- Name: storefront_event_logs_id_seq; Type: SEQUENCE OWNED BY; Schema: public; Owner: waterexpress_user
--

ALTER SEQUENCE public.storefront_event_logs_id_seq OWNED BY public.storefront_event_logs.id;


--
-- Name: storefront_events; Type: TABLE; Schema: public; Owner: waterexpress_user
--

CREATE TABLE public.storefront_events (
    id bigint NOT NULL,
    organization_id bigint NOT NULL,
    website_id bigint,
    slug text NOT NULL,
    title text NOT NULL,
    location text,
    venue text,
    event_date timestamp(3) without time zone,
    end_date timestamp(3) without time zone,
    image_url text,
    link_url text,
    description text,
    status text DEFAULT 'draft'::text NOT NULL,
    sort_order integer DEFAULT 0 NOT NULL,
    is_featured boolean DEFAULT false NOT NULL,
    created_by_id bigint,
    updated_by_id bigint,
    created_at timestamp(3) without time zone DEFAULT CURRENT_TIMESTAMP NOT NULL,
    updated_at timestamp(3) without time zone,
    address_line text,
    city text,
    state text,
    postal_code text,
    country text,
    latitude double precision,
    longitude double precision
);


ALTER TABLE public.storefront_events OWNER TO waterexpress_user;

--
-- Name: storefront_events_id_seq; Type: SEQUENCE; Schema: public; Owner: waterexpress_user
--

CREATE SEQUENCE public.storefront_events_id_seq
    START WITH 1
    INCREMENT BY 1
    NO MINVALUE
    NO MAXVALUE
    CACHE 1;


ALTER SEQUENCE public.storefront_events_id_seq OWNER TO waterexpress_user;

--
-- Name: storefront_events_id_seq; Type: SEQUENCE OWNED BY; Schema: public; Owner: waterexpress_user
--

ALTER SEQUENCE public.storefront_events_id_seq OWNED BY public.storefront_events.id;


--
-- Name: storefront_notification_logs; Type: TABLE; Schema: public; Owner: waterexpress_user
--

CREATE TABLE public.storefront_notification_logs (
    id bigint NOT NULL,
    organization_id bigint NOT NULL,
    website_id bigint,
    template_id bigint,
    channel text NOT NULL,
    recipient text,
    status text DEFAULT 'queued'::text NOT NULL,
    payload jsonb,
    error_message text,
    sent_at timestamp(3) without time zone,
    created_by_id bigint,
    created_at timestamp(3) without time zone DEFAULT CURRENT_TIMESTAMP NOT NULL,
    updated_at timestamp(3) without time zone
);


ALTER TABLE public.storefront_notification_logs OWNER TO waterexpress_user;

--
-- Name: storefront_notification_logs_id_seq; Type: SEQUENCE; Schema: public; Owner: waterexpress_user
--

CREATE SEQUENCE public.storefront_notification_logs_id_seq
    START WITH 1
    INCREMENT BY 1
    NO MINVALUE
    NO MAXVALUE
    CACHE 1;


ALTER SEQUENCE public.storefront_notification_logs_id_seq OWNER TO waterexpress_user;

--
-- Name: storefront_notification_logs_id_seq; Type: SEQUENCE OWNED BY; Schema: public; Owner: waterexpress_user
--

ALTER SEQUENCE public.storefront_notification_logs_id_seq OWNED BY public.storefront_notification_logs.id;


--
-- Name: storefront_notification_templates; Type: TABLE; Schema: public; Owner: waterexpress_user
--

CREATE TABLE public.storefront_notification_templates (
    id bigint NOT NULL,
    organization_id bigint NOT NULL,
    website_id bigint,
    key text NOT NULL,
    channel text DEFAULT 'email'::text NOT NULL,
    name text,
    subject text,
    body text,
    variables jsonb,
    status text DEFAULT 'active'::text NOT NULL,
    metadata jsonb,
    created_by_id bigint,
    updated_by_id bigint,
    created_at timestamp(3) without time zone DEFAULT CURRENT_TIMESTAMP NOT NULL,
    updated_at timestamp(3) without time zone
);


ALTER TABLE public.storefront_notification_templates OWNER TO waterexpress_user;

--
-- Name: storefront_notification_templates_id_seq; Type: SEQUENCE; Schema: public; Owner: waterexpress_user
--

CREATE SEQUENCE public.storefront_notification_templates_id_seq
    START WITH 1
    INCREMENT BY 1
    NO MINVALUE
    NO MAXVALUE
    CACHE 1;


ALTER SEQUENCE public.storefront_notification_templates_id_seq OWNER TO waterexpress_user;

--
-- Name: storefront_notification_templates_id_seq; Type: SEQUENCE OWNED BY; Schema: public; Owner: waterexpress_user
--

ALTER SEQUENCE public.storefront_notification_templates_id_seq OWNED BY public.storefront_notification_templates.id;


--
-- Name: storefront_order_events; Type: TABLE; Schema: public; Owner: waterexpress_user
--

CREATE TABLE public.storefront_order_events (
    id bigint NOT NULL,
    order_id bigint NOT NULL,
    kind text NOT NULL,
    message text,
    metadata jsonb,
    created_at timestamp(3) without time zone DEFAULT CURRENT_TIMESTAMP NOT NULL
);


ALTER TABLE public.storefront_order_events OWNER TO waterexpress_user;

--
-- Name: storefront_order_events_id_seq; Type: SEQUENCE; Schema: public; Owner: waterexpress_user
--

CREATE SEQUENCE public.storefront_order_events_id_seq
    START WITH 1
    INCREMENT BY 1
    NO MINVALUE
    NO MAXVALUE
    CACHE 1;


ALTER SEQUENCE public.storefront_order_events_id_seq OWNER TO waterexpress_user;

--
-- Name: storefront_order_events_id_seq; Type: SEQUENCE OWNED BY; Schema: public; Owner: waterexpress_user
--

ALTER SEQUENCE public.storefront_order_events_id_seq OWNED BY public.storefront_order_events.id;


--
-- Name: storefront_order_lines; Type: TABLE; Schema: public; Owner: waterexpress_user
--

CREATE TABLE public.storefront_order_lines (
    id bigint NOT NULL,
    order_id bigint NOT NULL,
    product_id bigint,
    variant_key text DEFAULT ''::text NOT NULL,
    name text NOT NULL,
    sku text,
    quantity integer NOT NULL,
    unit_price numeric(15,4) NOT NULL,
    line_total numeric(15,4) NOT NULL
);


ALTER TABLE public.storefront_order_lines OWNER TO waterexpress_user;

--
-- Name: storefront_order_lines_id_seq; Type: SEQUENCE; Schema: public; Owner: waterexpress_user
--

CREATE SEQUENCE public.storefront_order_lines_id_seq
    START WITH 1
    INCREMENT BY 1
    NO MINVALUE
    NO MAXVALUE
    CACHE 1;


ALTER SEQUENCE public.storefront_order_lines_id_seq OWNER TO waterexpress_user;

--
-- Name: storefront_order_lines_id_seq; Type: SEQUENCE OWNED BY; Schema: public; Owner: waterexpress_user
--

ALTER SEQUENCE public.storefront_order_lines_id_seq OWNED BY public.storefront_order_lines.id;


--
-- Name: storefront_orders; Type: TABLE; Schema: public; Owner: waterexpress_user
--

CREATE TABLE public.storefront_orders (
    id bigint NOT NULL,
    organization_id bigint NOT NULL,
    website_id bigint NOT NULL,
    order_number text NOT NULL,
    source text DEFAULT 'storefront'::text NOT NULL,
    status text DEFAULT 'pending_payment'::text NOT NULL,
    payment_status text,
    stripe_payment_intent_id text,
    stripe_checkout_session_id text,
    subtotal numeric(15,4) NOT NULL,
    tax_total numeric(15,4) DEFAULT 0 NOT NULL,
    shipping_total numeric(15,4) DEFAULT 0 NOT NULL,
    discount_total numeric(15,4) DEFAULT 0 NOT NULL,
    total numeric(15,4) NOT NULL,
    currency text DEFAULT 'USD'::text NOT NULL,
    customer_email text,
    customer_name text,
    shipping_address jsonb,
    billing_address jsonb,
    storefront_customer_id bigint,
    internal_notes text,
    fulfillment_status text DEFAULT 'unfulfilled'::text NOT NULL,
    created_at timestamp(3) without time zone DEFAULT CURRENT_TIMESTAMP NOT NULL,
    updated_at timestamp(3) without time zone,
    paid_at timestamp(3) without time zone,
    checkout_session_id text,
    crm_customer_id bigint,
    discount_code_id bigint,
    tax_lines jsonb,
    accounting_revenue_id bigint,
    fulfillment_assignee_user_id bigint
);


ALTER TABLE public.storefront_orders OWNER TO waterexpress_user;

--
-- Name: storefront_orders_id_seq; Type: SEQUENCE; Schema: public; Owner: waterexpress_user
--

CREATE SEQUENCE public.storefront_orders_id_seq
    START WITH 1
    INCREMENT BY 1
    NO MINVALUE
    NO MAXVALUE
    CACHE 1;


ALTER SEQUENCE public.storefront_orders_id_seq OWNER TO waterexpress_user;

--
-- Name: storefront_orders_id_seq; Type: SEQUENCE OWNED BY; Schema: public; Owner: waterexpress_user
--

ALTER SEQUENCE public.storefront_orders_id_seq OWNED BY public.storefront_orders.id;


--
-- Name: storefront_page_versions; Type: TABLE; Schema: public; Owner: waterexpress_user
--

CREATE TABLE public.storefront_page_versions (
    id bigint NOT NULL,
    page_id bigint NOT NULL,
    version integer DEFAULT 1 NOT NULL,
    label text,
    status text DEFAULT 'draft'::text NOT NULL,
    seo_title text,
    seo_description text,
    published_at timestamp(3) without time zone,
    metadata jsonb,
    created_by_id bigint,
    updated_by_id bigint,
    created_at timestamp(3) without time zone DEFAULT CURRENT_TIMESTAMP NOT NULL,
    updated_at timestamp(3) without time zone
);


ALTER TABLE public.storefront_page_versions OWNER TO waterexpress_user;

--
-- Name: storefront_page_versions_id_seq; Type: SEQUENCE; Schema: public; Owner: waterexpress_user
--

CREATE SEQUENCE public.storefront_page_versions_id_seq
    START WITH 1
    INCREMENT BY 1
    NO MINVALUE
    NO MAXVALUE
    CACHE 1;


ALTER SEQUENCE public.storefront_page_versions_id_seq OWNER TO waterexpress_user;

--
-- Name: storefront_page_versions_id_seq; Type: SEQUENCE OWNED BY; Schema: public; Owner: waterexpress_user
--

ALTER SEQUENCE public.storefront_page_versions_id_seq OWNED BY public.storefront_page_versions.id;


--
-- Name: storefront_pages; Type: TABLE; Schema: public; Owner: waterexpress_user
--

CREATE TABLE public.storefront_pages (
    id bigint NOT NULL,
    organization_id bigint NOT NULL,
    website_id bigint NOT NULL,
    slug text NOT NULL,
    title text NOT NULL,
    status text DEFAULT 'draft'::text NOT NULL,
    metadata jsonb,
    created_by_id bigint,
    updated_by_id bigint,
    created_at timestamp(3) without time zone DEFAULT CURRENT_TIMESTAMP NOT NULL,
    updated_at timestamp(3) without time zone
);


ALTER TABLE public.storefront_pages OWNER TO waterexpress_user;

--
-- Name: storefront_pages_id_seq; Type: SEQUENCE; Schema: public; Owner: waterexpress_user
--

CREATE SEQUENCE public.storefront_pages_id_seq
    START WITH 1
    INCREMENT BY 1
    NO MINVALUE
    NO MAXVALUE
    CACHE 1;


ALTER SEQUENCE public.storefront_pages_id_seq OWNER TO waterexpress_user;

--
-- Name: storefront_pages_id_seq; Type: SEQUENCE OWNED BY; Schema: public; Owner: waterexpress_user
--

ALTER SEQUENCE public.storefront_pages_id_seq OWNED BY public.storefront_pages.id;


--
-- Name: storefront_payment_records; Type: TABLE; Schema: public; Owner: waterexpress_user
--

CREATE TABLE public.storefront_payment_records (
    id bigint NOT NULL,
    order_id bigint NOT NULL,
    provider text DEFAULT 'stripe'::text NOT NULL,
    amount numeric(15,4) NOT NULL,
    currency text DEFAULT 'USD'::text NOT NULL,
    status text DEFAULT 'pending'::text NOT NULL,
    stripe_payment_intent_id text,
    idempotency_key text,
    raw_metadata jsonb,
    created_at timestamp(3) without time zone DEFAULT CURRENT_TIMESTAMP NOT NULL,
    updated_at timestamp(3) without time zone
);


ALTER TABLE public.storefront_payment_records OWNER TO waterexpress_user;

--
-- Name: storefront_payment_records_id_seq; Type: SEQUENCE; Schema: public; Owner: waterexpress_user
--

CREATE SEQUENCE public.storefront_payment_records_id_seq
    START WITH 1
    INCREMENT BY 1
    NO MINVALUE
    NO MAXVALUE
    CACHE 1;


ALTER SEQUENCE public.storefront_payment_records_id_seq OWNER TO waterexpress_user;

--
-- Name: storefront_payment_records_id_seq; Type: SEQUENCE OWNED BY; Schema: public; Owner: waterexpress_user
--

ALTER SEQUENCE public.storefront_payment_records_id_seq OWNED BY public.storefront_payment_records.id;


--
-- Name: storefront_section_instances; Type: TABLE; Schema: public; Owner: waterexpress_user
--

CREATE TABLE public.storefront_section_instances (
    id bigint NOT NULL,
    page_version_id bigint NOT NULL,
    theme_section_definition_id bigint,
    instance_key text,
    sort_order integer DEFAULT 0 NOT NULL,
    status text DEFAULT 'active'::text NOT NULL,
    settings jsonb,
    created_at timestamp(3) without time zone DEFAULT CURRENT_TIMESTAMP NOT NULL,
    updated_at timestamp(3) without time zone
);


ALTER TABLE public.storefront_section_instances OWNER TO waterexpress_user;

--
-- Name: storefront_section_instances_id_seq; Type: SEQUENCE; Schema: public; Owner: waterexpress_user
--

CREATE SEQUENCE public.storefront_section_instances_id_seq
    START WITH 1
    INCREMENT BY 1
    NO MINVALUE
    NO MAXVALUE
    CACHE 1;


ALTER SEQUENCE public.storefront_section_instances_id_seq OWNER TO waterexpress_user;

--
-- Name: storefront_section_instances_id_seq; Type: SEQUENCE OWNED BY; Schema: public; Owner: waterexpress_user
--

ALTER SEQUENCE public.storefront_section_instances_id_seq OWNED BY public.storefront_section_instances.id;


--
-- Name: storefront_shipments; Type: TABLE; Schema: public; Owner: waterexpress_user
--

CREATE TABLE public.storefront_shipments (
    id bigint NOT NULL,
    order_id bigint NOT NULL,
    status text DEFAULT 'pending'::text NOT NULL,
    carrier character varying(128),
    tracking_number character varying(128),
    shipped_at timestamp(3) without time zone,
    created_at timestamp(3) without time zone DEFAULT CURRENT_TIMESTAMP NOT NULL,
    updated_at timestamp(3) without time zone
);


ALTER TABLE public.storefront_shipments OWNER TO waterexpress_user;

--
-- Name: storefront_shipments_id_seq; Type: SEQUENCE; Schema: public; Owner: waterexpress_user
--

CREATE SEQUENCE public.storefront_shipments_id_seq
    START WITH 1
    INCREMENT BY 1
    NO MINVALUE
    NO MAXVALUE
    CACHE 1;


ALTER SEQUENCE public.storefront_shipments_id_seq OWNER TO waterexpress_user;

--
-- Name: storefront_shipments_id_seq; Type: SEQUENCE OWNED BY; Schema: public; Owner: waterexpress_user
--

ALTER SEQUENCE public.storefront_shipments_id_seq OWNED BY public.storefront_shipments.id;


--
-- Name: storefront_shipping_methods; Type: TABLE; Schema: public; Owner: waterexpress_user
--

CREATE TABLE public.storefront_shipping_methods (
    id bigint NOT NULL,
    zone_id bigint NOT NULL,
    name text NOT NULL,
    method_key text NOT NULL,
    flat_rate numeric(15,4) NOT NULL,
    sort_order integer DEFAULT 0 NOT NULL,
    is_active boolean DEFAULT true NOT NULL,
    created_at timestamp(3) without time zone DEFAULT CURRENT_TIMESTAMP NOT NULL,
    updated_at timestamp(3) without time zone
);


ALTER TABLE public.storefront_shipping_methods OWNER TO waterexpress_user;

--
-- Name: storefront_shipping_methods_id_seq; Type: SEQUENCE; Schema: public; Owner: waterexpress_user
--

CREATE SEQUENCE public.storefront_shipping_methods_id_seq
    START WITH 1
    INCREMENT BY 1
    NO MINVALUE
    NO MAXVALUE
    CACHE 1;


ALTER SEQUENCE public.storefront_shipping_methods_id_seq OWNER TO waterexpress_user;

--
-- Name: storefront_shipping_methods_id_seq; Type: SEQUENCE OWNED BY; Schema: public; Owner: waterexpress_user
--

ALTER SEQUENCE public.storefront_shipping_methods_id_seq OWNED BY public.storefront_shipping_methods.id;


--
-- Name: storefront_shipping_zones; Type: TABLE; Schema: public; Owner: waterexpress_user
--

CREATE TABLE public.storefront_shipping_zones (
    id bigint NOT NULL,
    organization_id bigint NOT NULL,
    website_id bigint,
    name text NOT NULL,
    countries jsonb NOT NULL,
    is_active boolean DEFAULT true NOT NULL,
    sort_order integer DEFAULT 0 NOT NULL,
    created_at timestamp(3) without time zone DEFAULT CURRENT_TIMESTAMP NOT NULL,
    updated_at timestamp(3) without time zone
);


ALTER TABLE public.storefront_shipping_zones OWNER TO waterexpress_user;

--
-- Name: storefront_shipping_zones_id_seq; Type: SEQUENCE; Schema: public; Owner: waterexpress_user
--

CREATE SEQUENCE public.storefront_shipping_zones_id_seq
    START WITH 1
    INCREMENT BY 1
    NO MINVALUE
    NO MAXVALUE
    CACHE 1;


ALTER SEQUENCE public.storefront_shipping_zones_id_seq OWNER TO waterexpress_user;

--
-- Name: storefront_shipping_zones_id_seq; Type: SEQUENCE OWNED BY; Schema: public; Owner: waterexpress_user
--

ALTER SEQUENCE public.storefront_shipping_zones_id_seq OWNED BY public.storefront_shipping_zones.id;


--
-- Name: storefront_stock_reservations; Type: TABLE; Schema: public; Owner: waterexpress_user
--

CREATE TABLE public.storefront_stock_reservations (
    id bigint NOT NULL,
    organization_id bigint NOT NULL,
    product_id bigint NOT NULL,
    variant_key text DEFAULT ''::text NOT NULL,
    quantity integer NOT NULL,
    cart_id text,
    checkout_session_id text,
    expires_at timestamp(3) without time zone NOT NULL,
    created_at timestamp(3) without time zone DEFAULT CURRENT_TIMESTAMP NOT NULL
);


ALTER TABLE public.storefront_stock_reservations OWNER TO waterexpress_user;

--
-- Name: storefront_stock_reservations_id_seq; Type: SEQUENCE; Schema: public; Owner: waterexpress_user
--

CREATE SEQUENCE public.storefront_stock_reservations_id_seq
    START WITH 1
    INCREMENT BY 1
    NO MINVALUE
    NO MAXVALUE
    CACHE 1;


ALTER SEQUENCE public.storefront_stock_reservations_id_seq OWNER TO waterexpress_user;

--
-- Name: storefront_stock_reservations_id_seq; Type: SEQUENCE OWNED BY; Schema: public; Owner: waterexpress_user
--

ALTER SEQUENCE public.storefront_stock_reservations_id_seq OWNED BY public.storefront_stock_reservations.id;


--
-- Name: storefront_tax_rules; Type: TABLE; Schema: public; Owner: waterexpress_user
--

CREATE TABLE public.storefront_tax_rules (
    id bigint NOT NULL,
    organization_id bigint NOT NULL,
    website_id bigint,
    country character varying(2) NOT NULL,
    region character varying(64),
    rate_percent numeric(10,4) NOT NULL,
    is_active boolean DEFAULT true NOT NULL,
    sort_order integer DEFAULT 0 NOT NULL,
    created_at timestamp(3) without time zone DEFAULT CURRENT_TIMESTAMP NOT NULL,
    updated_at timestamp(3) without time zone
);


ALTER TABLE public.storefront_tax_rules OWNER TO waterexpress_user;

--
-- Name: storefront_tax_rules_id_seq; Type: SEQUENCE; Schema: public; Owner: waterexpress_user
--

CREATE SEQUENCE public.storefront_tax_rules_id_seq
    START WITH 1
    INCREMENT BY 1
    NO MINVALUE
    NO MAXVALUE
    CACHE 1;


ALTER SEQUENCE public.storefront_tax_rules_id_seq OWNER TO waterexpress_user;

--
-- Name: storefront_tax_rules_id_seq; Type: SEQUENCE OWNED BY; Schema: public; Owner: waterexpress_user
--

ALTER SEQUENCE public.storefront_tax_rules_id_seq OWNED BY public.storefront_tax_rules.id;


--
-- Name: storefront_tax_settings; Type: TABLE; Schema: public; Owner: waterexpress_user
--

CREATE TABLE public.storefront_tax_settings (
    id bigint NOT NULL,
    organization_id bigint NOT NULL,
    website_id bigint,
    price_mode text DEFAULT 'exclusive'::text NOT NULL,
    created_at timestamp(3) without time zone DEFAULT CURRENT_TIMESTAMP NOT NULL,
    updated_at timestamp(3) without time zone
);


ALTER TABLE public.storefront_tax_settings OWNER TO waterexpress_user;

--
-- Name: storefront_tax_settings_id_seq; Type: SEQUENCE; Schema: public; Owner: waterexpress_user
--

CREATE SEQUENCE public.storefront_tax_settings_id_seq
    START WITH 1
    INCREMENT BY 1
    NO MINVALUE
    NO MAXVALUE
    CACHE 1;


ALTER SEQUENCE public.storefront_tax_settings_id_seq OWNER TO waterexpress_user;

--
-- Name: storefront_tax_settings_id_seq; Type: SEQUENCE OWNED BY; Schema: public; Owner: waterexpress_user
--

ALTER SEQUENCE public.storefront_tax_settings_id_seq OWNED BY public.storefront_tax_settings.id;


--
-- Name: storefront_theme_block_definitions; Type: TABLE; Schema: public; Owner: waterexpress_user
--

CREATE TABLE public.storefront_theme_block_definitions (
    id bigint NOT NULL,
    theme_section_def_id bigint NOT NULL,
    key text NOT NULL,
    block_type text NOT NULL,
    sort_order integer DEFAULT 0 NOT NULL,
    default_props jsonb,
    schema jsonb,
    created_at timestamp(3) without time zone DEFAULT CURRENT_TIMESTAMP NOT NULL,
    updated_at timestamp(3) without time zone,
    organization_id bigint NOT NULL,
    created_by_id bigint,
    updated_by_id bigint
);


ALTER TABLE public.storefront_theme_block_definitions OWNER TO waterexpress_user;

--
-- Name: storefront_theme_block_definitions_id_seq; Type: SEQUENCE; Schema: public; Owner: waterexpress_user
--

CREATE SEQUENCE public.storefront_theme_block_definitions_id_seq
    START WITH 1
    INCREMENT BY 1
    NO MINVALUE
    NO MAXVALUE
    CACHE 1;


ALTER SEQUENCE public.storefront_theme_block_definitions_id_seq OWNER TO waterexpress_user;

--
-- Name: storefront_theme_block_definitions_id_seq; Type: SEQUENCE OWNED BY; Schema: public; Owner: waterexpress_user
--

ALTER SEQUENCE public.storefront_theme_block_definitions_id_seq OWNED BY public.storefront_theme_block_definitions.id;


--
-- Name: storefront_theme_section_definitions; Type: TABLE; Schema: public; Owner: waterexpress_user
--

CREATE TABLE public.storefront_theme_section_definitions (
    id bigint NOT NULL,
    theme_version_id bigint NOT NULL,
    key text NOT NULL,
    label text,
    sort_order integer DEFAULT 0 NOT NULL,
    settings jsonb,
    created_at timestamp(3) without time zone DEFAULT CURRENT_TIMESTAMP NOT NULL,
    updated_at timestamp(3) without time zone,
    organization_id bigint NOT NULL,
    created_by_id bigint,
    updated_by_id bigint
);


ALTER TABLE public.storefront_theme_section_definitions OWNER TO waterexpress_user;

--
-- Name: storefront_theme_section_definitions_id_seq; Type: SEQUENCE; Schema: public; Owner: waterexpress_user
--

CREATE SEQUENCE public.storefront_theme_section_definitions_id_seq
    START WITH 1
    INCREMENT BY 1
    NO MINVALUE
    NO MAXVALUE
    CACHE 1;


ALTER SEQUENCE public.storefront_theme_section_definitions_id_seq OWNER TO waterexpress_user;

--
-- Name: storefront_theme_section_definitions_id_seq; Type: SEQUENCE OWNED BY; Schema: public; Owner: waterexpress_user
--

ALTER SEQUENCE public.storefront_theme_section_definitions_id_seq OWNED BY public.storefront_theme_section_definitions.id;


--
-- Name: storefront_theme_style_tokens; Type: TABLE; Schema: public; Owner: waterexpress_user
--

CREATE TABLE public.storefront_theme_style_tokens (
    id bigint NOT NULL,
    theme_version_id bigint NOT NULL,
    token_key text NOT NULL,
    value text NOT NULL,
    group_name text,
    created_at timestamp(3) without time zone DEFAULT CURRENT_TIMESTAMP NOT NULL,
    updated_at timestamp(3) without time zone,
    organization_id bigint NOT NULL,
    created_by_id bigint,
    updated_by_id bigint
);


ALTER TABLE public.storefront_theme_style_tokens OWNER TO waterexpress_user;

--
-- Name: storefront_theme_style_tokens_id_seq; Type: SEQUENCE; Schema: public; Owner: waterexpress_user
--

CREATE SEQUENCE public.storefront_theme_style_tokens_id_seq
    START WITH 1
    INCREMENT BY 1
    NO MINVALUE
    NO MAXVALUE
    CACHE 1;


ALTER SEQUENCE public.storefront_theme_style_tokens_id_seq OWNER TO waterexpress_user;

--
-- Name: storefront_theme_style_tokens_id_seq; Type: SEQUENCE OWNED BY; Schema: public; Owner: waterexpress_user
--

ALTER SEQUENCE public.storefront_theme_style_tokens_id_seq OWNED BY public.storefront_theme_style_tokens.id;


--
-- Name: storefront_theme_templates; Type: TABLE; Schema: public; Owner: waterexpress_user
--

CREATE TABLE public.storefront_theme_templates (
    id bigint NOT NULL,
    organization_id bigint,
    name text NOT NULL,
    slug text NOT NULL,
    description text,
    status text DEFAULT 'active'::text NOT NULL,
    preview_url text,
    metadata jsonb,
    created_by_id bigint,
    updated_by_id bigint,
    created_at timestamp(3) without time zone DEFAULT CURRENT_TIMESTAMP NOT NULL,
    updated_at timestamp(3) without time zone
);


ALTER TABLE public.storefront_theme_templates OWNER TO waterexpress_user;

--
-- Name: storefront_theme_templates_id_seq; Type: SEQUENCE; Schema: public; Owner: waterexpress_user
--

CREATE SEQUENCE public.storefront_theme_templates_id_seq
    START WITH 1
    INCREMENT BY 1
    NO MINVALUE
    NO MAXVALUE
    CACHE 1;


ALTER SEQUENCE public.storefront_theme_templates_id_seq OWNER TO waterexpress_user;

--
-- Name: storefront_theme_templates_id_seq; Type: SEQUENCE OWNED BY; Schema: public; Owner: waterexpress_user
--

ALTER SEQUENCE public.storefront_theme_templates_id_seq OWNED BY public.storefront_theme_templates.id;


--
-- Name: storefront_theme_versions; Type: TABLE; Schema: public; Owner: waterexpress_user
--

CREATE TABLE public.storefront_theme_versions (
    id bigint NOT NULL,
    theme_id bigint NOT NULL,
    version integer DEFAULT 1 NOT NULL,
    label text,
    status text DEFAULT 'draft'::text NOT NULL,
    published_at timestamp(3) without time zone,
    metadata jsonb,
    created_by_id bigint,
    updated_by_id bigint,
    created_at timestamp(3) without time zone DEFAULT CURRENT_TIMESTAMP NOT NULL,
    updated_at timestamp(3) without time zone,
    organization_id bigint NOT NULL
);


ALTER TABLE public.storefront_theme_versions OWNER TO waterexpress_user;

--
-- Name: storefront_theme_versions_id_seq; Type: SEQUENCE; Schema: public; Owner: waterexpress_user
--

CREATE SEQUENCE public.storefront_theme_versions_id_seq
    START WITH 1
    INCREMENT BY 1
    NO MINVALUE
    NO MAXVALUE
    CACHE 1;


ALTER SEQUENCE public.storefront_theme_versions_id_seq OWNER TO waterexpress_user;

--
-- Name: storefront_theme_versions_id_seq; Type: SEQUENCE OWNED BY; Schema: public; Owner: waterexpress_user
--

ALTER SEQUENCE public.storefront_theme_versions_id_seq OWNED BY public.storefront_theme_versions.id;


--
-- Name: storefront_themes; Type: TABLE; Schema: public; Owner: waterexpress_user
--

CREATE TABLE public.storefront_themes (
    id bigint NOT NULL,
    organization_id bigint NOT NULL,
    website_id bigint,
    source_template_id bigint,
    name text NOT NULL,
    slug text NOT NULL,
    status text DEFAULT 'draft'::text NOT NULL,
    metadata jsonb,
    created_by_id bigint,
    updated_by_id bigint,
    created_at timestamp(3) without time zone DEFAULT CURRENT_TIMESTAMP NOT NULL,
    updated_at timestamp(3) without time zone
);


ALTER TABLE public.storefront_themes OWNER TO waterexpress_user;

--
-- Name: storefront_themes_id_seq; Type: SEQUENCE; Schema: public; Owner: waterexpress_user
--

CREATE SEQUENCE public.storefront_themes_id_seq
    START WITH 1
    INCREMENT BY 1
    NO MINVALUE
    NO MAXVALUE
    CACHE 1;


ALTER SEQUENCE public.storefront_themes_id_seq OWNER TO waterexpress_user;

--
-- Name: storefront_themes_id_seq; Type: SEQUENCE OWNED BY; Schema: public; Owner: waterexpress_user
--

ALTER SEQUENCE public.storefront_themes_id_seq OWNED BY public.storefront_themes.id;


--
-- Name: storefront_websites; Type: TABLE; Schema: public; Owner: waterexpress_user
--

CREATE TABLE public.storefront_websites (
    id bigint NOT NULL,
    organization_id bigint NOT NULL,
    name text NOT NULL,
    slug text NOT NULL,
    status text DEFAULT 'draft'::text NOT NULL,
    default_locale character varying(16),
    metadata jsonb,
    created_by_id bigint,
    updated_by_id bigint,
    created_at timestamp(3) without time zone DEFAULT CURRENT_TIMESTAMP NOT NULL,
    updated_at timestamp(3) without time zone
);


ALTER TABLE public.storefront_websites OWNER TO waterexpress_user;

--
-- Name: storefront_websites_id_seq; Type: SEQUENCE; Schema: public; Owner: waterexpress_user
--

CREATE SEQUENCE public.storefront_websites_id_seq
    START WITH 1
    INCREMENT BY 1
    NO MINVALUE
    NO MAXVALUE
    CACHE 1;


ALTER SEQUENCE public.storefront_websites_id_seq OWNER TO waterexpress_user;

--
-- Name: storefront_websites_id_seq; Type: SEQUENCE OWNED BY; Schema: public; Owner: waterexpress_user
--

ALTER SEQUENCE public.storefront_websites_id_seq OWNED BY public.storefront_websites.id;


--
-- Name: task_comments; Type: TABLE; Schema: public; Owner: waterexpress_user
--

CREATE TABLE public.task_comments (
    id bigint NOT NULL,
    task_id bigint NOT NULL,
    comment text NOT NULL,
    user_id bigint NOT NULL,
    created_at timestamp(3) without time zone DEFAULT CURRENT_TIMESTAMP NOT NULL,
    updated_at timestamp(3) without time zone
);


ALTER TABLE public.task_comments OWNER TO waterexpress_user;

--
-- Name: task_comments_id_seq; Type: SEQUENCE; Schema: public; Owner: waterexpress_user
--

CREATE SEQUENCE public.task_comments_id_seq
    START WITH 1
    INCREMENT BY 1
    NO MINVALUE
    NO MAXVALUE
    CACHE 1;


ALTER SEQUENCE public.task_comments_id_seq OWNER TO waterexpress_user;

--
-- Name: task_comments_id_seq; Type: SEQUENCE OWNED BY; Schema: public; Owner: waterexpress_user
--

ALTER SEQUENCE public.task_comments_id_seq OWNED BY public.task_comments.id;


--
-- Name: task_stages; Type: TABLE; Schema: public; Owner: waterexpress_user
--

CREATE TABLE public.task_stages (
    id bigint NOT NULL,
    name text NOT NULL,
    color text DEFAULT '#051c4b'::text NOT NULL,
    complete boolean DEFAULT false NOT NULL,
    "order" integer DEFAULT 0 NOT NULL,
    creator_id bigint,
    created_by bigint,
    created_at timestamp(3) without time zone DEFAULT CURRENT_TIMESTAMP NOT NULL,
    updated_at timestamp(3) without time zone
);


ALTER TABLE public.task_stages OWNER TO waterexpress_user;

--
-- Name: task_stages_id_seq; Type: SEQUENCE; Schema: public; Owner: waterexpress_user
--

CREATE SEQUENCE public.task_stages_id_seq
    START WITH 1
    INCREMENT BY 1
    NO MINVALUE
    NO MAXVALUE
    CACHE 1;


ALTER SEQUENCE public.task_stages_id_seq OWNER TO waterexpress_user;

--
-- Name: task_stages_id_seq; Type: SEQUENCE OWNED BY; Schema: public; Owner: waterexpress_user
--

ALTER SEQUENCE public.task_stages_id_seq OWNED BY public.task_stages.id;


--
-- Name: task_subtasks; Type: TABLE; Schema: public; Owner: waterexpress_user
--

CREATE TABLE public.task_subtasks (
    id bigint NOT NULL,
    task_id bigint NOT NULL,
    name text NOT NULL,
    due_date date,
    is_completed boolean DEFAULT false NOT NULL,
    user_id bigint NOT NULL,
    created_at timestamp(3) without time zone DEFAULT CURRENT_TIMESTAMP NOT NULL,
    updated_at timestamp(3) without time zone
);


ALTER TABLE public.task_subtasks OWNER TO waterexpress_user;

--
-- Name: task_subtasks_id_seq; Type: SEQUENCE; Schema: public; Owner: waterexpress_user
--

CREATE SEQUENCE public.task_subtasks_id_seq
    START WITH 1
    INCREMENT BY 1
    NO MINVALUE
    NO MAXVALUE
    CACHE 1;


ALTER SEQUENCE public.task_subtasks_id_seq OWNER TO waterexpress_user;

--
-- Name: task_subtasks_id_seq; Type: SEQUENCE OWNED BY; Schema: public; Owner: waterexpress_user
--

ALTER SEQUENCE public.task_subtasks_id_seq OWNED BY public.task_subtasks.id;


--
-- Name: user_coupons; Type: TABLE; Schema: public; Owner: waterexpress_user
--

CREATE TABLE public.user_coupons (
    id bigint NOT NULL,
    coupon_id bigint NOT NULL,
    user_id bigint NOT NULL,
    order_id text,
    created_at timestamp(3) without time zone DEFAULT CURRENT_TIMESTAMP NOT NULL,
    updated_at timestamp(3) without time zone
);


ALTER TABLE public.user_coupons OWNER TO waterexpress_user;

--
-- Name: user_coupons_id_seq; Type: SEQUENCE; Schema: public; Owner: waterexpress_user
--

CREATE SEQUENCE public.user_coupons_id_seq
    START WITH 1
    INCREMENT BY 1
    NO MINVALUE
    NO MAXVALUE
    CACHE 1;


ALTER SEQUENCE public.user_coupons_id_seq OWNER TO waterexpress_user;

--
-- Name: user_coupons_id_seq; Type: SEQUENCE OWNED BY; Schema: public; Owner: waterexpress_user
--

ALTER SEQUENCE public.user_coupons_id_seq OWNED BY public.user_coupons.id;


--
-- Name: user_google_calendar_connections; Type: TABLE; Schema: public; Owner: waterexpress_user
--

CREATE TABLE public.user_google_calendar_connections (
    id bigint NOT NULL,
    user_id bigint NOT NULL,
    organization_id bigint NOT NULL,
    google_email character varying(320),
    refresh_token text NOT NULL,
    access_token text,
    access_token_expires_at timestamp(3) without time zone,
    calendar_id character varying(256) DEFAULT 'primary'::character varying NOT NULL,
    sync_live_sessions boolean DEFAULT true NOT NULL,
    created_at timestamp(3) without time zone DEFAULT CURRENT_TIMESTAMP NOT NULL,
    updated_at timestamp(3) without time zone
);


ALTER TABLE public.user_google_calendar_connections OWNER TO waterexpress_user;

--
-- Name: user_google_calendar_connections_id_seq; Type: SEQUENCE; Schema: public; Owner: waterexpress_user
--

CREATE SEQUENCE public.user_google_calendar_connections_id_seq
    START WITH 1
    INCREMENT BY 1
    NO MINVALUE
    NO MAXVALUE
    CACHE 1;


ALTER SEQUENCE public.user_google_calendar_connections_id_seq OWNER TO waterexpress_user;

--
-- Name: user_google_calendar_connections_id_seq; Type: SEQUENCE OWNED BY; Schema: public; Owner: waterexpress_user
--

ALTER SEQUENCE public.user_google_calendar_connections_id_seq OWNED BY public.user_google_calendar_connections.id;


--
-- Name: users; Type: TABLE; Schema: public; Owner: waterexpress_user
--

CREATE TABLE public.users (
    id bigint NOT NULL,
    name text,
    email text,
    password text,
    type text,
    slug text,
    mobile_no text,
    avatar text,
    lang text,
    is_enable_login boolean,
    is_active boolean,
    active_plan integer,
    plan_expire_date date,
    creator_id bigint,
    created_by bigint,
    email_verified_at timestamp(3) without time zone,
    created_at timestamp(3) without time zone DEFAULT CURRENT_TIMESTAMP NOT NULL,
    updated_at timestamp(3) without time zone,
    partner_id bigint,
    referral_source character varying(255),
    referred_at timestamp without time zone,
    marketplace_vendor_id bigint,
    force_password_reset boolean DEFAULT false NOT NULL
);


ALTER TABLE public.users OWNER TO waterexpress_user;

--
-- Name: vendor_payments; Type: TABLE; Schema: public; Owner: waterexpress_user
--

CREATE TABLE public.vendor_payments (
    id bigint NOT NULL,
    reference_number text NOT NULL,
    vendor_id bigint NOT NULL,
    payment_date date NOT NULL,
    amount numeric(15,2) NOT NULL,
    payment_method text,
    bank_account_id bigint,
    reference text,
    status text DEFAULT 'completed'::text NOT NULL,
    notes text,
    creator_id bigint,
    created_by bigint,
    created_at timestamp(3) without time zone DEFAULT CURRENT_TIMESTAMP NOT NULL,
    updated_at timestamp(3) without time zone
);


ALTER TABLE public.vendor_payments OWNER TO waterexpress_user;

--
-- Name: vendor_payments_id_seq; Type: SEQUENCE; Schema: public; Owner: waterexpress_user
--

CREATE SEQUENCE public.vendor_payments_id_seq
    START WITH 1
    INCREMENT BY 1
    NO MINVALUE
    NO MAXVALUE
    CACHE 1;


ALTER SEQUENCE public.vendor_payments_id_seq OWNER TO waterexpress_user;

--
-- Name: vendor_payments_id_seq; Type: SEQUENCE OWNED BY; Schema: public; Owner: waterexpress_user
--

ALTER SEQUENCE public.vendor_payments_id_seq OWNED BY public.vendor_payments.id;


--
-- Name: vendors; Type: TABLE; Schema: public; Owner: waterexpress_user
--

CREATE TABLE public.vendors (
    id bigint NOT NULL,
    created_by bigint NOT NULL,
    name text NOT NULL,
    company_name text,
    email text,
    phone text,
    tax_number text,
    billing_address text,
    billing_city text,
    billing_state text,
    billing_postal_code text,
    billing_country text,
    shipping_address text,
    shipping_city text,
    shipping_state text,
    shipping_postal_code text,
    shipping_country text,
    same_as_billing boolean DEFAULT false NOT NULL,
    status text DEFAULT 'active'::text NOT NULL,
    notes text,
    created_at timestamp(3) without time zone DEFAULT CURRENT_TIMESTAMP NOT NULL,
    updated_at timestamp(3) without time zone
);


ALTER TABLE public.vendors OWNER TO waterexpress_user;

--
-- Name: vendors_id_seq; Type: SEQUENCE; Schema: public; Owner: waterexpress_user
--

CREATE SEQUENCE public.vendors_id_seq
    START WITH 1
    INCREMENT BY 1
    NO MINVALUE
    NO MAXVALUE
    CACHE 1;


ALTER SEQUENCE public.vendors_id_seq OWNER TO waterexpress_user;

--
-- Name: vendors_id_seq; Type: SEQUENCE OWNED BY; Schema: public; Owner: waterexpress_user
--

ALTER SEQUENCE public.vendors_id_seq OWNED BY public.vendors.id;


--
-- Name: wa_contacts; Type: TABLE; Schema: public; Owner: waterexpress_user
--

CREATE TABLE public.wa_contacts (
    id bigint NOT NULL,
    name text NOT NULL,
    phone text NOT NULL,
    type text DEFAULT 'custom'::text NOT NULL,
    user_id bigint,
    created_at timestamp(3) without time zone DEFAULT CURRENT_TIMESTAMP NOT NULL,
    updated_at timestamp(3) without time zone
);


ALTER TABLE public.wa_contacts OWNER TO waterexpress_user;

--
-- Name: wa_contacts_id_seq; Type: SEQUENCE; Schema: public; Owner: waterexpress_user
--

CREATE SEQUENCE public.wa_contacts_id_seq
    START WITH 1
    INCREMENT BY 1
    NO MINVALUE
    NO MAXVALUE
    CACHE 1;


ALTER SEQUENCE public.wa_contacts_id_seq OWNER TO waterexpress_user;

--
-- Name: wa_contacts_id_seq; Type: SEQUENCE OWNED BY; Schema: public; Owner: waterexpress_user
--

ALTER SEQUENCE public.wa_contacts_id_seq OWNED BY public.wa_contacts.id;


--
-- Name: wa_event_notifications; Type: TABLE; Schema: public; Owner: waterexpress_user
--

CREATE TABLE public.wa_event_notifications (
    id bigint NOT NULL,
    event text NOT NULL,
    label text NOT NULL,
    is_enabled boolean DEFAULT true NOT NULL,
    template text,
    created_at timestamp(3) without time zone DEFAULT CURRENT_TIMESTAMP NOT NULL,
    updated_at timestamp(3) without time zone
);


ALTER TABLE public.wa_event_notifications OWNER TO waterexpress_user;

--
-- Name: wa_event_notifications_id_seq; Type: SEQUENCE; Schema: public; Owner: waterexpress_user
--

CREATE SEQUENCE public.wa_event_notifications_id_seq
    START WITH 1
    INCREMENT BY 1
    NO MINVALUE
    NO MAXVALUE
    CACHE 1;


ALTER SEQUENCE public.wa_event_notifications_id_seq OWNER TO waterexpress_user;

--
-- Name: wa_event_notifications_id_seq; Type: SEQUENCE OWNED BY; Schema: public; Owner: waterexpress_user
--

ALTER SEQUENCE public.wa_event_notifications_id_seq OWNED BY public.wa_event_notifications.id;


--
-- Name: wa_messages; Type: TABLE; Schema: public; Owner: waterexpress_user
--

CREATE TABLE public.wa_messages (
    id bigint NOT NULL,
    contact_id bigint NOT NULL,
    direction text DEFAULT 'outbound'::text NOT NULL,
    message text NOT NULL,
    status text DEFAULT 'sent'::text NOT NULL,
    created_at timestamp(3) without time zone DEFAULT CURRENT_TIMESTAMP NOT NULL
);


ALTER TABLE public.wa_messages OWNER TO waterexpress_user;

--
-- Name: wa_messages_id_seq; Type: SEQUENCE; Schema: public; Owner: waterexpress_user
--

CREATE SEQUENCE public.wa_messages_id_seq
    START WITH 1
    INCREMENT BY 1
    NO MINVALUE
    NO MAXVALUE
    CACHE 1;


ALTER SEQUENCE public.wa_messages_id_seq OWNER TO waterexpress_user;

--
-- Name: wa_messages_id_seq; Type: SEQUENCE OWNED BY; Schema: public; Owner: waterexpress_user
--

ALTER SEQUENCE public.wa_messages_id_seq OWNED BY public.wa_messages.id;


--
-- Name: wa_settings; Type: TABLE; Schema: public; Owner: waterexpress_user
--

CREATE TABLE public.wa_settings (
    id bigint NOT NULL,
    key text NOT NULL,
    value text,
    created_at timestamp(3) without time zone DEFAULT CURRENT_TIMESTAMP NOT NULL,
    updated_at timestamp(3) without time zone
);


ALTER TABLE public.wa_settings OWNER TO waterexpress_user;

--
-- Name: wa_settings_id_seq; Type: SEQUENCE; Schema: public; Owner: waterexpress_user
--

CREATE SEQUENCE public.wa_settings_id_seq
    START WITH 1
    INCREMENT BY 1
    NO MINVALUE
    NO MAXVALUE
    CACHE 1;


ALTER SEQUENCE public.wa_settings_id_seq OWNER TO waterexpress_user;

--
-- Name: wa_settings_id_seq; Type: SEQUENCE OWNED BY; Schema: public; Owner: waterexpress_user
--

ALTER SEQUENCE public.wa_settings_id_seq OWNED BY public.wa_settings.id;


--
-- Name: warehouses; Type: TABLE; Schema: public; Owner: waterexpress_user
--

CREATE TABLE public.warehouses (
    id bigint NOT NULL,
    name text NOT NULL,
    address text NOT NULL,
    city character varying(255),
    zip_code text,
    phone text,
    email text,
    is_active boolean DEFAULT true NOT NULL,
    creator_id bigint,
    created_by bigint,
    created_at timestamp(3) without time zone DEFAULT CURRENT_TIMESTAMP NOT NULL,
    updated_at timestamp(3) without time zone
);


ALTER TABLE public.warehouses OWNER TO waterexpress_user;

--
-- Name: warehouses_id_seq; Type: SEQUENCE; Schema: public; Owner: waterexpress_user
--

CREATE SEQUENCE public.warehouses_id_seq
    START WITH 1
    INCREMENT BY 1
    NO MINVALUE
    NO MAXVALUE
    CACHE 1;


ALTER SEQUENCE public.warehouses_id_seq OWNER TO waterexpress_user;

--
-- Name: warehouses_id_seq; Type: SEQUENCE OWNED BY; Schema: public; Owner: waterexpress_user
--

ALTER SEQUENCE public.warehouses_id_seq OWNED BY public.warehouses.id;


--
-- Name: waterice_memberships; Type: TABLE; Schema: public; Owner: waterexpress_user
--

CREATE TABLE public.waterice_memberships (
    id bigint NOT NULL,
    name character varying(255) NOT NULL,
    slug character varying(255) NOT NULL,
    price numeric(10,2) DEFAULT 0 NOT NULL,
    billing_period character varying(32) DEFAULT 'month'::character varying NOT NULL,
    tagline text,
    perks jsonb,
    badge character varying(64),
    cta_label character varying(64),
    featured boolean DEFAULT false NOT NULL,
    published boolean DEFAULT true NOT NULL,
    sort_order integer DEFAULT 0 NOT NULL,
    created_at timestamp(3) without time zone DEFAULT CURRENT_TIMESTAMP NOT NULL,
    updated_at timestamp(3) without time zone
);


ALTER TABLE public.waterice_memberships OWNER TO waterexpress_user;

--
-- Name: waterice_memberships_id_seq; Type: SEQUENCE; Schema: public; Owner: waterexpress_user
--

CREATE SEQUENCE public.waterice_memberships_id_seq
    START WITH 1
    INCREMENT BY 1
    NO MINVALUE
    NO MAXVALUE
    CACHE 1;


ALTER SEQUENCE public.waterice_memberships_id_seq OWNER TO waterexpress_user;

--
-- Name: waterice_memberships_id_seq; Type: SEQUENCE OWNED BY; Schema: public; Owner: waterexpress_user
--

ALTER SEQUENCE public.waterice_memberships_id_seq OWNED BY public.waterice_memberships.id;


--
-- Name: account_categories id; Type: DEFAULT; Schema: public; Owner: waterexpress_user
--

ALTER TABLE ONLY public.account_categories ALTER COLUMN id SET DEFAULT nextval('public.account_categories_id_seq'::regclass);


--
-- Name: account_types id; Type: DEFAULT; Schema: public; Owner: waterexpress_user
--

ALTER TABLE ONLY public.account_types ALTER COLUMN id SET DEFAULT nextval('public.account_types_id_seq'::regclass);


--
-- Name: add_ons id; Type: DEFAULT; Schema: public; Owner: waterexpress_user
--

ALTER TABLE ONLY public.add_ons ALTER COLUMN id SET DEFAULT nextval('public.add_ons_id_seq'::regclass);


--
-- Name: affiliate_commissions id; Type: DEFAULT; Schema: public; Owner: waterexpress_user
--

ALTER TABLE ONLY public.affiliate_commissions ALTER COLUMN id SET DEFAULT nextval('public.affiliate_commissions_id_seq'::regclass);


--
-- Name: affiliate_links id; Type: DEFAULT; Schema: public; Owner: waterexpress_user
--

ALTER TABLE ONLY public.affiliate_links ALTER COLUMN id SET DEFAULT nextval('public.affiliate_links_id_seq'::regclass);


--
-- Name: affiliate_partners id; Type: DEFAULT; Schema: public; Owner: waterexpress_user
--

ALTER TABLE ONLY public.affiliate_partners ALTER COLUMN id SET DEFAULT nextval('public.affiliate_partners_id_seq'::regclass);


--
-- Name: affiliate_payouts id; Type: DEFAULT; Schema: public; Owner: waterexpress_user
--

ALTER TABLE ONLY public.affiliate_payouts ALTER COLUMN id SET DEFAULT nextval('public.affiliate_payouts_id_seq'::regclass);


--
-- Name: affiliate_programs id; Type: DEFAULT; Schema: public; Owner: waterexpress_user
--

ALTER TABLE ONLY public.affiliate_programs ALTER COLUMN id SET DEFAULT nextval('public.affiliate_programs_id_seq'::regclass);


--
-- Name: affiliate_settings id; Type: DEFAULT; Schema: public; Owner: waterexpress_user
--

ALTER TABLE ONLY public.affiliate_settings ALTER COLUMN id SET DEFAULT nextval('public.affiliate_settings_id_seq'::regclass);


--
-- Name: app_notifications id; Type: DEFAULT; Schema: public; Owner: waterexpress_user
--

ALTER TABLE ONLY public.app_notifications ALTER COLUMN id SET DEFAULT nextval('public.app_notifications_id_seq'::regclass);


--
-- Name: appointment_callbacks id; Type: DEFAULT; Schema: public; Owner: waterexpress_user
--

ALTER TABLE ONLY public.appointment_callbacks ALTER COLUMN id SET DEFAULT nextval('public.appointment_callbacks_id_seq'::regclass);


--
-- Name: appointment_hours id; Type: DEFAULT; Schema: public; Owner: waterexpress_user
--

ALTER TABLE ONLY public.appointment_hours ALTER COLUMN id SET DEFAULT nextval('public.appointment_hours_id_seq'::regclass);


--
-- Name: appointment_settings id; Type: DEFAULT; Schema: public; Owner: waterexpress_user
--

ALTER TABLE ONLY public.appointment_settings ALTER COLUMN id SET DEFAULT nextval('public.appointment_settings_id_seq'::regclass);


--
-- Name: appointments id; Type: DEFAULT; Schema: public; Owner: waterexpress_user
--

ALTER TABLE ONLY public.appointments ALTER COLUMN id SET DEFAULT nextval('public.appointments_id_seq'::regclass);


--
-- Name: asset_assignments id; Type: DEFAULT; Schema: public; Owner: waterexpress_user
--

ALTER TABLE ONLY public.asset_assignments ALTER COLUMN id SET DEFAULT nextval('public.asset_assignments_id_seq'::regclass);


--
-- Name: asset_borrow_payments id; Type: DEFAULT; Schema: public; Owner: waterexpress_user
--

ALTER TABLE ONLY public.asset_borrow_payments ALTER COLUMN id SET DEFAULT nextval('public.asset_borrow_payments_id_seq'::regclass);


--
-- Name: asset_borrow_rents id; Type: DEFAULT; Schema: public; Owner: waterexpress_user
--

ALTER TABLE ONLY public.asset_borrow_rents ALTER COLUMN id SET DEFAULT nextval('public.asset_borrow_rents_id_seq'::regclass);


--
-- Name: asset_categories id; Type: DEFAULT; Schema: public; Owner: waterexpress_user
--

ALTER TABLE ONLY public.asset_categories ALTER COLUMN id SET DEFAULT nextval('public.asset_categories_id_seq'::regclass);


--
-- Name: asset_depreciations id; Type: DEFAULT; Schema: public; Owner: waterexpress_user
--

ALTER TABLE ONLY public.asset_depreciations ALTER COLUMN id SET DEFAULT nextval('public.asset_depreciations_id_seq'::regclass);


--
-- Name: asset_locations id; Type: DEFAULT; Schema: public; Owner: waterexpress_user
--

ALTER TABLE ONLY public.asset_locations ALTER COLUMN id SET DEFAULT nextval('public.asset_locations_id_seq'::regclass);


--
-- Name: asset_maintenances id; Type: DEFAULT; Schema: public; Owner: waterexpress_user
--

ALTER TABLE ONLY public.asset_maintenances ALTER COLUMN id SET DEFAULT nextval('public.asset_maintenances_id_seq'::regclass);


--
-- Name: assets id; Type: DEFAULT; Schema: public; Owner: waterexpress_user
--

ALTER TABLE ONLY public.assets ALTER COLUMN id SET DEFAULT nextval('public.assets_id_seq'::regclass);


--
-- Name: bank_accounts id; Type: DEFAULT; Schema: public; Owner: waterexpress_user
--

ALTER TABLE ONLY public.bank_accounts ALTER COLUMN id SET DEFAULT nextval('public.bank_accounts_id_seq'::regclass);


--
-- Name: bank_transactions id; Type: DEFAULT; Schema: public; Owner: waterexpress_user
--

ALTER TABLE ONLY public.bank_transactions ALTER COLUMN id SET DEFAULT nextval('public.bank_transactions_id_seq'::regclass);


--
-- Name: bank_transfer_payments id; Type: DEFAULT; Schema: public; Owner: waterexpress_user
--

ALTER TABLE ONLY public.bank_transfer_payments ALTER COLUMN id SET DEFAULT nextval('public.bank_transfer_payments_id_seq'::regclass);


--
-- Name: bank_transfers id; Type: DEFAULT; Schema: public; Owner: waterexpress_user
--

ALTER TABLE ONLY public.bank_transfers ALTER COLUMN id SET DEFAULT nextval('public.bank_transfers_id_seq'::regclass);


--
-- Name: bug_comments id; Type: DEFAULT; Schema: public; Owner: waterexpress_user
--

ALTER TABLE ONLY public.bug_comments ALTER COLUMN id SET DEFAULT nextval('public.bug_comments_id_seq'::regclass);


--
-- Name: bug_stages id; Type: DEFAULT; Schema: public; Owner: waterexpress_user
--

ALTER TABLE ONLY public.bug_stages ALTER COLUMN id SET DEFAULT nextval('public.bug_stages_id_seq'::regclass);


--
-- Name: candidate_assessments id; Type: DEFAULT; Schema: public; Owner: waterexpress_user
--

ALTER TABLE ONLY public.candidate_assessments ALTER COLUMN id SET DEFAULT nextval('public.candidate_assessments_id_seq'::regclass);


--
-- Name: candidate_onboardings id; Type: DEFAULT; Schema: public; Owner: waterexpress_user
--

ALTER TABLE ONLY public.candidate_onboardings ALTER COLUMN id SET DEFAULT nextval('public.candidate_onboardings_id_seq'::regclass);


--
-- Name: candidate_sources id; Type: DEFAULT; Schema: public; Owner: waterexpress_user
--

ALTER TABLE ONLY public.candidate_sources ALTER COLUMN id SET DEFAULT nextval('public.candidate_sources_id_seq'::regclass);


--
-- Name: candidates id; Type: DEFAULT; Schema: public; Owner: waterexpress_user
--

ALTER TABLE ONLY public.candidates ALTER COLUMN id SET DEFAULT nextval('public.candidates_id_seq'::regclass);


--
-- Name: ch_favorites id; Type: DEFAULT; Schema: public; Owner: waterexpress_user
--

ALTER TABLE ONLY public.ch_favorites ALTER COLUMN id SET DEFAULT nextval('public.ch_favorites_id_seq'::regclass);


--
-- Name: ch_messages id; Type: DEFAULT; Schema: public; Owner: waterexpress_user
--

ALTER TABLE ONLY public.ch_messages ALTER COLUMN id SET DEFAULT nextval('public.ch_messages_id_seq'::regclass);


--
-- Name: chart_of_accounts id; Type: DEFAULT; Schema: public; Owner: waterexpress_user
--

ALTER TABLE ONLY public.chart_of_accounts ALTER COLUMN id SET DEFAULT nextval('public.chart_of_accounts_id_seq'::regclass);


--
-- Name: checklist_items id; Type: DEFAULT; Schema: public; Owner: waterexpress_user
--

ALTER TABLE ONLY public.checklist_items ALTER COLUMN id SET DEFAULT nextval('public.checklist_items_id_seq'::regclass);


--
-- Name: company_marketplace_links id; Type: DEFAULT; Schema: public; Owner: waterexpress_user
--

ALTER TABLE ONLY public.company_marketplace_links ALTER COLUMN id SET DEFAULT nextval('public.company_marketplace_links_id_seq'::regclass);


--
-- Name: coupons id; Type: DEFAULT; Schema: public; Owner: waterexpress_user
--

ALTER TABLE ONLY public.coupons ALTER COLUMN id SET DEFAULT nextval('public.coupons_id_seq'::regclass);


--
-- Name: credit_notes id; Type: DEFAULT; Schema: public; Owner: waterexpress_user
--

ALTER TABLE ONLY public.credit_notes ALTER COLUMN id SET DEFAULT nextval('public.credit_notes_id_seq'::regclass);


--
-- Name: crm_deal_activities id; Type: DEFAULT; Schema: public; Owner: waterexpress_user
--

ALTER TABLE ONLY public.crm_deal_activities ALTER COLUMN id SET DEFAULT nextval('public.crm_deal_activities_id_seq'::regclass);


--
-- Name: crm_deals id; Type: DEFAULT; Schema: public; Owner: waterexpress_user
--

ALTER TABLE ONLY public.crm_deals ALTER COLUMN id SET DEFAULT nextval('public.crm_deals_id_seq'::regclass);


--
-- Name: crm_lead_activities id; Type: DEFAULT; Schema: public; Owner: waterexpress_user
--

ALTER TABLE ONLY public.crm_lead_activities ALTER COLUMN id SET DEFAULT nextval('public.crm_lead_activities_id_seq'::regclass);


--
-- Name: crm_leads id; Type: DEFAULT; Schema: public; Owner: waterexpress_user
--

ALTER TABLE ONLY public.crm_leads ALTER COLUMN id SET DEFAULT nextval('public.crm_leads_id_seq'::regclass);


--
-- Name: crm_pipeline_stages id; Type: DEFAULT; Schema: public; Owner: waterexpress_user
--

ALTER TABLE ONLY public.crm_pipeline_stages ALTER COLUMN id SET DEFAULT nextval('public.crm_pipeline_stages_id_seq'::regclass);


--
-- Name: crm_pipelines id; Type: DEFAULT; Schema: public; Owner: waterexpress_user
--

ALTER TABLE ONLY public.crm_pipelines ALTER COLUMN id SET DEFAULT nextval('public.crm_pipelines_id_seq'::regclass);


--
-- Name: custom_pages id; Type: DEFAULT; Schema: public; Owner: waterexpress_user
--

ALTER TABLE ONLY public.custom_pages ALTER COLUMN id SET DEFAULT nextval('public.custom_pages_id_seq'::regclass);


--
-- Name: custom_questions id; Type: DEFAULT; Schema: public; Owner: waterexpress_user
--

ALTER TABLE ONLY public.custom_questions ALTER COLUMN id SET DEFAULT nextval('public.custom_questions_id_seq'::regclass);


--
-- Name: customer_payments id; Type: DEFAULT; Schema: public; Owner: waterexpress_user
--

ALTER TABLE ONLY public.customer_payments ALTER COLUMN id SET DEFAULT nextval('public.customer_payments_id_seq'::regclass);


--
-- Name: customers id; Type: DEFAULT; Schema: public; Owner: waterexpress_user
--

ALTER TABLE ONLY public.customers ALTER COLUMN id SET DEFAULT nextval('public.customers_id_seq'::regclass);


--
-- Name: debit_notes id; Type: DEFAULT; Schema: public; Owner: waterexpress_user
--

ALTER TABLE ONLY public.debit_notes ALTER COLUMN id SET DEFAULT nextval('public.debit_notes_id_seq'::regclass);


--
-- Name: delivery_city_queues id; Type: DEFAULT; Schema: public; Owner: waterexpress_user
--

ALTER TABLE ONLY public.delivery_city_queues ALTER COLUMN id SET DEFAULT nextval('public.delivery_city_queues_id_seq'::regclass);


--
-- Name: delivery_event_orders id; Type: DEFAULT; Schema: public; Owner: waterexpress_user
--

ALTER TABLE ONLY public.delivery_event_orders ALTER COLUMN id SET DEFAULT nextval('public.delivery_event_orders_id_seq'::regclass);


--
-- Name: delivery_events id; Type: DEFAULT; Schema: public; Owner: waterexpress_user
--

ALTER TABLE ONLY public.delivery_events ALTER COLUMN id SET DEFAULT nextval('public.delivery_events_id_seq'::regclass);


--
-- Name: em_cost_adjustments id; Type: DEFAULT; Schema: public; Owner: waterexpress_user
--

ALTER TABLE ONLY public.em_cost_adjustments ALTER COLUMN id SET DEFAULT nextval('public.em_cost_adjustments_id_seq'::regclass);


--
-- Name: em_expense_categories id; Type: DEFAULT; Schema: public; Owner: waterexpress_user
--

ALTER TABLE ONLY public.em_expense_categories ALTER COLUMN id SET DEFAULT nextval('public.em_expense_categories_id_seq'::regclass);


--
-- Name: em_expense_lines id; Type: DEFAULT; Schema: public; Owner: waterexpress_user
--

ALTER TABLE ONLY public.em_expense_lines ALTER COLUMN id SET DEFAULT nextval('public.em_expense_lines_id_seq'::regclass);


--
-- Name: em_expense_reports id; Type: DEFAULT; Schema: public; Owner: waterexpress_user
--

ALTER TABLE ONLY public.em_expense_reports ALTER COLUMN id SET DEFAULT nextval('public.em_expense_reports_id_seq'::regclass);


--
-- Name: em_time_entries id; Type: DEFAULT; Schema: public; Owner: waterexpress_user
--

ALTER TABLE ONLY public.em_time_entries ALTER COLUMN id SET DEFAULT nextval('public.em_time_entries_id_seq'::regclass);


--
-- Name: em_workspace_context id; Type: DEFAULT; Schema: public; Owner: waterexpress_user
--

ALTER TABLE ONLY public.em_workspace_context ALTER COLUMN id SET DEFAULT nextval('public.em_workspace_context_id_seq'::regclass);


--
-- Name: em_workspace_documents id; Type: DEFAULT; Schema: public; Owner: waterexpress_user
--

ALTER TABLE ONLY public.em_workspace_documents ALTER COLUMN id SET DEFAULT nextval('public.em_workspace_documents_id_seq'::regclass);


--
-- Name: em_workspace_notes id; Type: DEFAULT; Schema: public; Owner: waterexpress_user
--

ALTER TABLE ONLY public.em_workspace_notes ALTER COLUMN id SET DEFAULT nextval('public.em_workspace_notes_id_seq'::regclass);


--
-- Name: email_template_langs id; Type: DEFAULT; Schema: public; Owner: waterexpress_user
--

ALTER TABLE ONLY public.email_template_langs ALTER COLUMN id SET DEFAULT nextval('public.email_template_langs_id_seq'::regclass);


--
-- Name: email_templates id; Type: DEFAULT; Schema: public; Owner: waterexpress_user
--

ALTER TABLE ONLY public.email_templates ALTER COLUMN id SET DEFAULT nextval('public.email_templates_id_seq'::regclass);


--
-- Name: expenses id; Type: DEFAULT; Schema: public; Owner: waterexpress_user
--

ALTER TABLE ONLY public.expenses ALTER COLUMN id SET DEFAULT nextval('public.expenses_id_seq'::regclass);


--
-- Name: form_conversions id; Type: DEFAULT; Schema: public; Owner: waterexpress_user
--

ALTER TABLE ONLY public.form_conversions ALTER COLUMN id SET DEFAULT nextval('public.form_conversions_id_seq'::regclass);


--
-- Name: form_fields id; Type: DEFAULT; Schema: public; Owner: waterexpress_user
--

ALTER TABLE ONLY public.form_fields ALTER COLUMN id SET DEFAULT nextval('public.form_fields_id_seq'::regclass);


--
-- Name: form_responses id; Type: DEFAULT; Schema: public; Owner: waterexpress_user
--

ALTER TABLE ONLY public.form_responses ALTER COLUMN id SET DEFAULT nextval('public.form_responses_id_seq'::regclass);


--
-- Name: forms id; Type: DEFAULT; Schema: public; Owner: waterexpress_user
--

ALTER TABLE ONLY public.forms ALTER COLUMN id SET DEFAULT nextval('public.forms_id_seq'::regclass);


--
-- Name: hrm_acknowledgments id; Type: DEFAULT; Schema: public; Owner: waterexpress_user
--

ALTER TABLE ONLY public.hrm_acknowledgments ALTER COLUMN id SET DEFAULT nextval('public.hrm_acknowledgments_id_seq'::regclass);


--
-- Name: hrm_announcements id; Type: DEFAULT; Schema: public; Owner: waterexpress_user
--

ALTER TABLE ONLY public.hrm_announcements ALTER COLUMN id SET DEFAULT nextval('public.hrm_announcements_id_seq'::regclass);


--
-- Name: hrm_attendances id; Type: DEFAULT; Schema: public; Owner: waterexpress_user
--

ALTER TABLE ONLY public.hrm_attendances ALTER COLUMN id SET DEFAULT nextval('public.hrm_attendances_id_seq'::regclass);


--
-- Name: hrm_award_types id; Type: DEFAULT; Schema: public; Owner: waterexpress_user
--

ALTER TABLE ONLY public.hrm_award_types ALTER COLUMN id SET DEFAULT nextval('public.hrm_award_types_id_seq'::regclass);


--
-- Name: hrm_awards id; Type: DEFAULT; Schema: public; Owner: waterexpress_user
--

ALTER TABLE ONLY public.hrm_awards ALTER COLUMN id SET DEFAULT nextval('public.hrm_awards_id_seq'::regclass);


--
-- Name: hrm_branches id; Type: DEFAULT; Schema: public; Owner: waterexpress_user
--

ALTER TABLE ONLY public.hrm_branches ALTER COLUMN id SET DEFAULT nextval('public.hrm_branches_id_seq'::regclass);


--
-- Name: hrm_complaints id; Type: DEFAULT; Schema: public; Owner: waterexpress_user
--

ALTER TABLE ONLY public.hrm_complaints ALTER COLUMN id SET DEFAULT nextval('public.hrm_complaints_id_seq'::regclass);


--
-- Name: hrm_departments id; Type: DEFAULT; Schema: public; Owner: waterexpress_user
--

ALTER TABLE ONLY public.hrm_departments ALTER COLUMN id SET DEFAULT nextval('public.hrm_departments_id_seq'::regclass);


--
-- Name: hrm_designations id; Type: DEFAULT; Schema: public; Owner: waterexpress_user
--

ALTER TABLE ONLY public.hrm_designations ALTER COLUMN id SET DEFAULT nextval('public.hrm_designations_id_seq'::regclass);


--
-- Name: hrm_documents id; Type: DEFAULT; Schema: public; Owner: waterexpress_user
--

ALTER TABLE ONLY public.hrm_documents ALTER COLUMN id SET DEFAULT nextval('public.hrm_documents_id_seq'::regclass);


--
-- Name: hrm_employees id; Type: DEFAULT; Schema: public; Owner: waterexpress_user
--

ALTER TABLE ONLY public.hrm_employees ALTER COLUMN id SET DEFAULT nextval('public.hrm_employees_id_seq'::regclass);


--
-- Name: hrm_events id; Type: DEFAULT; Schema: public; Owner: waterexpress_user
--

ALTER TABLE ONLY public.hrm_events ALTER COLUMN id SET DEFAULT nextval('public.hrm_events_id_seq'::regclass);


--
-- Name: hrm_holidays id; Type: DEFAULT; Schema: public; Owner: waterexpress_user
--

ALTER TABLE ONLY public.hrm_holidays ALTER COLUMN id SET DEFAULT nextval('public.hrm_holidays_id_seq'::regclass);


--
-- Name: hrm_leave_applications id; Type: DEFAULT; Schema: public; Owner: waterexpress_user
--

ALTER TABLE ONLY public.hrm_leave_applications ALTER COLUMN id SET DEFAULT nextval('public.hrm_leave_applications_id_seq'::regclass);


--
-- Name: hrm_leave_types id; Type: DEFAULT; Schema: public; Owner: waterexpress_user
--

ALTER TABLE ONLY public.hrm_leave_types ALTER COLUMN id SET DEFAULT nextval('public.hrm_leave_types_id_seq'::regclass);


--
-- Name: hrm_payrolls id; Type: DEFAULT; Schema: public; Owner: waterexpress_user
--

ALTER TABLE ONLY public.hrm_payrolls ALTER COLUMN id SET DEFAULT nextval('public.hrm_payrolls_id_seq'::regclass);


--
-- Name: hrm_promotions id; Type: DEFAULT; Schema: public; Owner: waterexpress_user
--

ALTER TABLE ONLY public.hrm_promotions ALTER COLUMN id SET DEFAULT nextval('public.hrm_promotions_id_seq'::regclass);


--
-- Name: hrm_resignations id; Type: DEFAULT; Schema: public; Owner: waterexpress_user
--

ALTER TABLE ONLY public.hrm_resignations ALTER COLUMN id SET DEFAULT nextval('public.hrm_resignations_id_seq'::regclass);


--
-- Name: hrm_salary_allocations id; Type: DEFAULT; Schema: public; Owner: waterexpress_user
--

ALTER TABLE ONLY public.hrm_salary_allocations ALTER COLUMN id SET DEFAULT nextval('public.hrm_salary_allocations_id_seq'::regclass);


--
-- Name: hrm_shifts id; Type: DEFAULT; Schema: public; Owner: waterexpress_user
--

ALTER TABLE ONLY public.hrm_shifts ALTER COLUMN id SET DEFAULT nextval('public.hrm_shifts_id_seq'::regclass);


--
-- Name: hrm_terminations id; Type: DEFAULT; Schema: public; Owner: waterexpress_user
--

ALTER TABLE ONLY public.hrm_terminations ALTER COLUMN id SET DEFAULT nextval('public.hrm_terminations_id_seq'::regclass);


--
-- Name: hrm_transfers id; Type: DEFAULT; Schema: public; Owner: waterexpress_user
--

ALTER TABLE ONLY public.hrm_transfers ALTER COLUMN id SET DEFAULT nextval('public.hrm_transfers_id_seq'::regclass);


--
-- Name: hrm_warnings id; Type: DEFAULT; Schema: public; Owner: waterexpress_user
--

ALTER TABLE ONLY public.hrm_warnings ALTER COLUMN id SET DEFAULT nextval('public.hrm_warnings_id_seq'::regclass);


--
-- Name: interview_feedbacks id; Type: DEFAULT; Schema: public; Owner: waterexpress_user
--

ALTER TABLE ONLY public.interview_feedbacks ALTER COLUMN id SET DEFAULT nextval('public.interview_feedbacks_id_seq'::regclass);


--
-- Name: interview_rounds id; Type: DEFAULT; Schema: public; Owner: waterexpress_user
--

ALTER TABLE ONLY public.interview_rounds ALTER COLUMN id SET DEFAULT nextval('public.interview_rounds_id_seq'::regclass);


--
-- Name: interview_types id; Type: DEFAULT; Schema: public; Owner: waterexpress_user
--

ALTER TABLE ONLY public.interview_types ALTER COLUMN id SET DEFAULT nextval('public.interview_types_id_seq'::regclass);


--
-- Name: interviews id; Type: DEFAULT; Schema: public; Owner: waterexpress_user
--

ALTER TABLE ONLY public.interviews ALTER COLUMN id SET DEFAULT nextval('public.interviews_id_seq'::regclass);


--
-- Name: job_locations id; Type: DEFAULT; Schema: public; Owner: waterexpress_user
--

ALTER TABLE ONLY public.job_locations ALTER COLUMN id SET DEFAULT nextval('public.job_locations_id_seq'::regclass);


--
-- Name: job_postings id; Type: DEFAULT; Schema: public; Owner: waterexpress_user
--

ALTER TABLE ONLY public.job_postings ALTER COLUMN id SET DEFAULT nextval('public.job_postings_id_seq'::regclass);


--
-- Name: job_types id; Type: DEFAULT; Schema: public; Owner: waterexpress_user
--

ALTER TABLE ONLY public.job_types ALTER COLUMN id SET DEFAULT nextval('public.job_types_id_seq'::regclass);


--
-- Name: lms_course_categories id; Type: DEFAULT; Schema: public; Owner: waterexpress_user
--

ALTER TABLE ONLY public.lms_course_categories ALTER COLUMN id SET DEFAULT nextval('public.lms_course_categories_id_seq'::regclass);


--
-- Name: lms_course_instructors id; Type: DEFAULT; Schema: public; Owner: waterexpress_user
--

ALTER TABLE ONLY public.lms_course_instructors ALTER COLUMN id SET DEFAULT nextval('public.lms_course_instructors_id_seq'::regclass);


--
-- Name: lms_course_lessons id; Type: DEFAULT; Schema: public; Owner: waterexpress_user
--

ALTER TABLE ONLY public.lms_course_lessons ALTER COLUMN id SET DEFAULT nextval('public.lms_course_lessons_id_seq'::regclass);


--
-- Name: lms_course_revenue_records id; Type: DEFAULT; Schema: public; Owner: waterexpress_user
--

ALTER TABLE ONLY public.lms_course_revenue_records ALTER COLUMN id SET DEFAULT nextval('public.lms_course_revenue_records_id_seq'::regclass);


--
-- Name: lms_course_reviews id; Type: DEFAULT; Schema: public; Owner: waterexpress_user
--

ALTER TABLE ONLY public.lms_course_reviews ALTER COLUMN id SET DEFAULT nextval('public.lms_course_reviews_id_seq'::regclass);


--
-- Name: lms_course_sections id; Type: DEFAULT; Schema: public; Owner: waterexpress_user
--

ALTER TABLE ONLY public.lms_course_sections ALTER COLUMN id SET DEFAULT nextval('public.lms_course_sections_id_seq'::regclass);


--
-- Name: lms_course_tags id; Type: DEFAULT; Schema: public; Owner: waterexpress_user
--

ALTER TABLE ONLY public.lms_course_tags ALTER COLUMN id SET DEFAULT nextval('public.lms_course_tags_id_seq'::regclass);


--
-- Name: lms_courses id; Type: DEFAULT; Schema: public; Owner: waterexpress_user
--

ALTER TABLE ONLY public.lms_courses ALTER COLUMN id SET DEFAULT nextval('public.lms_courses_id_seq'::regclass);


--
-- Name: lms_enrollments id; Type: DEFAULT; Schema: public; Owner: waterexpress_user
--

ALTER TABLE ONLY public.lms_enrollments ALTER COLUMN id SET DEFAULT nextval('public.lms_enrollments_id_seq'::regclass);


--
-- Name: lms_instructor_commissions id; Type: DEFAULT; Schema: public; Owner: waterexpress_user
--

ALTER TABLE ONLY public.lms_instructor_commissions ALTER COLUMN id SET DEFAULT nextval('public.lms_instructor_commissions_id_seq'::regclass);


--
-- Name: lms_instructor_payouts id; Type: DEFAULT; Schema: public; Owner: waterexpress_user
--

ALTER TABLE ONLY public.lms_instructor_payouts ALTER COLUMN id SET DEFAULT nextval('public.lms_instructor_payouts_id_seq'::regclass);


--
-- Name: lms_instructor_profiles id; Type: DEFAULT; Schema: public; Owner: waterexpress_user
--

ALTER TABLE ONLY public.lms_instructor_profiles ALTER COLUMN id SET DEFAULT nextval('public.lms_instructor_profiles_id_seq'::regclass);


--
-- Name: lms_lesson_progress id; Type: DEFAULT; Schema: public; Owner: waterexpress_user
--

ALTER TABLE ONLY public.lms_lesson_progress ALTER COLUMN id SET DEFAULT nextval('public.lms_lesson_progress_id_seq'::regclass);


--
-- Name: lms_live_attendance id; Type: DEFAULT; Schema: public; Owner: waterexpress_user
--

ALTER TABLE ONLY public.lms_live_attendance ALTER COLUMN id SET DEFAULT nextval('public.lms_live_attendance_id_seq'::regclass);


--
-- Name: lms_live_sessions id; Type: DEFAULT; Schema: public; Owner: waterexpress_user
--

ALTER TABLE ONLY public.lms_live_sessions ALTER COLUMN id SET DEFAULT nextval('public.lms_live_sessions_id_seq'::regclass);


--
-- Name: lms_notification_logs id; Type: DEFAULT; Schema: public; Owner: waterexpress_user
--

ALTER TABLE ONLY public.lms_notification_logs ALTER COLUMN id SET DEFAULT nextval('public.lms_notification_logs_id_seq'::regclass);


--
-- Name: lms_student_subscriptions id; Type: DEFAULT; Schema: public; Owner: waterexpress_user
--

ALTER TABLE ONLY public.lms_student_subscriptions ALTER COLUMN id SET DEFAULT nextval('public.lms_student_subscriptions_id_seq'::regclass);


--
-- Name: lms_subscription_plan_courses id; Type: DEFAULT; Schema: public; Owner: waterexpress_user
--

ALTER TABLE ONLY public.lms_subscription_plan_courses ALTER COLUMN id SET DEFAULT nextval('public.lms_subscription_plan_courses_id_seq'::regclass);


--
-- Name: lms_subscription_plans id; Type: DEFAULT; Schema: public; Owner: waterexpress_user
--

ALTER TABLE ONLY public.lms_subscription_plans ALTER COLUMN id SET DEFAULT nextval('public.lms_subscription_plans_id_seq'::regclass);


--
-- Name: lms_user_calendar_event_links id; Type: DEFAULT; Schema: public; Owner: waterexpress_user
--

ALTER TABLE ONLY public.lms_user_calendar_event_links ALTER COLUMN id SET DEFAULT nextval('public.lms_user_calendar_event_links_id_seq'::regclass);


--
-- Name: login_histories id; Type: DEFAULT; Schema: public; Owner: waterexpress_user
--

ALTER TABLE ONLY public.login_histories ALTER COLUMN id SET DEFAULT nextval('public.login_histories_id_seq'::regclass);


--
-- Name: marketplace_categories id; Type: DEFAULT; Schema: public; Owner: waterexpress_user
--

ALTER TABLE ONLY public.marketplace_categories ALTER COLUMN id SET DEFAULT nextval('public.marketplace_categories_id_seq'::regclass);


--
-- Name: marketplace_config id; Type: DEFAULT; Schema: public; Owner: waterexpress_user
--

ALTER TABLE ONLY public.marketplace_config ALTER COLUMN id SET DEFAULT nextval('public.marketplace_config_id_seq'::regclass);


--
-- Name: marketplace_deliveries id; Type: DEFAULT; Schema: public; Owner: waterexpress_user
--

ALTER TABLE ONLY public.marketplace_deliveries ALTER COLUMN id SET DEFAULT nextval('public.marketplace_deliveries_id_seq'::regclass);


--
-- Name: marketplace_delivery_events id; Type: DEFAULT; Schema: public; Owner: waterexpress_user
--

ALTER TABLE ONLY public.marketplace_delivery_events ALTER COLUMN id SET DEFAULT nextval('public.marketplace_delivery_events_id_seq'::regclass);


--
-- Name: marketplace_delivery_queues id; Type: DEFAULT; Schema: public; Owner: waterexpress_user
--

ALTER TABLE ONLY public.marketplace_delivery_queues ALTER COLUMN id SET DEFAULT nextval('public.marketplace_delivery_queues_id_seq'::regclass);


--
-- Name: marketplace_order_items id; Type: DEFAULT; Schema: public; Owner: waterexpress_user
--

ALTER TABLE ONLY public.marketplace_order_items ALTER COLUMN id SET DEFAULT nextval('public.marketplace_order_items_id_seq'::regclass);


--
-- Name: marketplace_order_lines id; Type: DEFAULT; Schema: public; Owner: waterexpress_user
--

ALTER TABLE ONLY public.marketplace_order_lines ALTER COLUMN id SET DEFAULT nextval('public.marketplace_order_lines_id_seq'::regclass);


--
-- Name: marketplace_orders id; Type: DEFAULT; Schema: public; Owner: waterexpress_user
--

ALTER TABLE ONLY public.marketplace_orders ALTER COLUMN id SET DEFAULT nextval('public.marketplace_orders_id_seq'::regclass);


--
-- Name: marketplace_products id; Type: DEFAULT; Schema: public; Owner: waterexpress_user
--

ALTER TABLE ONLY public.marketplace_products ALTER COLUMN id SET DEFAULT nextval('public.marketplace_products_id_seq'::regclass);


--
-- Name: marketplace_settings id; Type: DEFAULT; Schema: public; Owner: waterexpress_user
--

ALTER TABLE ONLY public.marketplace_settings ALTER COLUMN id SET DEFAULT nextval('public.marketplace_settings_id_seq'::regclass);


--
-- Name: marketplace_vendor_permissions id; Type: DEFAULT; Schema: public; Owner: waterexpress_user
--

ALTER TABLE ONLY public.marketplace_vendor_permissions ALTER COLUMN id SET DEFAULT nextval('public.marketplace_vendor_permissions_id_seq'::regclass);


--
-- Name: marketplace_vendor_staff id; Type: DEFAULT; Schema: public; Owner: waterexpress_user
--

ALTER TABLE ONLY public.marketplace_vendor_staff ALTER COLUMN id SET DEFAULT nextval('public.marketplace_vendor_staff_id_seq'::regclass);


--
-- Name: marketplace_vendors id; Type: DEFAULT; Schema: public; Owner: waterexpress_user
--

ALTER TABLE ONLY public.marketplace_vendors ALTER COLUMN id SET DEFAULT nextval('public.marketplace_vendors_id_seq'::regclass);


--
-- Name: media id; Type: DEFAULT; Schema: public; Owner: waterexpress_user
--

ALTER TABLE ONLY public.media ALTER COLUMN id SET DEFAULT nextval('public.media_id_seq'::regclass);


--
-- Name: media_directories id; Type: DEFAULT; Schema: public; Owner: waterexpress_user
--

ALTER TABLE ONLY public.media_directories ALTER COLUMN id SET DEFAULT nextval('public.media_directories_id_seq'::regclass);


--
-- Name: newsletter_subscribers id; Type: DEFAULT; Schema: public; Owner: waterexpress_user
--

ALTER TABLE ONLY public.newsletter_subscribers ALTER COLUMN id SET DEFAULT nextval('public.newsletter_subscribers_id_seq'::regclass);


--
-- Name: notification_template_langs id; Type: DEFAULT; Schema: public; Owner: waterexpress_user
--

ALTER TABLE ONLY public.notification_template_langs ALTER COLUMN id SET DEFAULT nextval('public.notification_template_langs_id_seq'::regclass);


--
-- Name: offer_letters id; Type: DEFAULT; Schema: public; Owner: waterexpress_user
--

ALTER TABLE ONLY public.offer_letters ALTER COLUMN id SET DEFAULT nextval('public.offer_letters_id_seq'::regclass);


--
-- Name: offers id; Type: DEFAULT; Schema: public; Owner: waterexpress_user
--

ALTER TABLE ONLY public.offers ALTER COLUMN id SET DEFAULT nextval('public.offers_id_seq'::regclass);


--
-- Name: onboarding_checklists id; Type: DEFAULT; Schema: public; Owner: waterexpress_user
--

ALTER TABLE ONLY public.onboarding_checklists ALTER COLUMN id SET DEFAULT nextval('public.onboarding_checklists_id_seq'::regclass);


--
-- Name: pos_branch_sales_targets id; Type: DEFAULT; Schema: public; Owner: waterexpress_user
--

ALTER TABLE ONLY public.pos_branch_sales_targets ALTER COLUMN id SET DEFAULT nextval('public.pos_branch_sales_targets_id_seq'::regclass);


--
-- Name: pos_branches id; Type: DEFAULT; Schema: public; Owner: waterexpress_user
--

ALTER TABLE ONLY public.pos_branches ALTER COLUMN id SET DEFAULT nextval('public.pos_branches_id_seq'::regclass);


--
-- Name: pos_brands id; Type: DEFAULT; Schema: public; Owner: waterexpress_user
--

ALTER TABLE ONLY public.pos_brands ALTER COLUMN id SET DEFAULT nextval('public.pos_brands_id_seq'::regclass);


--
-- Name: pos_cash_registers id; Type: DEFAULT; Schema: public; Owner: waterexpress_user
--

ALTER TABLE ONLY public.pos_cash_registers ALTER COLUMN id SET DEFAULT nextval('public.pos_cash_registers_id_seq'::regclass);


--
-- Name: pos_categories id; Type: DEFAULT; Schema: public; Owner: waterexpress_user
--

ALTER TABLE ONLY public.pos_categories ALTER COLUMN id SET DEFAULT nextval('public.pos_categories_id_seq'::regclass);


--
-- Name: pos_customers id; Type: DEFAULT; Schema: public; Owner: waterexpress_user
--

ALTER TABLE ONLY public.pos_customers ALTER COLUMN id SET DEFAULT nextval('public.pos_customers_id_seq'::regclass);


--
-- Name: pos_expense_categories id; Type: DEFAULT; Schema: public; Owner: waterexpress_user
--

ALTER TABLE ONLY public.pos_expense_categories ALTER COLUMN id SET DEFAULT nextval('public.pos_expense_categories_id_seq'::regclass);


--
-- Name: pos_expenses id; Type: DEFAULT; Schema: public; Owner: waterexpress_user
--

ALTER TABLE ONLY public.pos_expenses ALTER COLUMN id SET DEFAULT nextval('public.pos_expenses_id_seq'::regclass);


--
-- Name: pos_products id; Type: DEFAULT; Schema: public; Owner: waterexpress_user
--

ALTER TABLE ONLY public.pos_products ALTER COLUMN id SET DEFAULT nextval('public.pos_products_id_seq'::regclass);


--
-- Name: pos_purchase_items id; Type: DEFAULT; Schema: public; Owner: waterexpress_user
--

ALTER TABLE ONLY public.pos_purchase_items ALTER COLUMN id SET DEFAULT nextval('public.pos_purchase_items_id_seq'::regclass);


--
-- Name: pos_purchase_return_items id; Type: DEFAULT; Schema: public; Owner: waterexpress_user
--

ALTER TABLE ONLY public.pos_purchase_return_items ALTER COLUMN id SET DEFAULT nextval('public.pos_purchase_return_items_id_seq'::regclass);


--
-- Name: pos_purchase_returns id; Type: DEFAULT; Schema: public; Owner: waterexpress_user
--

ALTER TABLE ONLY public.pos_purchase_returns ALTER COLUMN id SET DEFAULT nextval('public.pos_purchase_returns_id_seq'::regclass);


--
-- Name: pos_purchases id; Type: DEFAULT; Schema: public; Owner: waterexpress_user
--

ALTER TABLE ONLY public.pos_purchases ALTER COLUMN id SET DEFAULT nextval('public.pos_purchases_id_seq'::regclass);


--
-- Name: pos_quotation_items id; Type: DEFAULT; Schema: public; Owner: waterexpress_user
--

ALTER TABLE ONLY public.pos_quotation_items ALTER COLUMN id SET DEFAULT nextval('public.pos_quotation_items_id_seq'::regclass);


--
-- Name: pos_quotations id; Type: DEFAULT; Schema: public; Owner: waterexpress_user
--

ALTER TABLE ONLY public.pos_quotations ALTER COLUMN id SET DEFAULT nextval('public.pos_quotations_id_seq'::regclass);


--
-- Name: pos_referrals id; Type: DEFAULT; Schema: public; Owner: waterexpress_user
--

ALTER TABLE ONLY public.pos_referrals ALTER COLUMN id SET DEFAULT nextval('public.pos_referrals_id_seq'::regclass);


--
-- Name: pos_sale_items id; Type: DEFAULT; Schema: public; Owner: waterexpress_user
--

ALTER TABLE ONLY public.pos_sale_items ALTER COLUMN id SET DEFAULT nextval('public.pos_sale_items_id_seq'::regclass);


--
-- Name: pos_sale_return_items id; Type: DEFAULT; Schema: public; Owner: waterexpress_user
--

ALTER TABLE ONLY public.pos_sale_return_items ALTER COLUMN id SET DEFAULT nextval('public.pos_sale_return_items_id_seq'::regclass);


--
-- Name: pos_sale_returns id; Type: DEFAULT; Schema: public; Owner: waterexpress_user
--

ALTER TABLE ONLY public.pos_sale_returns ALTER COLUMN id SET DEFAULT nextval('public.pos_sale_returns_id_seq'::regclass);


--
-- Name: pos_sales id; Type: DEFAULT; Schema: public; Owner: waterexpress_user
--

ALTER TABLE ONLY public.pos_sales ALTER COLUMN id SET DEFAULT nextval('public.pos_sales_id_seq'::regclass);


--
-- Name: pos_sessions id; Type: DEFAULT; Schema: public; Owner: waterexpress_user
--

ALTER TABLE ONLY public.pos_sessions ALTER COLUMN id SET DEFAULT nextval('public.pos_sessions_id_seq'::regclass);


--
-- Name: pos_taxes id; Type: DEFAULT; Schema: public; Owner: waterexpress_user
--

ALTER TABLE ONLY public.pos_taxes ALTER COLUMN id SET DEFAULT nextval('public.pos_taxes_id_seq'::regclass);


--
-- Name: pos_units id; Type: DEFAULT; Schema: public; Owner: waterexpress_user
--

ALTER TABLE ONLY public.pos_units ALTER COLUMN id SET DEFAULT nextval('public.pos_units_id_seq'::regclass);


--
-- Name: pos_vendors id; Type: DEFAULT; Schema: public; Owner: waterexpress_user
--

ALTER TABLE ONLY public.pos_vendors ALTER COLUMN id SET DEFAULT nextval('public.pos_vendors_id_seq'::regclass);


--
-- Name: project_activity_logs id; Type: DEFAULT; Schema: public; Owner: waterexpress_user
--

ALTER TABLE ONLY public.project_activity_logs ALTER COLUMN id SET DEFAULT nextval('public.project_activity_logs_id_seq'::regclass);


--
-- Name: project_bugs id; Type: DEFAULT; Schema: public; Owner: waterexpress_user
--

ALTER TABLE ONLY public.project_bugs ALTER COLUMN id SET DEFAULT nextval('public.project_bugs_id_seq'::regclass);


--
-- Name: project_clients id; Type: DEFAULT; Schema: public; Owner: waterexpress_user
--

ALTER TABLE ONLY public.project_clients ALTER COLUMN id SET DEFAULT nextval('public.project_clients_id_seq'::regclass);


--
-- Name: project_files id; Type: DEFAULT; Schema: public; Owner: waterexpress_user
--

ALTER TABLE ONLY public.project_files ALTER COLUMN id SET DEFAULT nextval('public.project_files_id_seq'::regclass);


--
-- Name: project_milestones id; Type: DEFAULT; Schema: public; Owner: waterexpress_user
--

ALTER TABLE ONLY public.project_milestones ALTER COLUMN id SET DEFAULT nextval('public.project_milestones_id_seq'::regclass);


--
-- Name: project_tasks id; Type: DEFAULT; Schema: public; Owner: waterexpress_user
--

ALTER TABLE ONLY public.project_tasks ALTER COLUMN id SET DEFAULT nextval('public.project_tasks_id_seq'::regclass);


--
-- Name: project_users id; Type: DEFAULT; Schema: public; Owner: waterexpress_user
--

ALTER TABLE ONLY public.project_users ALTER COLUMN id SET DEFAULT nextval('public.project_users_id_seq'::regclass);


--
-- Name: projects id; Type: DEFAULT; Schema: public; Owner: waterexpress_user
--

ALTER TABLE ONLY public.projects ALTER COLUMN id SET DEFAULT nextval('public.projects_id_seq'::regclass);


--
-- Name: questions id; Type: DEFAULT; Schema: public; Owner: waterexpress_user
--

ALTER TABLE ONLY public.questions ALTER COLUMN id SET DEFAULT nextval('public.questions_id_seq'::regclass);


--
-- Name: recruitment_settings id; Type: DEFAULT; Schema: public; Owner: waterexpress_user
--

ALTER TABLE ONLY public.recruitment_settings ALTER COLUMN id SET DEFAULT nextval('public.recruitment_settings_id_seq'::regclass);


--
-- Name: resume_builder_settings id; Type: DEFAULT; Schema: public; Owner: waterexpress_user
--

ALTER TABLE ONLY public.resume_builder_settings ALTER COLUMN id SET DEFAULT nextval('public.resume_builder_settings_id_seq'::regclass);


--
-- Name: resume_templates id; Type: DEFAULT; Schema: public; Owner: waterexpress_user
--

ALTER TABLE ONLY public.resume_templates ALTER COLUMN id SET DEFAULT nextval('public.resume_templates_id_seq'::regclass);


--
-- Name: resumes id; Type: DEFAULT; Schema: public; Owner: waterexpress_user
--

ALTER TABLE ONLY public.resumes ALTER COLUMN id SET DEFAULT nextval('public.resumes_id_seq'::regclass);


--
-- Name: revenues id; Type: DEFAULT; Schema: public; Owner: waterexpress_user
--

ALTER TABLE ONLY public.revenues ALTER COLUMN id SET DEFAULT nextval('public.revenues_id_seq'::regclass);


--
-- Name: saas_audit_logs id; Type: DEFAULT; Schema: public; Owner: waterexpress_user
--

ALTER TABLE ONLY public.saas_audit_logs ALTER COLUMN id SET DEFAULT nextval('public.saas_audit_logs_id_seq'::regclass);


--
-- Name: sales_proposal_items id; Type: DEFAULT; Schema: public; Owner: waterexpress_user
--

ALTER TABLE ONLY public.sales_proposal_items ALTER COLUMN id SET DEFAULT nextval('public.sales_proposal_items_id_seq'::regclass);


--
-- Name: sales_proposals id; Type: DEFAULT; Schema: public; Owner: waterexpress_user
--

ALTER TABLE ONLY public.sales_proposals ALTER COLUMN id SET DEFAULT nextval('public.sales_proposals_id_seq'::regclass);


--
-- Name: schedules id; Type: DEFAULT; Schema: public; Owner: waterexpress_user
--

ALTER TABLE ONLY public.schedules ALTER COLUMN id SET DEFAULT nextval('public.schedules_id_seq'::regclass);


--
-- Name: st_contacts id; Type: DEFAULT; Schema: public; Owner: waterexpress_user
--

ALTER TABLE ONLY public.st_contacts ALTER COLUMN id SET DEFAULT nextval('public.st_contacts_id_seq'::regclass);


--
-- Name: st_custom_pages id; Type: DEFAULT; Schema: public; Owner: waterexpress_user
--

ALTER TABLE ONLY public.st_custom_pages ALTER COLUMN id SET DEFAULT nextval('public.st_custom_pages_id_seq'::regclass);


--
-- Name: st_faqs id; Type: DEFAULT; Schema: public; Owner: waterexpress_user
--

ALTER TABLE ONLY public.st_faqs ALTER COLUMN id SET DEFAULT nextval('public.st_faqs_id_seq'::regclass);


--
-- Name: st_kb_categories id; Type: DEFAULT; Schema: public; Owner: waterexpress_user
--

ALTER TABLE ONLY public.st_kb_categories ALTER COLUMN id SET DEFAULT nextval('public.st_kb_categories_id_seq'::regclass);


--
-- Name: st_knowledge_bases id; Type: DEFAULT; Schema: public; Owner: waterexpress_user
--

ALTER TABLE ONLY public.st_knowledge_bases ALTER COLUMN id SET DEFAULT nextval('public.st_knowledge_bases_id_seq'::regclass);


--
-- Name: st_quick_links id; Type: DEFAULT; Schema: public; Owner: waterexpress_user
--

ALTER TABLE ONLY public.st_quick_links ALTER COLUMN id SET DEFAULT nextval('public.st_quick_links_id_seq'::regclass);


--
-- Name: st_settings id; Type: DEFAULT; Schema: public; Owner: waterexpress_user
--

ALTER TABLE ONLY public.st_settings ALTER COLUMN id SET DEFAULT nextval('public.st_settings_id_seq'::regclass);


--
-- Name: st_ticket_categories id; Type: DEFAULT; Schema: public; Owner: waterexpress_user
--

ALTER TABLE ONLY public.st_ticket_categories ALTER COLUMN id SET DEFAULT nextval('public.st_ticket_categories_id_seq'::regclass);


--
-- Name: st_tickets id; Type: DEFAULT; Schema: public; Owner: waterexpress_user
--

ALTER TABLE ONLY public.st_tickets ALTER COLUMN id SET DEFAULT nextval('public.st_tickets_id_seq'::regclass);


--
-- Name: storefront_block_instances id; Type: DEFAULT; Schema: public; Owner: waterexpress_user
--

ALTER TABLE ONLY public.storefront_block_instances ALTER COLUMN id SET DEFAULT nextval('public.storefront_block_instances_id_seq'::regclass);


--
-- Name: storefront_blog_comments id; Type: DEFAULT; Schema: public; Owner: waterexpress_user
--

ALTER TABLE ONLY public.storefront_blog_comments ALTER COLUMN id SET DEFAULT nextval('public.storefront_blog_comments_id_seq'::regclass);


--
-- Name: storefront_blog_posts id; Type: DEFAULT; Schema: public; Owner: waterexpress_user
--

ALTER TABLE ONLY public.storefront_blog_posts ALTER COLUMN id SET DEFAULT nextval('public.storefront_blog_posts_id_seq'::regclass);


--
-- Name: storefront_cart_lines id; Type: DEFAULT; Schema: public; Owner: waterexpress_user
--

ALTER TABLE ONLY public.storefront_cart_lines ALTER COLUMN id SET DEFAULT nextval('public.storefront_cart_lines_id_seq'::regclass);


--
-- Name: storefront_collection_products id; Type: DEFAULT; Schema: public; Owner: waterexpress_user
--

ALTER TABLE ONLY public.storefront_collection_products ALTER COLUMN id SET DEFAULT nextval('public.storefront_collection_products_id_seq'::regclass);


--
-- Name: storefront_collections id; Type: DEFAULT; Schema: public; Owner: waterexpress_user
--

ALTER TABLE ONLY public.storefront_collections ALTER COLUMN id SET DEFAULT nextval('public.storefront_collections_id_seq'::regclass);


--
-- Name: storefront_customer_sessions id; Type: DEFAULT; Schema: public; Owner: waterexpress_user
--

ALTER TABLE ONLY public.storefront_customer_sessions ALTER COLUMN id SET DEFAULT nextval('public.storefront_customer_sessions_id_seq'::regclass);


--
-- Name: storefront_customers id; Type: DEFAULT; Schema: public; Owner: waterexpress_user
--

ALTER TABLE ONLY public.storefront_customers ALTER COLUMN id SET DEFAULT nextval('public.storefront_customers_id_seq'::regclass);


--
-- Name: storefront_discount_codes id; Type: DEFAULT; Schema: public; Owner: waterexpress_user
--

ALTER TABLE ONLY public.storefront_discount_codes ALTER COLUMN id SET DEFAULT nextval('public.storefront_discount_codes_id_seq'::regclass);


--
-- Name: storefront_discount_redemptions id; Type: DEFAULT; Schema: public; Owner: waterexpress_user
--

ALTER TABLE ONLY public.storefront_discount_redemptions ALTER COLUMN id SET DEFAULT nextval('public.storefront_discount_redemptions_id_seq'::regclass);


--
-- Name: storefront_discount_rules id; Type: DEFAULT; Schema: public; Owner: waterexpress_user
--

ALTER TABLE ONLY public.storefront_discount_rules ALTER COLUMN id SET DEFAULT nextval('public.storefront_discount_rules_id_seq'::regclass);


--
-- Name: storefront_domains id; Type: DEFAULT; Schema: public; Owner: waterexpress_user
--

ALTER TABLE ONLY public.storefront_domains ALTER COLUMN id SET DEFAULT nextval('public.storefront_domains_id_seq'::regclass);


--
-- Name: storefront_event_logs id; Type: DEFAULT; Schema: public; Owner: waterexpress_user
--

ALTER TABLE ONLY public.storefront_event_logs ALTER COLUMN id SET DEFAULT nextval('public.storefront_event_logs_id_seq'::regclass);


--
-- Name: storefront_events id; Type: DEFAULT; Schema: public; Owner: waterexpress_user
--

ALTER TABLE ONLY public.storefront_events ALTER COLUMN id SET DEFAULT nextval('public.storefront_events_id_seq'::regclass);


--
-- Name: storefront_notification_logs id; Type: DEFAULT; Schema: public; Owner: waterexpress_user
--

ALTER TABLE ONLY public.storefront_notification_logs ALTER COLUMN id SET DEFAULT nextval('public.storefront_notification_logs_id_seq'::regclass);


--
-- Name: storefront_notification_templates id; Type: DEFAULT; Schema: public; Owner: waterexpress_user
--

ALTER TABLE ONLY public.storefront_notification_templates ALTER COLUMN id SET DEFAULT nextval('public.storefront_notification_templates_id_seq'::regclass);


--
-- Name: storefront_order_events id; Type: DEFAULT; Schema: public; Owner: waterexpress_user
--

ALTER TABLE ONLY public.storefront_order_events ALTER COLUMN id SET DEFAULT nextval('public.storefront_order_events_id_seq'::regclass);


--
-- Name: storefront_order_lines id; Type: DEFAULT; Schema: public; Owner: waterexpress_user
--

ALTER TABLE ONLY public.storefront_order_lines ALTER COLUMN id SET DEFAULT nextval('public.storefront_order_lines_id_seq'::regclass);


--
-- Name: storefront_orders id; Type: DEFAULT; Schema: public; Owner: waterexpress_user
--

ALTER TABLE ONLY public.storefront_orders ALTER COLUMN id SET DEFAULT nextval('public.storefront_orders_id_seq'::regclass);


--
-- Name: storefront_page_versions id; Type: DEFAULT; Schema: public; Owner: waterexpress_user
--

ALTER TABLE ONLY public.storefront_page_versions ALTER COLUMN id SET DEFAULT nextval('public.storefront_page_versions_id_seq'::regclass);


--
-- Name: storefront_pages id; Type: DEFAULT; Schema: public; Owner: waterexpress_user
--

ALTER TABLE ONLY public.storefront_pages ALTER COLUMN id SET DEFAULT nextval('public.storefront_pages_id_seq'::regclass);


--
-- Name: storefront_payment_records id; Type: DEFAULT; Schema: public; Owner: waterexpress_user
--

ALTER TABLE ONLY public.storefront_payment_records ALTER COLUMN id SET DEFAULT nextval('public.storefront_payment_records_id_seq'::regclass);


--
-- Name: storefront_section_instances id; Type: DEFAULT; Schema: public; Owner: waterexpress_user
--

ALTER TABLE ONLY public.storefront_section_instances ALTER COLUMN id SET DEFAULT nextval('public.storefront_section_instances_id_seq'::regclass);


--
-- Name: storefront_shipments id; Type: DEFAULT; Schema: public; Owner: waterexpress_user
--

ALTER TABLE ONLY public.storefront_shipments ALTER COLUMN id SET DEFAULT nextval('public.storefront_shipments_id_seq'::regclass);


--
-- Name: storefront_shipping_methods id; Type: DEFAULT; Schema: public; Owner: waterexpress_user
--

ALTER TABLE ONLY public.storefront_shipping_methods ALTER COLUMN id SET DEFAULT nextval('public.storefront_shipping_methods_id_seq'::regclass);


--
-- Name: storefront_shipping_zones id; Type: DEFAULT; Schema: public; Owner: waterexpress_user
--

ALTER TABLE ONLY public.storefront_shipping_zones ALTER COLUMN id SET DEFAULT nextval('public.storefront_shipping_zones_id_seq'::regclass);


--
-- Name: storefront_stock_reservations id; Type: DEFAULT; Schema: public; Owner: waterexpress_user
--

ALTER TABLE ONLY public.storefront_stock_reservations ALTER COLUMN id SET DEFAULT nextval('public.storefront_stock_reservations_id_seq'::regclass);


--
-- Name: storefront_tax_rules id; Type: DEFAULT; Schema: public; Owner: waterexpress_user
--

ALTER TABLE ONLY public.storefront_tax_rules ALTER COLUMN id SET DEFAULT nextval('public.storefront_tax_rules_id_seq'::regclass);


--
-- Name: storefront_tax_settings id; Type: DEFAULT; Schema: public; Owner: waterexpress_user
--

ALTER TABLE ONLY public.storefront_tax_settings ALTER COLUMN id SET DEFAULT nextval('public.storefront_tax_settings_id_seq'::regclass);


--
-- Name: storefront_theme_block_definitions id; Type: DEFAULT; Schema: public; Owner: waterexpress_user
--

ALTER TABLE ONLY public.storefront_theme_block_definitions ALTER COLUMN id SET DEFAULT nextval('public.storefront_theme_block_definitions_id_seq'::regclass);


--
-- Name: storefront_theme_section_definitions id; Type: DEFAULT; Schema: public; Owner: waterexpress_user
--

ALTER TABLE ONLY public.storefront_theme_section_definitions ALTER COLUMN id SET DEFAULT nextval('public.storefront_theme_section_definitions_id_seq'::regclass);


--
-- Name: storefront_theme_style_tokens id; Type: DEFAULT; Schema: public; Owner: waterexpress_user
--

ALTER TABLE ONLY public.storefront_theme_style_tokens ALTER COLUMN id SET DEFAULT nextval('public.storefront_theme_style_tokens_id_seq'::regclass);


--
-- Name: storefront_theme_templates id; Type: DEFAULT; Schema: public; Owner: waterexpress_user
--

ALTER TABLE ONLY public.storefront_theme_templates ALTER COLUMN id SET DEFAULT nextval('public.storefront_theme_templates_id_seq'::regclass);


--
-- Name: storefront_theme_versions id; Type: DEFAULT; Schema: public; Owner: waterexpress_user
--

ALTER TABLE ONLY public.storefront_theme_versions ALTER COLUMN id SET DEFAULT nextval('public.storefront_theme_versions_id_seq'::regclass);


--
-- Name: storefront_themes id; Type: DEFAULT; Schema: public; Owner: waterexpress_user
--

ALTER TABLE ONLY public.storefront_themes ALTER COLUMN id SET DEFAULT nextval('public.storefront_themes_id_seq'::regclass);


--
-- Name: storefront_websites id; Type: DEFAULT; Schema: public; Owner: waterexpress_user
--

ALTER TABLE ONLY public.storefront_websites ALTER COLUMN id SET DEFAULT nextval('public.storefront_websites_id_seq'::regclass);


--
-- Name: task_comments id; Type: DEFAULT; Schema: public; Owner: waterexpress_user
--

ALTER TABLE ONLY public.task_comments ALTER COLUMN id SET DEFAULT nextval('public.task_comments_id_seq'::regclass);


--
-- Name: task_stages id; Type: DEFAULT; Schema: public; Owner: waterexpress_user
--

ALTER TABLE ONLY public.task_stages ALTER COLUMN id SET DEFAULT nextval('public.task_stages_id_seq'::regclass);


--
-- Name: task_subtasks id; Type: DEFAULT; Schema: public; Owner: waterexpress_user
--

ALTER TABLE ONLY public.task_subtasks ALTER COLUMN id SET DEFAULT nextval('public.task_subtasks_id_seq'::regclass);


--
-- Name: user_coupons id; Type: DEFAULT; Schema: public; Owner: waterexpress_user
--

ALTER TABLE ONLY public.user_coupons ALTER COLUMN id SET DEFAULT nextval('public.user_coupons_id_seq'::regclass);


--
-- Name: user_google_calendar_connections id; Type: DEFAULT; Schema: public; Owner: waterexpress_user
--

ALTER TABLE ONLY public.user_google_calendar_connections ALTER COLUMN id SET DEFAULT nextval('public.user_google_calendar_connections_id_seq'::regclass);


--
-- Name: vendor_payments id; Type: DEFAULT; Schema: public; Owner: waterexpress_user
--

ALTER TABLE ONLY public.vendor_payments ALTER COLUMN id SET DEFAULT nextval('public.vendor_payments_id_seq'::regclass);


--
-- Name: vendors id; Type: DEFAULT; Schema: public; Owner: waterexpress_user
--

ALTER TABLE ONLY public.vendors ALTER COLUMN id SET DEFAULT nextval('public.vendors_id_seq'::regclass);


--
-- Name: wa_contacts id; Type: DEFAULT; Schema: public; Owner: waterexpress_user
--

ALTER TABLE ONLY public.wa_contacts ALTER COLUMN id SET DEFAULT nextval('public.wa_contacts_id_seq'::regclass);


--
-- Name: wa_event_notifications id; Type: DEFAULT; Schema: public; Owner: waterexpress_user
--

ALTER TABLE ONLY public.wa_event_notifications ALTER COLUMN id SET DEFAULT nextval('public.wa_event_notifications_id_seq'::regclass);


--
-- Name: wa_messages id; Type: DEFAULT; Schema: public; Owner: waterexpress_user
--

ALTER TABLE ONLY public.wa_messages ALTER COLUMN id SET DEFAULT nextval('public.wa_messages_id_seq'::regclass);


--
-- Name: wa_settings id; Type: DEFAULT; Schema: public; Owner: waterexpress_user
--

ALTER TABLE ONLY public.wa_settings ALTER COLUMN id SET DEFAULT nextval('public.wa_settings_id_seq'::regclass);


--
-- Name: warehouses id; Type: DEFAULT; Schema: public; Owner: waterexpress_user
--

ALTER TABLE ONLY public.warehouses ALTER COLUMN id SET DEFAULT nextval('public.warehouses_id_seq'::regclass);


--
-- Name: waterice_memberships id; Type: DEFAULT; Schema: public; Owner: waterexpress_user
--

ALTER TABLE ONLY public.waterice_memberships ALTER COLUMN id SET DEFAULT nextval('public.waterice_memberships_id_seq'::regclass);


--
-- Data for Name: _prisma_migrations; Type: TABLE DATA; Schema: public; Owner: waterexpress_user
--

COPY public._prisma_migrations (id, checksum, finished_at, migration_name, logs, rolled_back_at, started_at, applied_steps_count) FROM stdin;
eab96f8e-9641-4662-b388-c51c5fd989dd	92879cff4a964aeada1dcee394f04e36d848c29f973b198a43fc26c53afd3fe3	2026-05-07 08:10:03.52968+00	20260423160000_storefront_theme_tables_organization_id	\N	\N	2026-05-07 08:10:03.507359+00	1
b60957bb-990d-43f2-9986-42ad3939f991	8255c1f5c12ed56d26380d7cbf30ea6bf07aed754e3e66b30fbf7c7890f7d98a	2026-04-29 09:31:50.442769+00	20240420120000_crm_lead_first_last_name		\N	2026-04-29 09:31:50.442769+00	0
678214ea-d9a4-4caa-85d0-1d158bbf4643	9a41f81060d4edef60a3fcff645f03cd1d256147f8adf53b771c5a74d73e76fb	\N	20260420120000_crm_lead_first_last_name	A migration failed to apply. New migrations cannot be applied before the error is recovered from. Read more about how to resolve migration issues in a production database: https://pris.ly/d/migrate-resolve\n\nMigration name: 20260420120000_crm_lead_first_last_name\n\nDatabase error code: 42701\n\nDatabase error:\nERROR: column "first_name" of relation "crm_leads" already exists\n\nDbError { severity: "ERROR", parsed_severity: Some(Error), code: SqlState(E42701), message: "column \\"first_name\\" of relation \\"crm_leads\\" already exists", detail: None, hint: None, position: None, where_: None, schema: None, table: None, column: None, datatype: None, constraint: None, file: Some("tablecmds.c"), line: Some(7478), routine: Some("check_for_column_name_collision") }\n\n   0: sql_schema_connector::apply_migration::apply_script\n           with migration_name="20260420120000_crm_lead_first_last_name"\n             at schema-engine/connectors/sql-schema-connector/src/apply_migration.rs:106\n   1: schema_core::commands::apply_migrations::Applying migration\n           with migration_name="20260420120000_crm_lead_first_last_name"\n             at schema-engine/core/src/commands/apply_migrations.rs:91\n   2: schema_core::state::ApplyMigrations\n             at schema-engine/core/src/state.rs:226	2026-05-07 08:09:46.543861+00	2026-04-27 09:00:16.20309+00	0
8c1badf5-7c59-4efb-8f77-9840d52125a6	9a41f81060d4edef60a3fcff645f03cd1d256147f8adf53b771c5a74d73e76fb	2026-05-07 08:09:46.546356+00	20260420120000_crm_lead_first_last_name		\N	2026-05-07 08:09:46.546356+00	0
7f73f90f-4731-41cf-a9f8-0adf2fe835f0	1aeb0f5ce90b1d9f00c68d63e5119c33c84e29a43d3b27659151ca62b76e45d0	2026-05-07 08:10:03.388347+00	20260420140000_sync_crm_postgres_sequences	\N	\N	2026-05-07 08:10:03.359589+00	1
37be97c1-f812-4012-a204-54cf078b39e5	ad4454a862ba07c8dc7f1dfe40dc48cd63622b490dffeeac51896c06bb9e2aab	2026-05-07 08:10:03.410645+00	20260421130000_crm_leads_optional_name	\N	\N	2026-05-07 08:10:03.393993+00	1
b5be13d3-903a-4cab-b68b-28f12f343563	7da10c378b291bd91816103d10ecd65ab1da00feb01035fbf5b6a8381bfb5e1e	2026-05-07 08:10:03.548272+00	20260424000000_storefront_theme_created_by_columns	\N	\N	2026-05-07 08:10:03.534343+00	1
a2c39e1c-5b25-4b0d-b812-313c1b28cfbf	b2e6f41db4a00d000d31ead656bf15cd2d0d8dac18f7e0b1e842af4ad066b68a	2026-05-07 08:10:03.439544+00	20260421150000_crm_leads_ensure_first_last_name	\N	\N	2026-05-07 08:10:03.416483+00	1
4b507faa-5cda-48e2-84e5-35004aaefb4e	4ca531ed19846bf5bbcaad3fac64e782d1239f80bcee4652e108ea111629436d	2026-05-07 08:10:03.452222+00	20260421160000_crm_leads_backfill_name	\N	\N	2026-05-07 08:10:03.443062+00	1
eed8acd0-7ffe-4b13-8570-5292be0f11bb	ce1139fed4542177e606dd7d1192b2b42a5ac3df23fa3ad1917befe1b3f845f5	2026-05-07 08:10:03.479056+00	20260421170000_hrm_employees_ensure_columns	\N	\N	2026-05-07 08:10:03.457341+00	1
a0a77d96-bf7e-462f-90cc-d72b094314e8	5210d29ece1a02cc0d9cc15561db32674c24259dd296ec4d71cf26d0c6c74457	2026-05-07 08:10:03.562282+00	20260424120000_pos_products_storefront_columns	\N	\N	2026-05-07 08:10:03.552481+00	1
cee800e4-6bd0-4ac5-b4de-351026282456	de5d2a0dff8f6e0648e0396ee7c9b1c8778743f0e50906f86c127d70e4842770	2026-05-07 08:10:03.503314+00	20260421180000_hrm_announcements_events_acknowledgments	\N	\N	2026-05-07 08:10:03.485576+00	1
0b0f8132-fc37-4fab-814c-f035802a2fbf	f46507011356f2ca2380de4c1ff54f0ee4bf20b0530f02c67d62f1e17186e992	2026-05-19 10:11:11.046884+00	20260518220000_lms_support_tickets	\N	\N	2026-05-19 10:11:11.037092+00	1
c7e4230e-d042-49ef-89f6-f195ffcce530	e6588c4fb0c91659f1cb8073434feff9df921ee10f3084fabd042b2e039c7a6e	2026-05-07 08:10:03.580677+00	20260428183000_pos_products_storefront_publish_at	\N	\N	2026-05-07 08:10:03.567866+00	1
72a545d2-4784-4e9c-8e88-4a14eea95bba	a9717b3ce4548da74653d2e6c93d99ea2086abf3f528388ad7709db00d7c2057	2026-05-19 10:11:11.05274+00	20260518230000_lms_pdf_lesson_type	\N	\N	2026-05-19 10:11:11.049252+00	1
4c2cf07b-ad23-4dbe-838b-6601ea6d0dad	b75c3e809b76fa7f58214c2b8ad3edc457b8e71eabcfe7b1e3e40bd346938937	2026-05-19 10:11:11.067608+00	20260519120000_em_workspace_notes	\N	\N	2026-05-19 10:11:11.054295+00	1
81752224-8e95-4c3a-9577-20f01abfc256	c1dd92ad5e024e5a66afa9d671888508630710d2709bfd165024d171fb41fe2e	2026-05-19 10:11:11.084282+00	20260519140000_em_workspace_full	\N	\N	2026-05-19 10:11:11.068965+00	1
bc5509ab-e2f3-4664-8528-de5fbfe819de	c34e7ee343bff1461703edeb6a8234816bd0a4bea9710a47c072c0202ba1808f	\N	20260429120000_em_expense_management	A migration failed to apply. New migrations cannot be applied before the error is recovered from. Read more about how to resolve migration issues in a production database: https://pris.ly/d/migrate-resolve\n\nMigration name: 20260429120000_em_expense_management\n\nDatabase error code: 42P07\n\nDatabase error:\nERROR: relation "em_expense_reports" already exists\n\nDbError { severity: "ERROR", parsed_severity: Some(Error), code: SqlState(E42P07), message: "relation \\"em_expense_reports\\" already exists", detail: None, hint: None, position: None, where_: None, schema: None, table: None, column: None, datatype: None, constraint: None, file: Some("heap.c"), line: Some(1160), routine: Some("heap_create_with_catalog") }\n\n   0: sql_schema_connector::apply_migration::apply_script\n           with migration_name="20260429120000_em_expense_management"\n             at schema-engine/connectors/sql-schema-connector/src/apply_migration.rs:106\n   1: schema_core::commands::apply_migrations::Applying migration\n           with migration_name="20260429120000_em_expense_management"\n             at schema-engine/core/src/commands/apply_migrations.rs:91\n   2: schema_core::state::ApplyMigrations\n             at schema-engine/core/src/state.rs:226	2026-05-07 08:21:03.077665+00	2026-05-07 08:10:03.584033+00	0
2b2c9fce-ed80-4884-bc83-17840abd6361	4a8673ed6cc153f481c80a1ff4c241e07cbe148480c9de2febe3cc8ad4acbc1b	2026-05-11 09:03:08.743457+00	20260510120000_pos_product_storefront_highlights	\N	\N	2026-05-11 09:03:08.736227+00	1
c7532d67-14ce-44b3-9655-fe56a37b0739	b55e8107ed1a3d0f1142aad48978e790bc7854b3b3c64a11f7e75200890c9ad0	2026-05-07 08:21:12.937082+00	20260429120000_em_expense_management	\N	\N	2026-05-07 08:21:12.923168+00	1
2dcc1c76-3128-4a82-8500-1cce86eb7f69	18800a343994c51d7e1e66af3c28b41dac2a25dca19ac0ad4bb49bd68e84c41c	2026-05-07 08:30:38.128526+00	20260430100000_ensure_expense_management_add_on	\N	\N	2026-05-07 08:30:38.125291+00	1
e306df4b-53ec-4988-bd46-d24de0174019	4ac24f1ea7d0daf8559a9dca70cc00e28626b017dca56ca7c783e4351221609c	2026-05-07 08:21:12.949304+00	20260429120000_ensure_pos_products_storefront_columns	\N	\N	2026-05-07 08:21:12.940652+00	1
b7c9b8ca-fe78-423d-a41b-4fc4fd0a87ee	08f48c5f18afb65c4dadb74c699aafd3b664c5605cebb31a068373454ed9e455	2026-05-07 08:21:12.959249+00	20260429140000_storefront_collections_tables	\N	\N	2026-05-07 08:21:12.952123+00	1
303c0db6-e458-4d24-b555-51c725db24a5	2ab1e7f5b94a0fee7bc90396cc21adc50e2c63400a4ca1a7b79b481b6ae7ff86	2026-05-11 09:03:08.705291+00	20260509171000_lms_course_media_pricing	\N	\N	2026-05-11 09:03:08.695088+00	1
56aa60f3-3caf-464e-a66f-5877a1543e85	e652ca060405a116767708018e556ad61c177fd4d8cc0a22d83b3fa809f8a3fb	\N	20260429193000_storefront_days_40_60_integration	A migration failed to apply. New migrations cannot be applied before the error is recovered from. Read more about how to resolve migration issues in a production database: https://pris.ly/d/migrate-resolve\n\nMigration name: 20260429193000_storefront_days_40_60_integration\n\nDatabase error code: 42P01\n\nDatabase error:\nERROR: relation "storefront_orders" does not exist\n\nDbError { severity: "ERROR", parsed_severity: Some(Error), code: SqlState(E42P01), message: "relation \\"storefront_orders\\" does not exist", detail: None, hint: None, position: None, where_: Some("SQL statement \\"ALTER TABLE \\"st_tickets\\" ADD CONSTRAINT \\"st_tickets_storefront_order_id_fkey\\" FOREIGN KEY (\\"storefront_order_id\\") REFERENCES \\"storefront_orders\\"(\\"id\\") ON DELETE SET NULL ON UPDATE CASCADE\\"\\nPL/pgSQL function inline_code_block line 2 at SQL statement"), schema: None, table: None, column: None, datatype: None, constraint: None, file: Some("namespace.c"), line: Some(636), routine: Some("RangeVarGetRelidExtended") }\n\n   0: sql_schema_connector::apply_migration::apply_script\n           with migration_name="20260429193000_storefront_days_40_60_integration"\n             at schema-engine/connectors/sql-schema-connector/src/apply_migration.rs:106\n   1: schema_core::commands::apply_migrations::Applying migration\n           with migration_name="20260429193000_storefront_days_40_60_integration"\n             at schema-engine/core/src/commands/apply_migrations.rs:91\n   2: schema_core::state::ApplyMigrations\n             at schema-engine/core/src/state.rs:226	2026-05-07 08:30:30.046434+00	2026-05-07 08:21:12.962102+00	0
6d3beca9-59ec-4dac-afd1-510d62a69d71	93524a3dd48a8d91ce547af487a59b920750f8c8f00a3cab450215b5b5446658	2026-05-07 08:30:38.140563+00	20260430120000_em_expense_categories	\N	\N	2026-05-07 08:30:38.129872+00	1
8784fa1c-e95d-4e4b-af22-4a97c6ee6abd	ce88f3d31175c25aad16dd30b4d742ba103a78e16bbfd7eebbd9656bbca2dd31	2026-05-07 08:30:38.124188+00	20260429193000_storefront_days_40_60_integration	\N	\N	2026-05-07 08:30:38.0789+00	1
3adfc0ee-c707-494f-b489-504395997243	2f67a0ddd053ed6f2536bc52ec991cd1db2e6b08fb89c45bc3a4c03f93098727	2026-05-07 08:30:38.148192+00	20260506103000_pos_product_storefront_featured	\N	\N	2026-05-07 08:30:38.14179+00	1
00f05a44-e4d1-4f16-b384-a7d24275bc0b	5c6f95b05c8da93caaf08e726fbb64f80532e8341d9c1e56305848682b3770ed	2026-05-07 08:30:38.161249+00	20260506140000_storefront_blog_posts	\N	\N	2026-05-07 08:30:38.149706+00	1
82bed667-c29d-4f98-bd25-7967c9d7e6b0	8889173fb89f13e8234c323f08e4e17c81edaa50be005c44a5f3c68aa7805749	2026-05-11 09:03:08.719674+00	20260509190000_lms_enrollment_commerce_crm	\N	\N	2026-05-11 09:03:08.706913+00	1
c2b2919b-4d11-4937-81b1-2385d5f698d8	9aaff8aec431784f2671332cf5c759140e9952d1e418e9478d506850de6c3976	2026-05-11 09:03:08.684074+00	20260509143000_lms_core_models	\N	\N	2026-05-11 09:03:08.60945+00	1
9d4968a8-53de-4989-9e30-d5ae41e1c479	41acbddf2dab9712160140b64ced4edacc4e4faffb5b4fc85b6df15606534209	2026-05-11 09:03:08.692872+00	20260509160000_lms_instructor_profile_avatar_expertise	\N	\N	2026-05-11 09:03:08.686763+00	1
11fb1edd-df66-4df5-a75f-1e6b14c3b7d8	a6a60d0031c271755c27edcfb2695401231057d463182c68f3877290c3125d1c	2026-05-11 09:03:08.7341+00	20260509193000_lms_lesson_progress	\N	\N	2026-05-11 09:03:08.7216+00	1
ed193211-c2e1-4c4b-a03f-00e049a1fb80	8821d24a5e777639d919cfab9152041ddce87a56e125b820ca274590c9ff39ec	2026-05-19 10:11:10.948742+00	20260518120000_lms_live_sessions	\N	\N	2026-05-19 10:11:10.917911+00	1
817490f4-3164-457f-ba8d-9e35bedc99d4	7656dc9b84b22af6ec61f652ee12a9ba68ae70e44954519ead6e0d8f3fa5cdaa	2026-05-11 09:03:08.79433+00	20260511190000_storefront_cart_checkout_sessions	\N	\N	2026-05-11 09:03:08.745193+00	1
282fa12c-7152-4882-a43c-c7752416ec11	a60fdf2675a5c3262450fcafaf6125a5346373f86f7d009afb43071f67dab2fd	2026-05-11 12:29:43.483979+00	20260510180000_storefront_blog_comments	\N	\N	2026-05-11 12:29:43.459108+00	1
65a7385a-b35c-432b-a630-757c12ecc897	308a9bab34bec84649b2b20ab46f88a59d5d690f4b1176c3c912a020ba23faab	2026-05-11 10:06:40.560392+00	20260511193000_storefront_shipping_tax_discount	\N	\N	2026-05-11 10:06:40.500731+00	1
8e3d0ded-d6f2-40f5-ab59-270207d72382	01a0c5c27af3d9d76ed98d9917436e112d83319e5229b45e8069150d0b36a1f2	2026-05-19 10:11:10.963951+00	20260518140000_google_calendar_lms	\N	\N	2026-05-19 10:11:10.950671+00	1
be69f31f-0cdd-4244-a1d2-03a69126f87f	9d02bd512d9c7d218bdc5148243469e728db3d6ee7c38201fcec5a1110cc64d3	2026-05-19 10:11:10.972817+00	20260518160000_lms_notification_logs	\N	\N	2026-05-19 10:11:10.965333+00	1
65e26890-9f44-4728-bd2f-d04c632404e7	a0f7859ca3dfa6c28da89d21ff6dadb4ee1f0eccc59779be2ed12478d4a56d58	2026-05-19 10:11:10.998799+00	20260518180000_lms_subscription_plans	\N	\N	2026-05-19 10:11:10.974537+00	1
4db70957-e3fa-4688-b903-d1262d29f25c	43d5718b029588914aa689fbb9ef3a66c94ee66ccfca4dff2db9668ef0a04215	2026-05-19 10:11:11.023667+00	20260518200000_lms_instructor_commissions	\N	\N	2026-05-19 10:11:11.000306+00	1
222a86c2-d630-472b-b5c0-f3b60b38a43c	3d76419b02ea6d5bba98a638f0087b86281a3073b6928130aba61d50193b8087	2026-05-19 10:11:11.0358+00	20260518210000_lms_course_reviews	\N	\N	2026-05-19 10:11:11.025125+00	1
\.


--
-- Data for Name: account_categories; Type: TABLE DATA; Schema: public; Owner: waterexpress_user
--

COPY public.account_categories (id, name, code, type, description, is_active, creator_id, created_by, created_at, updated_at) FROM stdin;
1	TEst	Test	revenue	Tes	t	1000	1000	2026-04-21 06:44:03.91	\N
2	Test	23432	expense	Test	t	1000	1000	2026-04-21 06:44:11.209	\N
\.


--
-- Data for Name: account_types; Type: TABLE DATA; Schema: public; Owner: waterexpress_user
--

COPY public.account_types (id, category_id, name, code, normal_balance, description, is_active, is_system_type, creator_id, created_by, created_at, updated_at) FROM stdin;
1	1	Tes	Test32424	debit	Test	t	f	1000	1000	2026-04-21 06:44:22.521	\N
\.


--
-- Data for Name: add_ons; Type: TABLE DATA; Schema: public; Owner: waterexpress_user
--

COPY public.add_ons (id, module, name, monthly_price, yearly_price, image, is_enable, for_admin, package_name, priority, created_at, updated_at, version) FROM stdin;
697	FormBuilder	Form Builder	0.00	0.00	\N	t	f	formbuilder	0	2026-03-26 09:57:00.039	2026-03-26 10:59:14.159	1.0.0
698	ResumeBuilder	Resume Builder	0.00	0.00	\N	t	f	resumebuilder	0	2026-03-26 10:41:07.785	2026-03-26 10:59:20.418	1.0.0
699	SupportTicket	Support Ticket	0.00	0.00	\N	t	f	supportticket	0	2026-03-28 05:06:18.743	\N	1.0.0
700	Assets	Assets	0.00	0.00	\N	t	f	assets	0	2026-03-28 05:06:28.669	\N	1.0.0
701	WhatsAppChat	WhatsApp Chat	0.00	0.00	\N	t	f	whatsappchat	0	2026-03-28 05:06:45.236	\N	1.0.0
259	Paypal	Paypal	0.00	0.00	\N	t	f	paypal	1510	2026-03-12 09:11:19.092	2026-03-31 15:33:21.2	1.0.0
702	Storefront	Storefronts	0.00	0.00	\N	t	f	storefront	0	2026-04-02 18:52:13.181	\N	1.0.0
266	BusinessModules	Business Modules	0.00	0.00	\N	t	t	business-modules	0	2026-03-16 13:37:57.184	2026-03-20 05:19:30.772	1.0.0
263	RecurringInvoiceBill	Recurring Invoice/Purchase	0.00	0.00	\N	t	f	recurring-invoice-bill	190	2026-03-12 09:11:19.178	2026-03-20 05:19:31.315	1.0.0
264	Stripe	Stripe	0.00	0.00	\N	t	f	stripe	1500	2026-03-12 09:11:19.199	2026-03-20 05:19:31.344	1.0.0
260	Pos	POS	0.00	0.00	\N	f	f	pos	50	2026-03-12 09:11:19.114	2026-04-15 12:03:57.134	1.0.0
1	ExpenseManagement	Expense Management	0.00	0.00	\N	t	f	expensemanagement	0	2026-05-05 09:54:35.231	\N	1.0.0
256	Hrm	HRM	0.00	0.00	\N	t	f	hrm	30	2026-03-12 09:11:19.028	2026-03-20 05:19:31.176	1.0.0
265	Taskly	Project	0.00	0.00	\N	t	f	taskly	10	2026-03-12 09:11:19.221	2026-03-20 05:19:31.371	1.0.0
254	Account	Accounting	0.00	0.00	\N	t	f	account	20	2026-03-12 09:11:18.814	2026-03-20 05:19:30.903	1.0.0
255	Appointment	Appointment	0.00	0.00	\N	t	f	appointment	530	2026-03-12 09:11:19.006	2026-03-20 05:45:08.437	1.0.0
262	Recruitment	Recruitment	0.00	0.00	\N	t	f	recruitment	270	2026-03-12 09:11:19.157	2026-03-20 05:45:12.312	1.0.0
258	Lead	CRM	0.00	0.00	\N	t	f	lead	40	2026-03-12 09:11:19.071	2026-03-20 05:19:31.204	1.0.0
2	Lms	LMS	0.00	0.00	\N	t	f	lms	76	2026-05-10 06:17:22.909	2026-05-25 11:28:44.617	1.0.0
3	AffiliateBusiness	Affiliate Business	0.00	0.00	\N	t	f	affiliatebusiness	77	2026-05-26 13:32:15.724	\N	1.0.0
4	Marketplace	Marketplace	0.00	0.00	\N	t	f	marketplace	78	2026-06-03 15:38:57.9	\N	1.0.0
\.


--
-- Data for Name: affiliate_commissions; Type: TABLE DATA; Schema: public; Owner: waterexpress_user
--

COPY public.affiliate_commissions (id, organization_id, partner_id, program_id, order_ref, customer_email, amount, currency, status, earned_at, created_at, updated_at) FROM stdin;
1	1000	2	4	ORD-10041	buyer1@example.com	149.50	USD	approved	2026-05-26 09:40:21.7	2026-05-28 09:40:21.701	\N
2	1000	2	2	ORD-10038	learner@example.com	22.35	USD	pending	2026-05-23 09:40:21.703	2026-05-28 09:40:21.704	\N
3	1000	1	4	ORD-10035	corp@acme.io	890.00	USD	approved	2026-05-20 09:40:21.705	2026-05-28 09:40:21.706	\N
4	1000	1	1	ORD-10030	trial@startup.co	25.00	USD	paid	2026-05-16 09:40:21.708	2026-05-28 09:40:21.709	\N
5	1000	3	2	ORD-10028	student@school.edu	44.85	USD	approved	2026-05-13 09:40:21.711	2026-05-28 09:40:21.712	\N
6	1000	6	4	ORD-10022	ops@bigco.com	1200.00	USD	approved	2026-05-08 09:40:21.716	2026-05-28 09:40:21.717	\N
7	1000	6	2	ORD-10019	dev@code.test	67.50	USD	pending	2026-05-06 09:40:21.718	2026-05-28 09:40:21.719	\N
8	1000	1	2	ORD-10015	pm@product.io	89.10	USD	rejected	2026-05-03 09:40:21.72	2026-05-28 09:40:21.721	\N
9	1000	3	1	ORD-10012	founder@saas.dev	25.00	USD	paid	2026-04-28 09:40:21.724	2026-05-28 09:40:21.725	\N
10	1000	2	1	ORD-10008	hello@mail.com	25.00	USD	paid	2026-04-23 09:40:21.727	2026-05-28 09:40:21.728	\N
11	1000	6	1	ORD-10005	team@agency.net	25.00	USD	approved	2026-04-18 09:40:21.731	2026-05-28 09:40:21.732	\N
12	1000	5	2	ORD-10002	old@client.com	18.00	USD	rejected	2026-03-29 09:40:21.733	2026-05-28 09:40:21.733	\N
13	1053	7	6	ORD-10041	buyer1@example.com	149.50	USD	approved	2026-06-01 12:10:44.155	2026-06-03 12:10:44.159	\N
14	1053	7	7	ORD-10038	learner@example.com	22.35	USD	pending	2026-05-29 12:10:44.171	2026-06-03 12:10:44.172	\N
15	1053	8	6	ORD-10035	corp@acme.io	890.00	USD	approved	2026-05-26 12:10:44.201	2026-06-03 12:10:44.205	\N
16	1053	8	5	ORD-10030	trial@startup.co	25.00	USD	paid	2026-05-22 12:10:44.225	2026-06-03 12:10:44.226	\N
17	1053	12	7	ORD-10028	student@school.edu	44.85	USD	approved	2026-05-19 12:10:44.238	2026-06-03 12:10:44.24	\N
18	1053	11	6	ORD-10022	ops@bigco.com	1200.00	USD	approved	2026-05-14 12:10:44.251	2026-06-03 12:10:44.252	\N
19	1053	11	7	ORD-10019	dev@code.test	67.50	USD	pending	2026-05-12 12:10:44.256	2026-06-03 12:10:44.257	\N
20	1053	8	7	ORD-10015	pm@product.io	89.10	USD	rejected	2026-05-09 12:10:44.261	2026-06-03 12:10:44.262	\N
21	1053	12	5	ORD-10012	founder@saas.dev	25.00	USD	paid	2026-05-04 12:10:44.268	2026-06-03 12:10:44.271	\N
22	1053	7	5	ORD-10008	hello@mail.com	25.00	USD	paid	2026-04-29 12:10:44.274	2026-06-03 12:10:44.274	\N
23	1053	11	5	ORD-10005	team@agency.net	25.00	USD	approved	2026-04-24 12:10:44.278	2026-06-03 12:10:44.279	\N
24	1053	10	7	ORD-10002	old@client.com	18.00	USD	rejected	2026-04-04 12:10:44.283	2026-06-03 12:10:44.284	\N
\.


--
-- Data for Name: affiliate_links; Type: TABLE DATA; Schema: public; Owner: waterexpress_user
--

COPY public.affiliate_links (id, organization_id, partner_id, program_id, label, destination_url, slug, tracking_url, status, click_count, created_at, updated_at) FROM stdin;
1	1000	2	4	Alex Rivera — SaaS Annual Plans	\N	alex10-saas-annual-plans-4	https://paperflight.demo/?ref=ALEX10&program=4&aff=alex10-saas-annual-plans-4	active	101	2026-05-28 09:40:21.76	\N
2	1000	2	1	Alex Rivera — Starter Bundle	\N	alex10-starter-bundle-1	https://paperflight.demo/?ref=ALEX10&program=1&aff=alex10-starter-bundle-1	active	89	2026-05-28 09:40:21.765	\N
3	1000	2	2	Alex Rivera — LMS Course Sales	\N	alex10-lms-course-sales-2	https://paperflight.demo/?ref=ALEX10&program=2&aff=alex10-lms-course-sales-2	active	23	2026-05-28 09:40:21.769	\N
4	1000	1	4	Jordan Kim — SaaS Annual Plans	\N	jkim20-saas-annual-plans-4	https://paperflight.demo/?ref=JKIM20&program=4&aff=jkim20-saas-annual-plans-4	active	54	2026-05-28 09:40:21.772	\N
5	1000	1	1	Jordan Kim — Starter Bundle	\N	jkim20-starter-bundle-1	https://paperflight.demo/?ref=JKIM20&program=1&aff=jkim20-starter-bundle-1	active	69	2026-05-28 09:40:21.775	\N
6	1000	1	2	Jordan Kim — LMS Course Sales	\N	jkim20-lms-course-sales-2	https://paperflight.demo/?ref=JKIM20&program=2&aff=jkim20-lms-course-sales-2	active	70	2026-05-28 09:40:21.777	\N
7	1000	3	4	Sam Patel — SaaS Annual Plans	\N	sam15-saas-annual-plans-4	https://paperflight.demo/?ref=SAM15&program=4&aff=sam15-saas-annual-plans-4	active	46	2026-05-28 09:40:21.78	\N
8	1000	3	1	Sam Patel — Starter Bundle	\N	sam15-starter-bundle-1	https://paperflight.demo/?ref=SAM15&program=1&aff=sam15-starter-bundle-1	active	17	2026-05-28 09:40:21.783	\N
9	1000	3	2	Sam Patel — LMS Course Sales	\N	sam15-lms-course-sales-2	https://paperflight.demo/?ref=SAM15&program=2&aff=sam15-lms-course-sales-2	active	65	2026-05-28 09:40:21.786	\N
10	1000	6	4	Morgan Lee — SaaS Annual Plans	\N	mlee25-saas-annual-plans-4	https://paperflight.demo/?ref=MLEE25&program=4&aff=mlee25-saas-annual-plans-4	active	76	2026-05-28 09:40:21.789	\N
11	1000	6	1	Morgan Lee — Starter Bundle	\N	mlee25-starter-bundle-1	https://paperflight.demo/?ref=MLEE25&program=1&aff=mlee25-starter-bundle-1	active	15	2026-05-28 09:40:21.794	\N
12	1000	6	2	Morgan Lee — LMS Course Sales	\N	mlee25-lms-course-sales-2	https://paperflight.demo/?ref=MLEE25&program=2&aff=mlee25-lms-course-sales-2	active	68	2026-05-28 09:40:21.797	\N
13	1000	2	3	Alex Rivera — Holiday Promo 2026	https://nextjs.paperflight.cc/register	alex10-holiday-promo-2026-3	https://nextjs.paperflight.cc/register?ref=ALEX10&program=3&aff=alex10-holiday-promo-2026-3	active	0	2026-05-28 09:44:39.928	\N
14	1053	7	5	Alex Rivera — Starter Bundle	\N	alex10-starter-bundle-5	https://paperflight.demo/?ref=ALEX10&program=5&aff=alex10-starter-bundle-5	active	56	2026-06-03 12:10:44.296	\N
15	1053	7	6	Alex Rivera — SaaS Annual Plans	\N	alex10-saas-annual-plans-6	https://paperflight.demo/?ref=ALEX10&program=6&aff=alex10-saas-annual-plans-6	active	71	2026-06-03 12:10:44.304	\N
16	1053	7	7	Alex Rivera — LMS Course Sales	\N	alex10-lms-course-sales-7	https://paperflight.demo/?ref=ALEX10&program=7&aff=alex10-lms-course-sales-7	active	64	2026-06-03 12:10:44.322	\N
17	1053	8	5	Jordan Kim — Starter Bundle	\N	jkim20-starter-bundle-5	https://paperflight.demo/?ref=JKIM20&program=5&aff=jkim20-starter-bundle-5	active	13	2026-06-03 12:10:44.351	\N
18	1053	8	6	Jordan Kim — SaaS Annual Plans	\N	jkim20-saas-annual-plans-6	https://paperflight.demo/?ref=JKIM20&program=6&aff=jkim20-saas-annual-plans-6	active	15	2026-06-03 12:10:44.375	\N
19	1053	8	7	Jordan Kim — LMS Course Sales	\N	jkim20-lms-course-sales-7	https://paperflight.demo/?ref=JKIM20&program=7&aff=jkim20-lms-course-sales-7	active	108	2026-06-03 12:10:44.386	\N
20	1053	11	5	Morgan Lee — Starter Bundle	\N	mlee25-starter-bundle-5	https://paperflight.demo/?ref=MLEE25&program=5&aff=mlee25-starter-bundle-5	active	82	2026-06-03 12:10:44.391	\N
21	1053	11	6	Morgan Lee — SaaS Annual Plans	\N	mlee25-saas-annual-plans-6	https://paperflight.demo/?ref=MLEE25&program=6&aff=mlee25-saas-annual-plans-6	active	58	2026-06-03 12:10:44.396	\N
22	1053	11	7	Morgan Lee — LMS Course Sales	\N	mlee25-lms-course-sales-7	https://paperflight.demo/?ref=MLEE25&program=7&aff=mlee25-lms-course-sales-7	active	43	2026-06-03 12:10:44.402	\N
23	1053	12	5	Sam Patel — Starter Bundle	\N	sam15-starter-bundle-5	https://paperflight.demo/?ref=SAM15&program=5&aff=sam15-starter-bundle-5	active	101	2026-06-03 12:10:44.407	\N
24	1053	12	6	Sam Patel — SaaS Annual Plans	\N	sam15-saas-annual-plans-6	https://paperflight.demo/?ref=SAM15&program=6&aff=sam15-saas-annual-plans-6	active	66	2026-06-03 12:10:44.413	\N
25	1053	12	7	Sam Patel — LMS Course Sales	\N	sam15-lms-course-sales-7	https://paperflight.demo/?ref=SAM15&program=7&aff=sam15-lms-course-sales-7	active	16	2026-06-03 12:10:44.423	\N
\.


--
-- Data for Name: affiliate_partners; Type: TABLE DATA; Schema: public; Owner: waterexpress_user
--

COPY public.affiliate_partners (id, organization_id, name, email, referral_code, tier, status, commission_rate, total_clicks, total_conversions, lifetime_earnings, joined_at, created_at, updated_at) FROM stdin;
2	1000	Alex Rivera	alex.rivera@affiliate-demo.com	ALEX10	gold	active	15.00	1240	86	4280.50	2026-01-28 09:40:21.684	2026-05-28 09:40:21.686	\N
1	1000	Jordan Kim	jordan.kim@affiliate-demo.com	JKIM20	platinum	active	20.00	2105	142	9120.75	2025-11-09 09:40:21.684	2026-05-28 09:40:21.686	\N
3	1000	Sam Patel	sam.patel@affiliate-demo.com	SAM15	silver	active	12.00	890	54	2650.00	2026-02-27 09:40:21.684	2026-05-28 09:40:21.687	\N
4	1000	Taylor Brooks	taylor.b@affiliate-demo.com	TBROOKS	standard	pending	10.00	45	2	120.00	2026-05-14 09:40:21.684	2026-05-28 09:40:21.686	\N
5	1000	Casey Nguyen	casey.n@affiliate-demo.com	CASEY5	standard	suspended	8.00	320	12	480.00	2025-08-01 09:40:21.684	2026-05-28 09:40:21.686	\N
6	1000	Morgan Lee	morgan.lee@affiliate-demo.com	MLEE25	gold	active	15.00	1560	98	5890.25	2025-12-19 09:40:21.684	2026-05-28 09:40:21.686	\N
7	1053	Alex Rivera	alex.rivera@affiliate-demo.com	ALEX10	gold	active	15.00	1240	86	4280.50	2026-02-03 12:10:44.11	2026-06-03 12:10:44.112	\N
8	1053	Jordan Kim	jordan.kim@affiliate-demo.com	JKIM20	platinum	active	20.00	2105	142	9120.75	2025-11-15 12:10:44.11	2026-06-03 12:10:44.113	\N
9	1053	Taylor Brooks	taylor.b@affiliate-demo.com	TBROOKS	standard	pending	10.00	45	2	120.00	2026-05-20 12:10:44.11	2026-06-03 12:10:44.114	\N
10	1053	Casey Nguyen	casey.n@affiliate-demo.com	CASEY5	standard	suspended	8.00	320	12	480.00	2025-08-07 12:10:44.11	2026-06-03 12:10:44.114	\N
11	1053	Morgan Lee	morgan.lee@affiliate-demo.com	MLEE25	gold	active	15.00	1560	98	5890.25	2025-12-25 12:10:44.11	2026-06-03 12:10:44.114	\N
12	1053	Sam Patel	sam.patel@affiliate-demo.com	SAM15	silver	active	12.00	890	54	2650.00	2026-03-05 12:10:44.11	2026-06-03 12:10:44.114	\N
\.


--
-- Data for Name: affiliate_payouts; Type: TABLE DATA; Schema: public; Owner: waterexpress_user
--

COPY public.affiliate_payouts (id, organization_id, partner_id, amount, currency, status, method, scheduled_at, paid_at, reference, created_at, updated_at) FROM stdin;
1	1000	1	2500.00	USD	paid	bank_transfer	2026-05-25 09:40:21.735	2026-05-25 09:40:21.735	PAY-2026-0412	2026-05-28 09:40:21.736	\N
2	1000	2	890.50	USD	processing	paypal	2026-05-28 09:40:21.738	\N	PAY-2026-0418	2026-05-28 09:40:21.739	\N
3	1000	6	1200.00	USD	scheduled	bank_transfer	2026-05-28 09:40:21.741	\N	\N	2026-05-28 09:40:21.742	\N
4	1000	3	450.00	USD	paid	bank_transfer	2026-05-18 09:40:21.743	2026-05-18 09:40:21.743	PAY-2026-0401	2026-05-28 09:40:21.744	\N
5	1000	2	320.00	USD	failed	paypal	2026-05-23 09:40:21.748	\N	PAY-2026-0398	2026-05-28 09:40:21.749	\N
6	1053	8	2500.00	USD	paid	bank_transfer	2026-05-31 12:10:44.289	2026-05-31 12:10:44.289	PAY-2026-0412	2026-06-03 12:10:44.29	\N
7	1053	7	890.50	USD	processing	paypal	2026-06-03 12:10:44.299	\N	PAY-2026-0418	2026-06-03 12:10:44.3	\N
8	1053	11	1200.00	USD	scheduled	bank_transfer	2026-06-03 12:10:44.302	\N	\N	2026-06-03 12:10:44.303	\N
9	1053	12	450.00	USD	paid	bank_transfer	2026-05-24 12:10:44.305	2026-05-24 12:10:44.305	PAY-2026-0401	2026-06-03 12:10:44.306	\N
10	1053	7	320.00	USD	failed	paypal	2026-05-29 12:10:44.321	\N	PAY-2026-0398	2026-06-03 12:10:44.322	\N
\.


--
-- Data for Name: affiliate_programs; Type: TABLE DATA; Schema: public; Owner: waterexpress_user
--

COPY public.affiliate_programs (id, organization_id, name, description, commission_type, commission_value, cookie_days, status, created_at, updated_at) FROM stdin;
1	1000	Starter Bundle	Flat $25 per qualified signup on the Starter plan.	flat	25.00	30	active	2026-05-28 09:40:21.692	\N
2	1000	LMS Course Sales	15% on all course purchases attributed to your referral code.	percentage	15.00	60	active	2026-05-28 09:40:21.692	\N
3	1000	Holiday Promo 2026	Limited-time boosted commissions for Q2 campaigns.	percentage	30.00	14	paused	2026-05-28 09:40:21.692	\N
4	1000	SaaS Annual Plans	20% commission on first-year annual subscriptions referred through your link.	percentage	20.00	45	active	2026-05-28 09:40:21.692	\N
5	1053	Starter Bundle	Flat $25 per qualified signup on the Starter plan.	flat	25.00	30	active	2026-06-03 12:10:44.14	\N
6	1053	SaaS Annual Plans	20% commission on first-year annual subscriptions referred through your link.	percentage	20.00	45	active	2026-06-03 12:10:44.142	\N
7	1053	LMS Course Sales	15% on all course purchases attributed to your referral code.	percentage	15.00	60	active	2026-06-03 12:10:44.14	\N
8	1053	Holiday Promo 2026	Limited-time boosted commissions for Q2 campaigns.	percentage	30.00	14	paused	2026-06-03 12:10:44.14	\N
\.


--
-- Data for Name: affiliate_settings; Type: TABLE DATA; Schema: public; Owner: waterexpress_user
--

COPY public.affiliate_settings (id, organization_id, default_commission_rate, cookie_window_days, minimum_payout, auto_approve_commissions, notification_email, currency, created_at, updated_at, default_landing_url) FROM stdin;
1	1000	10.00	30	50.00	f	affiliates@paperflight.demo	USD	2026-05-28 09:40:21.751	\N	https://paperflight.demo
2	1053	10.00	30	50.00	f	affiliates@paperflight.demo	USD	2026-06-03 12:10:44.333	\N	https://paperflight.demo
\.


--
-- Data for Name: app_notifications; Type: TABLE DATA; Schema: public; Owner: waterexpress_user
--

COPY public.app_notifications (id, user_id, organization_id, module, type, title, body, link, read_at, created_at) FROM stdin;
\.


--
-- Data for Name: appointment_callbacks; Type: TABLE DATA; Schema: public; Owner: waterexpress_user
--

COPY public.appointment_callbacks (id, schedule_id, unique_code, user_id, appointment_id, reason, date, start_time, end_time, status, creator_id, created_by, created_at, updated_at) FROM stdin;
1001	1006	CB-001-FRANK	\N	1001	Rescheduling — conflict with work meeting	2026-03-25	10:00	11:00	pending	1000	1000	2026-03-19 10:05:13.62	\N
1002	1002	CB-002-BOB	\N	1002	Request for longer session duration	2026-03-24	09:00	09:30	approved	1000	1000	2026-03-19 10:05:13.62	\N
1003	1004	CB-003-DAVID	\N	1001	Follow-up on initial consultation outcome	2026-04-05	14:00	15:00	pending	1000	1000	2026-03-19 10:05:13.62	\N
\.


--
-- Data for Name: appointment_hours; Type: TABLE DATA; Schema: public; Owner: waterexpress_user
--

COPY public.appointment_hours (id, day_name, start_time, end_time, day_off, creator_id, created_by, created_at, updated_at) FROM stdin;
1001	Monday	09:00	17:00	f	1000	1000	2026-03-19 10:05:12.883	\N
1002	Tuesday	09:00	17:00	f	1000	1000	2026-03-19 10:05:12.944	\N
1003	Wednesday	09:00	17:00	f	1000	1000	2026-03-19 10:05:12.984	\N
1004	Thursday	09:00	17:00	f	1000	1000	2026-03-19 10:05:13.024	\N
1005	Friday	09:00	16:00	f	1000	1000	2026-03-19 10:05:13.064	\N
1006	Saturday	\N	\N	t	1000	1000	2026-03-19 10:05:13.105	\N
1007	Sunday	\N	\N	t	1000	1000	2026-03-19 10:05:13.145	\N
\.


--
-- Data for Name: appointment_settings; Type: TABLE DATA; Schema: public; Owner: waterexpress_user
--

COPY public.appointment_settings (id, key, value, created_by, created_at, updated_at) FROM stdin;
1	company_name	PaperFlight Clinic	1000	2026-03-19 10:05:13.207	\N
2	booking_url	paperflight	1000	2026-03-19 10:05:13.269	\N
3	reminder_hours	24	1000	2026-03-19 10:05:13.31	\N
4	max_bookings_per_day	20	1000	2026-03-19 10:05:13.35	\N
\.


--
-- Data for Name: appointments; Type: TABLE DATA; Schema: public; Owner: waterexpress_user
--

COPY public.appointments (id, appointment_name, appointment_type, week_day, duration, phone_enabled, question_ids, enabled, creator_id, created_by, created_at, updated_at) FROM stdin;
1001	Initial Consultation	one_to_one	["Monday", "Tuesday", "Wednesday", "Thursday", "Friday"]	60	t	[1001, 1002, 1003]	t	1000	1000	2026-03-19 10:05:13.455	\N
1002	Follow-Up Session	one_to_one	["Monday", "Wednesday", "Friday"]	30	f	[1001, 1005]	t	1000	1000	2026-03-19 10:05:13.455	\N
1003	Group Workshop	group	["Saturday"]	120	f	[1003, 1004]	f	1000	1000	2026-03-19 10:05:13.455	\N
1	Test	one_to_one	["Tuesday", "Monday", "Wednesday"]	30	t	null	t	1000	1000	2026-04-21 06:59:28.015	\N
\.


--
-- Data for Name: asset_assignments; Type: TABLE DATA; Schema: public; Owner: waterexpress_user
--

COPY public.asset_assignments (id, asset_id, assigned_to, assigned_date, expected_return, status, condition, notes, created_at, updated_at) FROM stdin;
\.


--
-- Data for Name: asset_borrow_payments; Type: TABLE DATA; Schema: public; Owner: waterexpress_user
--

COPY public.asset_borrow_payments (id, borrow_rent_id, asset_id, customer_name, payment_amount, payment_date, reference_number, status, notes, created_at, updated_at) FROM stdin;
\.


--
-- Data for Name: asset_borrow_rents; Type: TABLE DATA; Schema: public; Owner: waterexpress_user
--

COPY public.asset_borrow_rents (id, asset_id, user_id, start_date, end_date, actual_return_date, rent_quantity, purpose, status, created_at, updated_at) FROM stdin;
\.


--
-- Data for Name: asset_categories; Type: TABLE DATA; Schema: public; Owner: waterexpress_user
--

COPY public.asset_categories (id, name, created_at, updated_at) FROM stdin;
1	Computer Equipment	2026-03-28 05:06:28.906	\N
2	Office Furniture	2026-03-28 05:06:28.996	\N
3	Vehicles	2026-03-28 05:06:29.057	\N
4	Machinery	2026-03-28 05:06:29.116	\N
5	Electronics	2026-03-28 05:06:29.176	\N
6	Software Licenses	2026-03-28 05:06:29.235	\N
7	Network Equipment	2026-03-28 05:06:29.293	\N
8	Mobile Devices	2026-03-28 05:06:29.352	\N
9	Tools & Equipment	2026-03-28 05:06:29.415	\N
10	Building Infrastructure	2026-03-28 05:06:29.474	\N
\.


--
-- Data for Name: asset_depreciations; Type: TABLE DATA; Schema: public; Owner: waterexpress_user
--

COPY public.asset_depreciations (id, asset_id, method, useful_life, salvage_value, start_date, notes, status, created_at, updated_at) FROM stdin;
\.


--
-- Data for Name: asset_locations; Type: TABLE DATA; Schema: public; Owner: waterexpress_user
--

COPY public.asset_locations (id, name, code, type, parent_id, address, city, state, country, postal_code, contact_person, contact_phone, contact_email, description, status, created_at, updated_at) FROM stdin;
\.


--
-- Data for Name: asset_maintenances; Type: TABLE DATA; Schema: public; Owner: waterexpress_user
--

COPY public.asset_maintenances (id, asset_id, type, title, description, scheduled_date, completed_date, cost, technician_name, status, priority, next_maintenance_date, notes, created_at, updated_at) FROM stdin;
\.


--
-- Data for Name: assets; Type: TABLE DATA; Schema: public; Owner: waterexpress_user
--

COPY public.assets (id, name, category_id, purchase_date, supported_date, serial_code, quantity, unit_price, purchase_cost, warranty_period, location_id, description, image, created_at, updated_at) FROM stdin;
\.


--
-- Data for Name: bank_accounts; Type: TABLE DATA; Schema: public; Owner: waterexpress_user
--

COPY public.bank_accounts (id, account_number, account_name, bank_name, branch_name, account_type, payment_gateway, opening_balance, current_balance, iban, swift_code, routing_number, is_active, gl_account_id, creator_id, created_by, created_at, updated_at) FROM stdin;
1	1234567890	Business Checking Account	Test Bank	Test	0	\N	23432.00	23432.00	\N	\N	\N	t	\N	1000	1000	2026-03-22 14:58:14.287	\N
2	2343-2432-4324	Test	Test	ttes	checking	\N	0.00	0.00	\N	\N	\N	t	\N	1000	1000	2026-04-21 06:41:35.25	\N
\.


--
-- Data for Name: bank_transactions; Type: TABLE DATA; Schema: public; Owner: waterexpress_user
--

COPY public.bank_transactions (id, bank_account_id, transaction_date, reference_number, description, type, amount, balance_after, category, notes, creator_id, created_by, created_at, updated_at) FROM stdin;
1	2	2026-04-21	T535345	\N	credit	224.00	\N	Sales	\N	1000	1000	2026-04-21 06:42:02.066	\N
\.


--
-- Data for Name: bank_transfer_payments; Type: TABLE DATA; Schema: public; Owner: waterexpress_user
--

COPY public.bank_transfer_payments (id, user_id, price, order_id, status, price_currency, attachment, request, type, created_by, created_at, updated_at) FROM stdin;
\.


--
-- Data for Name: bank_transfers; Type: TABLE DATA; Schema: public; Owner: waterexpress_user
--

COPY public.bank_transfers (id, from_account_id, to_account_id, transfer_date, amount, reference_number, description, fees, creator_id, created_by, created_at, updated_at) FROM stdin;
1001	5	7	2026-01-31	25000.00	BT-DEMO-001	Monthly payroll funding transfer	0.00	1000	1000	2026-03-19 07:56:50.116	\N
1002	5	6	2026-02-28	50000.00	BT-DEMO-002	Reserve fund replenishment	0.00	1000	1000	2026-03-19 07:56:50.116	\N
1003	6	5	2026-03-14	15000.00	BT-DEMO-003	Operating expenses funding	25.00	1000	1000	2026-03-19 07:56:50.116	\N
1	1	1	2026-04-22	123.00	\N	\N	0.00	1000	1000	2026-04-20 10:51:50.47	\N
\.


--
-- Data for Name: bug_comments; Type: TABLE DATA; Schema: public; Owner: waterexpress_user
--

COPY public.bug_comments (id, bug_id, user_id, comment, created_at, updated_at) FROM stdin;
\.


--
-- Data for Name: bug_stages; Type: TABLE DATA; Schema: public; Owner: waterexpress_user
--

COPY public.bug_stages (id, name, color, complete, "order", creator_id, created_by, created_at, updated_at) FROM stdin;
1	Open	#ef4444	f	1	1000	1000	2026-03-19 09:53:59.446	\N
2	In Progress	#3b82f6	f	2	1000	1000	2026-03-19 09:53:59.446	\N
3	Testing	#f59e0b	f	3	1000	1000	2026-03-19 09:53:59.446	\N
4	Resolved	#10b981	t	4	1000	1000	2026-03-19 09:53:59.446	\N
\.


--
-- Data for Name: business_module_features; Type: TABLE DATA; Schema: public; Owner: waterexpress_user
--

COPY public.business_module_features (id, business_module_id, title, description, sort_order, created_at, updated_at) FROM stdin;
1	39	Create Security Management	\N	0	2026-04-03 13:08:16.22	\N
\.


--
-- Data for Name: business_modules; Type: TABLE DATA; Schema: public; Owner: waterexpress_user
--

COPY public.business_modules (id, code, name, description, is_active, sort_order, created_by, created_at, updated_at) FROM stdin;
15	MOD015	Electrical Services	\N	f	14	\N	2026-03-09 15:25:41.939	2026-04-01 13:30:15.456
13	MOD013	HVAC	\N	f	12	\N	2026-03-09 15:25:41.899	2026-04-01 13:30:17.853
1	MOD001	Junk Removal	\N	f	0	\N	2026-03-09 15:25:41.623	2026-04-01 13:30:18.755
7	MOD007	Landscaping	\N	f	6	\N	2026-03-09 15:25:41.768	2026-04-01 13:30:20.133
27	MOD027	Mobile Fingerprinting	\N	f	26	\N	2026-03-09 15:25:42.184	2026-04-01 13:30:22.324
16	MOD016	Pool Cleaning	\N	f	15	\N	2026-03-09 15:25:41.959	2026-04-01 13:30:25.074
23	MOD023	Mobile Drug Testing	\N	f	22	\N	2026-03-09 15:25:42.101	2026-04-01 13:30:27.151
14	MOD014	Plumbing	\N	f	13	\N	2026-03-09 15:25:41.919	2026-04-01 13:30:29.151
35	MOD035	Pet Sitting	\N	f	34	\N	2026-03-09 15:25:42.345	2026-04-01 13:30:33
20	MOD020	Mobile Car Wash	\N	f	19	\N	2026-03-09 15:25:42.041	2026-04-01 13:30:35.254
11	MOD011	Pest Control	\N	f	10	\N	2026-03-09 15:25:41.85	2026-04-01 13:30:37.272
25	MOD025	Medical Surplus	\N	f	24	\N	2026-03-09 15:25:42.141	2026-04-01 13:30:39.02
9	MOD009	Moving Services	\N	f	8	\N	2026-03-09 15:25:41.809	2026-04-01 13:30:40.682
6	MOD006	Lawn Care	\N	f	5	\N	2026-03-09 15:25:41.748	2026-04-01 13:30:42.816
5	MOD005	Pressure Washing	\N	f	4	\N	2026-03-09 15:25:41.728	2026-04-01 13:30:46.88
33	MOD033	Promotional Products	\N	f	32	\N	2026-03-09 15:25:42.305	2026-04-01 13:30:48.789
12	MOD012	Roofing	\N	f	11	\N	2026-03-09 15:25:41.879	2026-04-01 13:30:50.479
17	MOD017	Snow Removal	\N	f	16	\N	2026-03-09 15:25:41.979	2026-04-01 13:30:52.556
8	MOD008	Tree Services	\N	f	7	\N	2026-03-09 15:25:41.789	2026-04-01 13:30:54.438
19	MOD019	Window Cleaning	\N	f	18	\N	2026-03-09 15:25:42.02	2026-04-01 13:30:56.8
38	MOD038	Shipping Rebates	FedEx, DHL, UPS shipping rebates for being late or undelivered.	t	0	\N	2026-04-01 19:49:40.4	\N
39	MOD039	Security	Security Guard	t	0	\N	2026-04-03 13:08:16.101	2026-04-15 18:08:14.086
32	MOD032	Apparel Printing	\N	t	31	\N	2026-03-09 15:25:42.285	2026-04-22 11:56:36.276
40	MOD040	Philly Water Ice	Philly Water Ice	t	0	\N	2026-04-22 11:58:57.966	\N
31	MOD031	Balloons & Event Decor	\N	t	30	\N	2026-03-09 15:25:42.265	2026-04-22 12:13:27.157
26	MOD026	Biohazard Cleanup	\N	t	25	\N	2026-03-09 15:25:42.164	2026-04-22 12:13:29.83
30	MOD030	Candle Making	\N	t	29	\N	2026-03-09 15:25:42.245	2026-04-22 12:13:31.294
2	MOD002	Cleaning Services	\N	t	1	\N	2026-03-09 15:25:41.666	2026-04-22 12:13:32.493
3	MOD003	Commercial Cleaning	\N	t	2	\N	2026-03-09 15:25:41.686	2026-04-22 12:13:33.556
28	MOD028	Custom Printed Rugs	\N	t	27	\N	2026-03-09 15:25:42.204	2026-04-22 12:13:34.655
24	MOD024	Diabetic Surplus	\N	t	23	\N	2026-03-09 15:25:42.121	2026-04-22 12:13:36.622
22	MOD022	DNA Testing	\N	t	21	\N	2026-03-09 15:25:42.081	2026-04-22 12:13:39.291
34	MOD034	Dog Poop Removal	\N	t	33	\N	2026-03-09 15:25:42.325	2026-04-22 12:13:41.426
18	MOD018	Carpet Cleaning	\N	t	17	\N	2026-03-09 15:25:42	2026-04-22 12:13:43.627
37	MOD037	Event Parking	\N	t	0	\N	2026-04-01 15:45:01.712	2026-04-22 12:13:45.925
10	MOD010	Handyman Services	\N	t	9	\N	2026-03-09 15:25:41.83	2026-04-22 12:13:48.244
4	MOD004	Dumpster Rental	\N	t	3	\N	2026-03-09 15:25:41.707	2026-04-22 12:13:51.715
21	MOD021	Mobile Auto Detailing	\N	f	20	\N	2026-03-09 15:25:42.061	2026-04-23 21:45:07.154
36	MOD036	Mobile Pet Grooming	\N	f	35	\N	2026-03-09 15:25:42.366	2026-04-23 21:45:28.987
29	MOD029	Custom Printing	\N	f	28	\N	2026-03-09 15:25:42.224	2026-04-23 21:47:38.379
41	MOD041	Weed Control	\N	t	0	\N	2026-04-24 09:04:22.627	\N
42	MOD042	Garage Door Installation	\N	t	0	\N	2026-04-24 09:06:36.276	\N
43	MOD043	Garage Door Repair	\N	t	0	\N	2026-04-24 09:06:41.374	\N
\.


--
-- Data for Name: candidate_assessments; Type: TABLE DATA; Schema: public; Owner: waterexpress_user
--

COPY public.candidate_assessments (id, assessment_name, score, max_score, pass_fail_status, comments, assessment_date, candidate_id, conducted_by, creator_id, created_by, created_at, updated_at) FROM stdin;
\.


--
-- Data for Name: candidate_onboardings; Type: TABLE DATA; Schema: public; Owner: waterexpress_user
--

COPY public.candidate_onboardings (id, start_date, status, candidate_id, checklist_id, buddy_employee_id, creator_id, created_by, created_at, updated_at) FROM stdin;
2001	2026-04-01	In Progress	2005	2001	\N	1000	1000	2026-03-19 10:05:14.69	2026-03-19 10:05:14.69
\.


--
-- Data for Name: candidate_sources; Type: TABLE DATA; Schema: public; Owner: waterexpress_user
--

COPY public.candidate_sources (id, name, description, is_active, creator_id, created_by, created_at, updated_at) FROM stdin;
2001	LinkedIn	LinkedIn job posting	t	1000	1000	2026-03-19 10:05:13.785	2026-03-19 10:05:13.785
2002	Indeed	Indeed job board	t	1000	1000	2026-03-19 10:05:13.785	2026-03-19 10:05:13.785
2003	Referral	Employee referral	t	1000	1000	2026-03-19 10:05:13.785	2026-03-19 10:05:13.785
2004	Company Website	Careers page	t	1000	1000	2026-03-19 10:05:13.785	2026-03-19 10:05:13.785
2005	Job Fair	Campus / job fair	t	1000	1000	2026-03-19 10:05:13.785	2026-03-19 10:05:13.785
3	Website	\N	f	1028	1028	2026-04-25 10:13:25.163	2026-04-25 10:13:25.163
4	Test	Test	f	1028	1028	2026-04-25 11:04:22.135	2026-04-25 11:04:22.135
\.


--
-- Data for Name: candidates; Type: TABLE DATA; Schema: public; Owner: waterexpress_user
--

COPY public.candidates (id, tracking_id, first_name, last_name, email, phone, gender, dob, country, state, city, current_company, current_position, experience_years, current_salary, expected_salary, notice_period, skills, education, portfolio_url, linkedin_url, profile_path, resume_path, cover_letter_path, status, application_date, custom_question, job_id, user_id, source_id, creator_id, created_by, created_at, updated_at) FROM stdin;
2001	CND-ALEX01	Alex	Turner	alex.turner@candidate.test	+1-555-0201	male	\N	USA	CA	San Francisco	TechCorp	Mid-level Developer	5.00	85000.00	110000.00	30 days	React, TypeScript, Node.js	\N	\N	\N	\N	\N	\N	2	2026-03-01	\N	2001	\N	2001	1000	1000	2026-03-19 10:05:14.274	2026-03-19 10:05:14.274
2002	CND-SARA02	Sara	Nguyen	sara.nguyen@candidate.test	+1-555-0202	female	\N	USA	NY	New York	Startup Inc	Junior Developer	3.00	70000.00	95000.00	14 days	Vue.js, Python, PostgreSQL	\N	\N	\N	\N	\N	\N	1	2026-03-05	\N	2001	\N	2002	1000	1000	2026-03-19 10:05:14.274	2026-03-19 10:05:14.274
2003	CND-MIKE03	Mike	Chen	mike.chen@candidate.test	+1-555-0203	male	\N	Canada	ON	Toronto	DigitalAds	Product Lead	6.00	95000.00	115000.00	60 days	Product strategy, JIRA, SQL	\N	\N	\N	\N	\N	\N	3	2026-03-02	\N	2002	\N	2003	1000	1000	2026-03-19 10:05:14.274	2026-03-19 10:05:14.274
2004	CND-JESS04	Jessica	Park	jessica.park@candidate.test	+1-555-0204	female	\N	USA	WA	Seattle	CloudOps	Site Reliability Engineer	4.00	90000.00	105000.00	30 days	Kubernetes, Docker, AWS	\N	\N	\N	\N	\N	\N	0	2026-03-10	\N	2003	\N	2004	1000	1000	2026-03-19 10:05:14.274	2026-03-19 10:05:14.274
2005	CND-RAVI05	Ravi	Patel	ravi.patel@candidate.test	+1-555-0205	male	\N	India	MH	Mumbai	\N	\N	2.00	\N	70000.00	15 days	React, Node.js, MongoDB	\N	\N	\N	\N	\N	\N	4	2026-02-15	\N	2001	\N	2001	1000	1000	2026-03-19 10:05:14.274	2026-03-19 10:05:14.274
\.


--
-- Data for Name: ch_favorites; Type: TABLE DATA; Schema: public; Owner: waterexpress_user
--

COPY public.ch_favorites (id, user_id, favorite_id, created_at, updated_at) FROM stdin;
\.


--
-- Data for Name: ch_messages; Type: TABLE DATA; Schema: public; Owner: waterexpress_user
--

COPY public.ch_messages (id, from_id, to_id, body, attachment, seen, deleted_by_sender, deleted_by_receiver, created_at, updated_at) FROM stdin;
\.


--
-- Data for Name: chart_of_accounts; Type: TABLE DATA; Schema: public; Owner: waterexpress_user
--

COPY public.chart_of_accounts (id, account_code, account_name, account_type_id, parent_account_id, level, normal_balance, opening_balance, current_balance, is_active, is_system_account, description, creator_id, created_by, created_at, updated_at) FROM stdin;
1	2423423	Tete	1	\N	1	debit	0.00	0.00	t	f	\N	1000	1000	2026-04-21 06:44:40.133	\N
\.


--
-- Data for Name: checklist_items; Type: TABLE DATA; Schema: public; Owner: waterexpress_user
--

COPY public.checklist_items (id, task_name, description, category, assigned_to_role, due_day, is_required, status, checklist_id, creator_id, created_by, created_at, updated_at) FROM stdin;
2001	Setup laptop & email	\N	IT	\N	\N	t	f	2001	\N	\N	2026-03-19 10:05:14.607	2026-03-19 10:05:14.607
2002	Complete HR paperwork	\N	HR	\N	\N	t	f	2001	\N	\N	2026-03-19 10:05:14.607	2026-03-19 10:05:14.607
2003	Access code repository	\N	IT	\N	\N	t	f	2001	\N	\N	2026-03-19 10:05:14.607	2026-03-19 10:05:14.607
2004	Meet with team lead	\N	Team	\N	\N	f	f	2001	\N	\N	2026-03-19 10:05:14.607	2026-03-19 10:05:14.607
2005	Review coding standards	\N	Training	\N	\N	t	f	2001	\N	\N	2026-03-19 10:05:14.607	2026-03-19 10:05:14.607
2006	Executive briefing	\N	Leadership	\N	\N	t	f	2002	\N	\N	2026-03-19 10:05:14.607	2026-03-19 10:05:14.607
2007	Review org chart & strategy	\N	HR	\N	\N	t	f	2002	\N	\N	2026-03-19 10:05:14.607	2026-03-19 10:05:14.607
\.


--
-- Data for Name: company_marketplace_links; Type: TABLE DATA; Schema: public; Owner: waterexpress_user
--

COPY public.company_marketplace_links (id, company_id, vendor_id, custom_slug, link_url, is_active, created_at, updated_at) FROM stdin;
\.


--
-- Data for Name: coupons; Type: TABLE DATA; Schema: public; Owner: waterexpress_user
--

COPY public.coupons (id, name, description, code, discount, "limit", type, minimum_spend, maximum_spend, limit_per_user, expiry_date, included_module, excluded_module, status, created_by, created_at, updated_at) FROM stdin;
\.


--
-- Data for Name: credit_notes; Type: TABLE DATA; Schema: public; Owner: waterexpress_user
--

COPY public.credit_notes (id, reference_number, customer_id, date, amount, reason, status, notes, creator_id, created_by, created_at, updated_at) FROM stdin;
1001	CN-DEMO-001	1	2026-01-20	2500.00	Product return – partial refund for software licence Q1	approved	\N	1000	1000	2026-03-19 07:56:49.951	\N
1002	CN-DEMO-002	2	2026-02-08	1800.00	Service discount adjustment – SLA penalty	approved	\N	1000	1000	2026-03-19 07:56:49.951	\N
1003	CN-DEMO-003	1002	2026-03-01	5000.00	Overcharge correction on e-commerce setup	pending	\N	1000	1000	2026-03-19 07:56:49.951	\N
\.


--
-- Data for Name: crm_deal_activities; Type: TABLE DATA; Schema: public; Owner: waterexpress_user
--

COPY public.crm_deal_activities (id, deal_id, user_id, type, note, created_at, updated_at) FROM stdin;
\.


--
-- Data for Name: crm_deals; Type: TABLE DATA; Schema: public; Owner: waterexpress_user
--

COPY public.crm_deals (id, name, amount, status, pipeline_id, stage_id, lead_id, assigned_to, close_date, notes, created_by, created_at, updated_at) FROM stdin;
1	TechCorp Enterprise License	15000.00	open	1	3	1	\N	2026-04-18 16:36:35.586	\N	1000	2026-03-19 16:36:35.588	2026-03-19 16:36:35.588
2	Global Ventures Consulting	8500.00	open	1	2	2	\N	2026-05-03 16:36:35.586	\N	1000	2026-03-19 16:36:35.647	2026-03-19 16:36:35.647
3	Enterprise CRM Setup	45000.00	won	1	4	5	\N	2026-03-09 16:36:35.586	\N	1000	2026-03-19 16:36:35.669	2026-03-19 16:36:35.669
4	StartupXYZ Starter Package	5000.00	open	1	1	4	\N	2026-04-08 16:36:35.586	\N	1000	2026-03-19 16:36:35.692	2026-03-19 16:36:35.692
\.


--
-- Data for Name: crm_lead_activities; Type: TABLE DATA; Schema: public; Owner: waterexpress_user
--

COPY public.crm_lead_activities (id, lead_id, user_id, type, note, created_at, updated_at) FROM stdin;
\.


--
-- Data for Name: crm_leads; Type: TABLE DATA; Schema: public; Owner: waterexpress_user
--

COPY public.crm_leads (id, name, email, phone, company, source, status, value, notes, pipeline_id, stage_id, assigned_to, created_by, closed_at, created_at, updated_at, first_name, last_name) FROM stdin;
2	Sarah Johnson	sarah.j@globalventures.com	+1-555-0102	Global Ventures	referral	contacted	8500.00	\N	1	1	\N	1000	\N	2026-03-19 16:36:35.499	2026-03-19 16:36:35.499	Sarah	Johnson
5	Robert Wilson	rwilson@enterprise.com	+1-555-0105	Enterprise Co.	referral	converted	45000.00	\N	1	4	\N	1000	\N	2026-03-19 16:36:35.565	2026-03-19 16:36:35.565	Robert	Wilson
4	Emily Davis	emily.d@startupxyz.io	+1-555-0104	StartupXYZ	email	qualified	5000.00	\N	1	\N	\N	1000	\N	2026-03-19 16:36:35.543	2026-04-21 12:49:54.875	Emily	Davis
3	Michael Brown	m.brown@innovatellc.com	+1-555-0103	Innovate LLC	social_media	new	22000.00	\N	1	2	\N	1000	\N	2026-03-19 16:36:35.521	2026-06-05 12:14:29.205	Michael	Brown
1	John Smith	john.smith@techcorp.com	+1-555-0101	TechCorp Inc.	website	qualified	15000.00	\N	1	2	\N	1000	\N	2026-03-19 16:36:35.442	2026-06-05 12:17:42.262	John	Smith
\.


--
-- Data for Name: crm_pipeline_stages; Type: TABLE DATA; Schema: public; Owner: waterexpress_user
--

COPY public.crm_pipeline_stages (id, pipeline_id, name, color, "order", created_by, created_at, updated_at) FROM stdin;
1	1	New	#6366f1	0	1000	2026-03-19 16:36:35.281	2026-04-21 21:25:40.259
2	1	Qualified	#f59e0b	1	1000	2026-03-19 16:36:35.332	2026-04-21 21:25:40.262
3	1	Proposal	#3b82f6	2	1000	2026-03-19 16:36:35.354	2026-04-21 21:25:40.265
4	1	Negotiation	#8b5cf6	3	1000	2026-03-19 16:36:35.375	2026-04-21 21:25:40.268
5	1	Won	#10b981	4	1000	2026-03-19 16:36:35.398	2026-04-21 21:25:40.271
6	1	Lost	#ef4444	5	1000	2026-03-19 16:36:35.42	2026-04-21 21:25:40.274
\.


--
-- Data for Name: crm_pipelines; Type: TABLE DATA; Schema: public; Owner: waterexpress_user
--

COPY public.crm_pipelines (id, name, description, is_default, created_by, created_at, updated_at) FROM stdin;
1	Sales Pipeline	Main sales pipeline for tracking leads and deals	t	1000	2026-03-19 16:36:35.234	2026-03-19 16:36:35.234
2	Final Four		f	1000	2026-03-24 22:47:00.527	2026-03-24 22:47:00.527
\.


--
-- Data for Name: currencies; Type: TABLE DATA; Schema: public; Owner: waterexpress_user
--

COPY public.currencies (id, name, code, symbol, description, is_default, created_at, updated_at) FROM stdin;
\.


--
-- Data for Name: custom_pages; Type: TABLE DATA; Schema: public; Owner: waterexpress_user
--

COPY public.custom_pages (id, title, slug, content, meta_title, meta_description, is_active, is_disabled, created_at, updated_at) FROM stdin;
\.


--
-- Data for Name: custom_questions; Type: TABLE DATA; Schema: public; Owner: waterexpress_user
--

COPY public.custom_questions (id, question, type, options, is_required, is_active, sort_order, creator_id, created_by, created_at, updated_at) FROM stdin;
2001	What is your current notice period?	text	\N	t	t	1	1000	1000	2026-03-19 10:05:14.026	2026-03-19 10:05:14.026
2002	Are you willing to relocate?	radio	Yes\nNo\nMaybe	t	t	2	1000	1000	2026-03-19 10:05:14.026	2026-03-19 10:05:14.026
2003	Expected salary range	text	\N	f	t	3	1000	1000	2026-03-19 10:05:14.026	2026-03-19 10:05:14.026
2004	How did you hear about us?	select	LinkedIn\nIndeed\nReferral\nCompany Website\nOther	f	t	4	1000	1000	2026-03-19 10:05:14.026	2026-03-19 10:05:14.026
1	Test	text	\N	f	t	\N	1028	1028	2026-04-25 11:04:02.045	2026-04-25 11:04:02.045
\.


--
-- Data for Name: customer_payments; Type: TABLE DATA; Schema: public; Owner: waterexpress_user
--

COPY public.customer_payments (id, reference_number, customer_id, payment_date, amount, payment_method, bank_account_id, reference, status, notes, creator_id, created_by, created_at, updated_at) FROM stdin;
1001	CP-DEMO-001	1	2026-01-12	12500.00	bank_transfer	5	\N	completed	Payment for Jan invoice	1000	1000	2026-03-19 07:56:49.784	\N
1002	CP-DEMO-002	2	2026-01-28	8750.00	cheque	5	\N	completed	Cheque cleared	1000	1000	2026-03-19 07:56:49.784	\N
1003	CP-DEMO-003	1001	2026-02-16	67000.00	bank_transfer	5	\N	completed	Full payment for maintenance contract	1000	1000	2026-03-19 07:56:49.784	\N
1004	CP-DEMO-004	1004	2026-03-11	44000.00	bank_transfer	5	\N	completed	50% advance on enterprise suite	1000	1000	2026-03-19 07:56:49.784	\N
1005	CP-DEMO-005	3	2026-03-16	5200.00	online	7	\N	pending	Online payment processing	1000	1000	2026-03-19 07:56:49.784	\N
\.


--
-- Data for Name: customers; Type: TABLE DATA; Schema: public; Owner: waterexpress_user
--

COPY public.customers (id, user_id, customer_code, company_name, contact_person_name, contact_person_email, contact_person_mobile, tax_number, payment_terms, billing_address, shipping_address, same_as_billing, notes, creator_id, created_by, created_at, updated_at) FROM stdin;
6	1029	CUST-0001	On Location	Christy Fletcher	cfletcher@aool.com	8888888888	\N	Net 30	{"city": "Medley", "name": "On Location", "state": "Florida", "country": "United States", "zip_code": "33166", "address_line_1": "7911 Northwest 72nd Avenue", "address_line_2": ""}	{"city": "Medley", "name": "On Location", "state": "Florida", "country": "United States", "zip_code": "33166", "address_line_1": "7911 Northwest 72nd Avenue", "address_line_2": ""}	t	\N	1028	1028	2026-04-25 10:19:31.146	\N
8	1033	CUST-1006	Umakant	Umakant Sonwani	testest@mgail.com	2342432423	3242342	\N	{"city": "New York", "name": "Umakant", "state": "New York", "country": "United States", "zip_code": "10036", "address_line_1": "1535 Broadway", "address_line_2": ""}	{"city": "New York", "name": "Umakant", "state": "New York", "country": "United States", "zip_code": "10036", "address_line_1": "1535 Broadway", "address_line_2": ""}	t	\N	1000	1000	2026-04-27 10:12:26.108	\N
14	1017	CUST-1007	Test	Umakant Sonwani	umakantsonwani@gmail.com	3242342342	test	Net 15	{"city": "Brooklyn", "name": "Test", "state": "New York", "country": "United States", "zip_code": "11201", "address_line_1": "154 Pierrepont Street", "address_line_2": ""}	{"city": "Brooklyn", "name": "Test", "state": "New York", "country": "United States", "zip_code": "11201", "address_line_1": "154 Pierrepont Street", "address_line_2": ""}	t	\N	1000	1000	2026-05-20 12:17:47.404	\N
15	1052	CUST-1008	Anika Sonwani	Anika Sonwani	anikasonwani12@gmail.com	342-424-2343	\N	\N	{"name": "Anika Sonwani", "email": "anikasonwani12@gmail.com", "phone": "342-424-2343", "country": "US"}	{"name": "Anika Sonwani", "email": "anikasonwani12@gmail.com", "phone": "342-424-2343", "country": "US"}	f	\N	1000	1000	2026-06-02 11:08:29.032	\N
16	1017	CUST-0001	Umakant Sonwani	Umakant Sonwani	umakantsonwani@gmail.com	232-342-4324	\N	\N	{"name": "Umakant Sonwani", "email": "umakantsonwani@gmail.com", "phone": "232-342-4324", "country": "US"}	{"name": "Umakant Sonwani", "email": "umakantsonwani@gmail.com", "phone": "232-342-4324", "country": "US"}	f	\N	1054	1054	2026-06-04 11:38:41.678	\N
\.


--
-- Data for Name: debit_notes; Type: TABLE DATA; Schema: public; Owner: waterexpress_user
--

COPY public.debit_notes (id, reference_number, vendor_id, date, amount, reason, status, notes, creator_id, created_by, created_at, updated_at) FROM stdin;
1001	DN-DEMO-001	1	2026-01-30	750.00	Damaged goods returned to supplier	approved	\N	1000	1000	2026-03-19 07:56:50.034	\N
1002	DN-DEMO-002	3	2026-02-18	1200.00	Incorrect billing — overcharged on office supplies	approved	\N	1000	1000	2026-03-19 07:56:50.034	\N
1003	DN-DEMO-003	1001	2026-03-08	2100.00	Equipment warranty claim deduction	pending	\N	1000	1000	2026-03-19 07:56:50.034	\N
\.


--
-- Data for Name: delivery_city_queues; Type: TABLE DATA; Schema: public; Owner: waterexpress_user
--

COPY public.delivery_city_queues (id, vendor_id, city, state, required_bucket_minimum, current_bucket_total, company_count, queue_status, created_at, updated_at) FROM stdin;
1	1	Jacksonville	FL	50	55	2	scheduled	2026-06-08 06:36:27.518	\N
2	1	Tampa	FL	50	50	2	ready_to_schedule	2026-06-08 06:36:27.529	\N
3	1	Orlando	FL	50	20	1	waiting	2026-06-08 06:36:27.531	\N
4	1	Miami	FL	50	50	1	scheduled	2026-06-08 06:36:27.534	\N
5	5	Atlanta	GA	50	52	2	scheduled	2026-06-08 06:36:27.591	\N
6	5	Charlotte	NC	50	50	1	ready_to_schedule	2026-06-08 06:36:27.599	\N
7	5	Savannah	GA	50	18	1	waiting	2026-06-08 06:36:27.602	\N
8	5	Nashville	TN	50	55	1	scheduled	2026-06-08 06:36:27.605	\N
9	6	Philadelphia	PA	50	58	2	scheduled	2026-06-08 06:36:27.662	\N
10	6	Boston	MA	50	22	1	waiting	2026-06-08 06:36:27.667	\N
11	6	New York	NY	50	50	1	scheduled	2026-06-08 06:36:27.669	\N
12	7	Chicago	IL	50	55	2	scheduled	2026-06-08 06:36:27.715	\N
13	7	Detroit	MI	50	50	2	ready_to_schedule	2026-06-08 06:36:27.719	\N
14	7	Columbus	OH	50	15	1	waiting	2026-06-08 06:36:27.721	\N
15	8	Los Angeles	CA	50	55	2	scheduled	2026-06-08 06:36:27.76	\N
16	8	Phoenix	AZ	50	28	1	waiting	2026-06-08 06:36:27.766	\N
17	8	Seattle	WA	50	50	1	scheduled	2026-06-08 06:36:27.768	\N
\.


--
-- Data for Name: delivery_event_orders; Type: TABLE DATA; Schema: public; Owner: waterexpress_user
--

COPY public.delivery_event_orders (id, delivery_event_id, order_id, company_id, status, created_at) FROM stdin;
1	1	1	1055	pending	2026-06-08 06:36:27.523
2	1	2	1056	pending	2026-06-08 06:36:27.523
3	2	6	1056	delivered	2026-06-08 06:36:27.538
4	3	7	1059	pending	2026-06-08 06:36:27.596
5	3	8	1057	pending	2026-06-08 06:36:27.596
6	4	11	1059	delivered	2026-06-08 06:36:27.611
7	5	12	1057	pending	2026-06-08 06:36:27.666
8	5	13	1058	pending	2026-06-08 06:36:27.666
9	6	15	1055	delivered	2026-06-08 06:36:27.673
10	7	16	1059	pending	2026-06-08 06:36:27.718
11	7	17	1055	pending	2026-06-08 06:36:27.718
12	8	21	1055	pending	2026-06-08 06:36:27.764
13	8	22	1059	pending	2026-06-08 06:36:27.764
14	9	24	1057	delivered	2026-06-08 06:36:27.771
\.


--
-- Data for Name: delivery_events; Type: TABLE DATA; Schema: public; Owner: waterexpress_user
--

COPY public.delivery_events (id, vendor_id, city_queue_id, city, state, delivery_date, start_time, end_time, delivery_address, delivery_notes, driver_name, driver_phone, status, created_at, updated_at) FROM stdin;
1	1	1	Jacksonville	FL	2026-06-13 06:36:27.52	09:00	12:00	Jacksonville Central Distribution Hub, FL	[demo-seed] Demo delivery run for Jacksonville, FL.	Dana Rivera	+1 555 0100	scheduled	2026-06-08 06:36:27.521	\N
2	1	4	Miami	FL	2026-06-05 06:36:27.536	09:00	12:00	Miami Central Distribution Hub, FL	[demo-seed] Demo delivery run for Miami, FL.	Marcus Lee	+1 555 0100	completed	2026-06-08 06:36:27.537	\N
3	5	5	Atlanta	GA	2026-06-13 06:36:27.592	09:00	12:00	Atlanta Central Distribution Hub, GA	[demo-seed] Demo delivery run for Atlanta, GA.	Dana Rivera	+1 555 0100	scheduled	2026-06-08 06:36:27.593	\N
4	5	8	Nashville	TN	2026-06-05 06:36:27.607	09:00	12:00	Nashville Central Distribution Hub, TN	[demo-seed] Demo delivery run for Nashville, TN.	Marcus Lee	+1 555 0100	completed	2026-06-08 06:36:27.609	\N
5	6	9	Philadelphia	PA	2026-06-13 06:36:27.663	09:00	12:00	Philadelphia Central Distribution Hub, PA	[demo-seed] Demo delivery run for Philadelphia, PA.	Dana Rivera	+1 555 0100	scheduled	2026-06-08 06:36:27.664	\N
6	6	11	New York	NY	2026-06-05 06:36:27.67	09:00	12:00	New York Central Distribution Hub, NY	[demo-seed] Demo delivery run for New York, NY.	Marcus Lee	+1 555 0100	completed	2026-06-08 06:36:27.671	\N
7	7	12	Chicago	IL	2026-06-13 06:36:27.716	09:00	12:00	Chicago Central Distribution Hub, IL	[demo-seed] Demo delivery run for Chicago, IL.	Dana Rivera	+1 555 0100	scheduled	2026-06-08 06:36:27.717	\N
8	8	15	Los Angeles	CA	2026-06-13 06:36:27.761	09:00	12:00	Los Angeles Central Distribution Hub, CA	[demo-seed] Demo delivery run for Los Angeles, CA.	Dana Rivera	+1 555 0100	scheduled	2026-06-08 06:36:27.762	\N
9	8	17	Seattle	WA	2026-06-05 06:36:27.769	09:00	12:00	Seattle Central Distribution Hub, WA	[demo-seed] Demo delivery run for Seattle, WA.	Marcus Lee	+1 555 0100	completed	2026-06-08 06:36:27.77	\N
\.


--
-- Data for Name: em_cost_adjustments; Type: TABLE DATA; Schema: public; Owner: waterexpress_user
--

COPY public.em_cost_adjustments (id, organization_id, details, attachment_url, amount, created_at, updated_at) FROM stdin;
\.


--
-- Data for Name: em_expense_categories; Type: TABLE DATA; Schema: public; Owner: waterexpress_user
--

COPY public.em_expense_categories (id, organization_id, name, description, sort_order, created_at, updated_at) FROM stdin;
1	1000	Mileage	\N	0	2026-05-10 01:44:59.892	\N
2	1000	Airfare	\N	1	2026-05-10 01:44:59.892	\N
3	1000	Others	\N	2	2026-05-10 01:44:59.892	\N
4	1000	Transportation (Local)	\N	3	2026-05-10 01:44:59.892	\N
5	1000	Parking/Tolls	\N	4	2026-05-10 01:44:59.892	\N
7	1000	Hotel	\N	6	2026-05-10 01:44:59.892	\N
8	1000	Supplies	\N	7	2026-05-10 01:44:59.892	\N
6	1000	Travel Meals	\N	5	2026-05-10 01:44:59.892	2026-05-11 20:06:46.235
9	1000	Shipping/Postal	\N	8	2026-05-11 20:10:25.4	\N
10	1000	Business Meals	\N	9	2026-05-11 20:10:33.752	\N
11	1000	Car Rental	\N	10	2026-05-11 20:10:41.184	\N
12	1000	Client Entertainmnet	\N	11	2026-05-11 20:10:49.194	\N
13	1000	Dues, Fees, Licenses	\N	12	2026-05-11 20:11:03.425	\N
14	1000	Gas/Fuel	\N	13	2026-05-11 20:11:11.57	\N
15	1000	I/C Cost Transfer	\N	14	2026-05-11 20:11:24.48	\N
16	1000	Investigation Expense	\N	15	2026-05-11 20:11:42.317	\N
17	1000	Lodging	\N	16	2026-05-11 20:11:48.457	2026-05-11 20:12:04.695
18	1000	Per Diem	\N	17	2026-05-11 20:12:12.8	\N
19	1000	Training/Seminars	\N	18	2026-05-11 20:12:23.569	\N
\.


--
-- Data for Name: em_expense_lines; Type: TABLE DATA; Schema: public; Owner: waterexpress_user
--

COPY public.em_expense_lines (id, report_id, organization_id, expense_date, category, merchant, amount, currency, amount_usd, project_id, receipt_attached, billable, mileage, rate_per_mile, internal_note, additional_info, department, status, created_by_user_id, created_at, updated_at) FROM stdin;
2	\N	1000	2026-05-19	Mileage	Test	122.00	USD	23.00	test	f	Billable	12.00	0.6700	test	test	tse	draft	1000	2026-05-19 10:10:04.399	\N
1	\N	1000	2026-05-13	Hotel	Hilton	3242.00	USD	\N	\N	f	Yes	323.00	0.6700	\N	\N	\N	approved	1000	2026-05-05 15:34:49.632	\N
3	\N	1000	2026-05-22	Airfare	Test	232.00	USD	232.00	Test	f	Billable	\N	0.6700	tste	test	Test	approved	1043	2026-05-22 09:14:18.508	\N
\.


--
-- Data for Name: em_expense_reports; Type: TABLE DATA; Schema: public; Owner: waterexpress_user
--

COPY public.em_expense_reports (id, organization_id, report_number, purpose, date_from, date_to, status, currency, total_amount, rejection_note, created_by_user_id, created_at, updated_at) FROM stdin;
1	1000	EM-1000-00001	PC 2026	2026-05-10	2026-05-16	draft	USD	0.00	\N	1000	2026-05-11 20:13:47.223	\N
2	1000	EM-1000-00002	Test	2026-05-05	2026-05-31	draft	USD	0.00	\N	1043	2026-05-22 12:17:43.897	\N
\.


--
-- Data for Name: em_time_entries; Type: TABLE DATA; Schema: public; Owner: waterexpress_user
--

COPY public.em_time_entries (id, organization_id, employee_name, vendor_name, service_line, clock_in_date, clock_in_time, clock_out_time, duration_hours, billable, notes, created_at, updated_at) FROM stdin;
1	1000	Lynn Nicely	PTB/FTE	Protection - Short term	2026-03-20	\N	\N	8.00	Yes	\N	2026-05-19 10:11:19.404	\N
2	1000	Lynn Nicely	PTB/FTE	Protection - Short term	2026-03-21	\N	\N	8.00	Yes	\N	2026-05-19 10:11:19.404	\N
3	1000	Lynn Nicely	PTB/FTE	Protection - Short term	2026-03-22	\N	\N	8.00	Yes	\N	2026-05-19 10:11:19.404	\N
4	1000	Lynn Nicely	PTB/FTE	Protection - Short term	2026-03-23	\N	\N	8.00	Yes	\N	2026-05-19 10:11:19.404	\N
5	1000	Lynn Nicely	PTB/FTE	Protection - Short term	2026-03-24	\N	\N	8.00	Yes	\N	2026-05-19 10:11:19.404	\N
6	1000	Lynn Nicely	PTB/FTE	Protection - Short term	2026-03-25	\N	\N	8.00	Yes	\N	2026-05-19 10:11:19.404	\N
7	1000	Lynn Nicely	PTB/FTE	Protection - Short term	2026-03-26	\N	\N	8.00	Yes	\N	2026-05-19 10:11:19.404	\N
8	1000	Lynn Nicely	PTB/FTE	Protection - Short term	2026-03-20	\N	\N	8.00	Yes	\N	2026-05-19 10:11:19.412	\N
9	1000	Lynn Nicely	PTB/FTE	Protection - Short term	2026-03-21	\N	\N	8.00	Yes	\N	2026-05-19 10:11:19.412	\N
10	1000	Lynn Nicely	PTB/FTE	Protection - Short term	2026-03-22	\N	\N	8.00	Yes	\N	2026-05-19 10:11:19.412	\N
11	1000	Lynn Nicely	PTB/FTE	Protection - Short term	2026-03-23	\N	\N	8.00	Yes	\N	2026-05-19 10:11:19.412	\N
12	1000	Lynn Nicely	PTB/FTE	Protection - Short term	2026-03-24	\N	\N	8.00	Yes	\N	2026-05-19 10:11:19.412	\N
13	1000	Lynn Nicely	PTB/FTE	Protection - Short term	2026-03-25	\N	\N	8.00	Yes	\N	2026-05-19 10:11:19.412	\N
14	1000	Lynn Nicely	PTB/FTE	Protection - Short term	2026-03-26	\N	\N	8.00	Yes	\N	2026-05-19 10:11:19.412	\N
15	1000	Lynn Nicely	PTB/FTE	Protection - Short term	2026-03-20	\N	\N	8.00	Yes	\N	2026-05-19 10:11:19.414	\N
16	1000	Lynn Nicely	PTB/FTE	Protection - Short term	2026-03-21	\N	\N	8.00	Yes	\N	2026-05-19 10:11:19.414	\N
17	1000	Lynn Nicely	PTB/FTE	Protection - Short term	2026-03-22	\N	\N	8.00	Yes	\N	2026-05-19 10:11:19.414	\N
18	1000	Lynn Nicely	PTB/FTE	Protection - Short term	2026-03-23	\N	\N	8.00	Yes	\N	2026-05-19 10:11:19.414	\N
19	1000	Lynn Nicely	PTB/FTE	Protection - Short term	2026-03-24	\N	\N	8.00	Yes	\N	2026-05-19 10:11:19.414	\N
20	1000	Lynn Nicely	PTB/FTE	Protection - Short term	2026-03-25	\N	\N	8.00	Yes	\N	2026-05-19 10:11:19.414	\N
21	1000	Lynn Nicely	PTB/FTE	Protection - Short term	2026-03-26	\N	\N	8.00	Yes	\N	2026-05-19 10:11:19.414	\N
\.


--
-- Data for Name: em_workspace_context; Type: TABLE DATA; Schema: public; Owner: waterexpress_user
--

COPY public.em_workspace_context (id, organization_id, jsr_number, aar_start_date, aar_end_date, matter_number, requesting_director, client_name, requesting_department, receiving_department, aar_location, billing_poc_name, billing_poc_email, client_poc_name, legacy_client_id, d365_client_id, operation_start_date, operation_end_date, tsheets_based, aar_required, cost_transfer_mode, cost_transfer_default_rate, cost_transfer_custom_rate, secondary_matter_number, created_at, updated_at) FROM stdin;
1	1000	JSR-US0100060765-001	2026-03-20	2026-03-26	815343-	Michele Ariano	Johnson & Johnson	New York (00229)	Protection - ST(00439)	404 S. Figueroa Street, Los Angeles, California, 90071, United States	Sena Heller	gheller3@its.jnj.com	\N	815343	US01C000511	2026-03-20	2026-03-26	f	f	default	60.00	65.00	\N	2026-05-19 10:11:19.389	\N
\.


--
-- Data for Name: em_workspace_documents; Type: TABLE DATA; Schema: public; Owner: waterexpress_user
--

COPY public.em_workspace_documents (id, organization_id, title, file_url, uploaded_by_user_id, created_at, updated_at) FROM stdin;
\.


--
-- Data for Name: em_workspace_notes; Type: TABLE DATA; Schema: public; Owner: waterexpress_user
--

COPY public.em_workspace_notes (id, organization_id, body, created_by_user_id, created_at, updated_at) FROM stdin;
1	1000	Test Test	1000	2026-05-19 10:11:33.037	\N
\.


--
-- Data for Name: email_template_langs; Type: TABLE DATA; Schema: public; Owner: waterexpress_user
--

COPY public.email_template_langs (id, parent_id, lang, subject, content, module_name, variables, created_at, updated_at) FROM stdin;
2	2	en	Customer Invoice Send	<p>Hi, {invoice_name}</p><p>Welcome to {app_name}</p><p>Please see attached invoice number {invoice_number}. Simply click the button below to download or pay.</p><p><a href="{invoice_url}">Download Invoice</a> | <a href="{pay_invoice_url}">Pay Invoice</a></p><p>Thank you,<br />{company_name}</p>	General	{"App Url": "app_url", "App Name": "app_name", "Pay Invoice": "pay_invoice_url", "Company Name": "company_name", "Invoice Name": "invoice_name", "Invoice Number": "invoice_number", "Download Invoice": "invoice_url"}	2026-03-10 14:14:55.915	\N
3	3	en	Payment Reminder	<p>Hello,</p><p>This is a reminder for invoice {invoice_number}. Please pay at your earliest convenience.</p><p><a href="{invoice_url}">View Invoice</a></p><p>Thanks,<br />{company_name}</p>	General	{"App Url": "app_url", "App Name": "app_name", "Invoice Url": "invoice_url", "Company Name": "company_name", "Invoice Number": "invoice_number"}	2026-03-10 14:14:55.956	\N
4	4	en	Invoice Payment Received	<p>Hello,</p><p>We have received your payment for invoice {invoice_number}. Amount: {amount}.</p><p>Thank you,<br />{company_name}</p>	General	{"Amount": "amount", "App Url": "app_url", "App Name": "app_name", "Company Name": "company_name", "Invoice Number": "invoice_number"}	2026-03-10 14:14:55.998	\N
5	5	en	Proposal Send	<p>Hello,</p><p>Please find our proposal {proposal_number} attached. <a href="{proposal_url}">View Proposal</a>.</p><p>Thanks,<br />{company_name}</p>	General	{"App Url": "app_url", "App Name": "app_name", "Company Name": "company_name", "Proposal Url": "proposal_url", "Proposal Number": "proposal_number"}	2026-03-10 14:14:56.039	\N
6	6	en	New Helpdesk Ticket	<p>Hello,</p><p>A new helpdesk ticket has been created. Ticket #{ticket_number}: {ticket_subject}</p><p>{ticket_description}</p><p>Thanks,<br />{company_name}</p>	General	{"App Url": "app_url", "App Name": "app_name", "Company Name": "company_name", "Ticket Number": "ticket_number", "Ticket Subject": "ticket_subject", "Ticket Description": "ticket_description"}	2026-03-10 14:14:56.08	\N
7	7	en	Helpdesk Ticket Reply	<p>Hello,</p><p>There is a new reply on your helpdesk ticket #{ticket_number}.</p><p>{reply_message}</p><p>Thanks,<br />{company_name}</p>	General	{"App Url": "app_url", "App Name": "app_name", "Company Name": "company_name", "Reply Message": "reply_message", "Ticket Number": "ticket_number"}	2026-03-10 14:14:56.121	\N
8	8	en	Purchase Order	<p>Hello,</p><p>Please find purchase order {purchase_number}. <a href="{purchase_url}">View Purchase</a>.</p><p>Thanks,<br />{company_name}</p>	General	{"App Url": "app_url", "App Name": "app_name", "Company Name": "company_name", "Purchase Url": "purchase_url", "Purchase Number": "purchase_number"}	2026-03-10 14:14:56.162	\N
9	9	en	Purchase Payment Received	<p>Hello,</p><p>Payment received for purchase {purchase_number}. Amount: {amount}.</p><p>Thanks,<br />{company_name}</p>	General	{"Amount": "amount", "App Url": "app_url", "App Name": "app_name", "Company Name": "company_name", "Purchase Number": "purchase_number"}	2026-03-10 14:14:56.203	\N
10	10	en	Application Received - {job_title}	<p>Hello {candidate_name},</p><p>Thank you for your application for the position of <strong>{job_title}</strong>!</p><p>We have successfully received your application and it is now under review.</p><p><strong>Application Details:</strong></p><ul><li>Position: {job_title}</li><li>Tracking ID: {tracking_id}</li></ul><p>You can track the status of your application using your tracking ID at: {tracking_link}</p><p>Thank you for your interest in {company_name}.</p>	Recruitment	{"App Url": "app_url", "App Name": "app_name", "Job Title": "job_title", "Tracking ID": "tracking_id", "Company Name": "company_name", "Tracking Link": "tracking_link", "Candidate Name": "candidate_name", "Candidate Email": "candidate_email"}	2026-03-10 14:14:56.244	\N
11	11	en	Job Offer - {position}	<p><strong>Dear {candidate_name},</strong></p><p>We are pleased to offer you the position of <strong>{position}</strong> at {company_name}.</p><p><strong>Position:</strong> {position}<br /><strong>Salary:</strong> {salary}<br /><strong>Start Date:</strong> {start_date}</p><p style="text-align: center; margin: 30px 0;"><a href="{download_url}" style="background: #007bff; color: white; padding: 12px 24px; text-decoration: none; border-radius: 5px; font-weight: bold;">Download Offer Letter</a></p><p><strong>Best regards,</strong><br /><strong>HR Department</strong><br /><strong>{company_name}</strong></p>	Recruitment	{"Salary": "salary", "App Name": "app_name", "Position": "position", "Start Date": "start_date", "Company Name": "company_name", "Download URL": "download_url", "Candidate Name": "candidate_name"}	2026-03-10 14:14:56.286	\N
12	12	en	Appointment Confirmation - {appointment_name}	<p>Hello {appointment_user_name},</p><p>Your appointment has been successfully booked!</p><p><strong>Appointment Details:</strong></p><ul><li>Appointment: {appointment_name}</li><li>Date: {appointment_date}</li><li>Time: {appointment_time}</li><li>Appointment Number: {appointment_number}</li></ul><p>Thank you for choosing {company_name}.</p>	Appointment	{"App Url": "app_url", "App Name": "app_name", "Company Name": "company_name", "Appointment Date": "appointment_date", "Appointment Name": "appointment_name", "Appointment Time": "appointment_time", "Appointment Number": "appointment_number", "Appointment User Name": "appointment_user_name", "Appointment User Email": "appointment_user_email"}	2026-03-10 14:14:56.328	\N
13	13	en	Callback Request Received - {appointment_name}	<p>Hello {appointment_user_name},</p><p>We have received your callback request.</p><p><strong>Callback Details:</strong></p><ul><li>Appointment: {appointment_name}</li><li>Requested Date: {callback_date}</li><li>Requested Time: {callback_time}</li><li>Reason: {callback_reason}</li></ul><p>We will review your request and get back to you soon. Thank you for choosing {company_name}.</p>	Appointment	{"App Url": "app_url", "App Name": "app_name", "Company Name": "company_name", "Callback Date": "callback_date", "Callback Time": "callback_time", "Callback Reason": "callback_reason", "Appointment Name": "appointment_name", "Appointment User Name": "appointment_user_name"}	2026-03-10 14:14:56.37	\N
14	14	en	Appointment Status Update - {appointment_name}	<p>Hello {appointment_user_name},</p><p>Your appointment status has been updated.</p><p><strong>Appointment Details:</strong></p><ul><li>Appointment: {appointment_name}</li><li>Date: {appointment_date}</li><li>Time: {appointment_time}</li><li>Appointment Number: {appointment_number}</li><li>Status: {appointment_status}</li></ul><p>Thank you for choosing {company_name}.</p>	Appointment	{"App Url": "app_url", "App Name": "app_name", "Company Name": "company_name", "Appointment Date": "appointment_date", "Appointment Name": "appointment_name", "Appointment Time": "appointment_time", "Appointment Number": "appointment_number", "Appointment Status": "appointment_status", "Appointment User Name": "appointment_user_name"}	2026-03-10 14:14:56.413	\N
15	15	en	Callback Status Update - {appointment_name}	<p>Hello {appointment_user_name},</p><p>Your callback request status has been updated.</p><p><strong>Callback Details:</strong></p><ul><li>Appointment: {appointment_name}</li><li>Requested Date: {callback_date}</li><li>Requested Time: {callback_time}</li><li>Reason: {callback_reason}</li><li>Status: {callback_status}</li></ul><p>Thank you for choosing {company_name}.</p>	Appointment	{"App Url": "app_url", "App Name": "app_name", "Company Name": "company_name", "Callback Date": "callback_date", "Callback Time": "callback_time", "Callback Reason": "callback_reason", "Callback Status": "callback_status", "Appointment Name": "appointment_name", "Appointment User Name": "appointment_user_name"}	2026-03-10 14:14:56.455	\N
16	16	en	New Deal Assign	<p>Hello,</p><p>New Deal has been assigned to you.</p><p><b>Deal Name</b>: {deal_name}<br /><b>Deal Pipeline</b>: {deal_pipeline}<br /><b>Deal Stage</b>: {deal_stage}<br /><b>Deal Status</b>: {deal_status}<br /><b>Deal Price</b>: {deal_price}</p><p>Thank you</p><p>{company_name}</p>	CRM	{"Email": "email", "App Url": "app_url", "App Name": "app_name", "Deal Name": "deal_name", "Deal Price": "deal_price", "Deal Stage": "deal_stage", "Deal Status": "deal_status", "Company Name": "company_name", "Deal Pipeline": "deal_pipeline"}	2026-03-10 14:14:56.5	\N
17	17	en	Deal has been Moved	<p>Hello,</p><p>A Deal has been moved from {deal_old_stage} to {deal_new_stage}.</p><p><b>Deal Name</b>: {deal_name}<br /><b>Deal Pipeline</b>: {deal_pipeline}<br /><b>Deal Stage</b>: {deal_stage}<br /><b>Deal Status</b>: {deal_status}<br /><b>Deal Price</b>: {deal_price}</p><p>Thank you</p><p>{company_name}</p>	CRM	{"App Url": "app_url", "App Name": "app_name", "Deal Name": "deal_name", "Deal Price": "deal_price", "Deal Stage": "deal_stage", "Deal Status": "deal_status", "Company Name": "company_name", "Deal Pipeline": "deal_pipeline", "Deal New Stage": "deal_new_stage", "Deal Old Stage": "deal_old_stage"}	2026-03-10 14:14:56.54	\N
18	18	en	New Task Assign	<p>Hello,</p><p>New Task has been assigned to you.</p><p><b>Task Name</b>: {task_name}<br /><b>Task Priority</b>: {task_priority}<br /><b>Task Status</b>: {task_status}<br /><b>Task Deal</b>: {deal_name}</p><p>Thank you</p><p>{company_name}</p>	CRM	{"Email": "email", "App Url": "app_url", "App Name": "app_name", "Password": "password", "Deal Name": "deal_name", "Task Name": "task_name", "Task Status": "task_status", "Company Name": "company_name", "Task Priority": "task_priority"}	2026-03-10 14:14:56.581	\N
19	19	en	New Lead Assign	<p>Hello,</p><p>New Lead has been assigned to you.</p><p><b>Lead Name</b>: {lead_name}<br /><b>Lead Email</b>: {lead_email}<br /><b>Lead Pipeline</b>: {lead_pipeline}<br /><b>Lead Stage</b>: {lead_stage}</p><p>Thank you</p><p>{company_name}</p>	CRM	{"Email": "email", "App Url": "app_url", "App Name": "app_name", "Password": "password", "Lead Name": "lead_name", "Lead Email": "lead_email", "Lead Stage": "lead_stage", "Company Name": "company_name", "Lead Pipeline": "lead_pipeline"}	2026-03-10 14:14:56.622	\N
20	20	en	Lead has been Moved	<p>Hello,</p><p>A Lead has been moved from {lead_old_stage} to {lead_new_stage}.</p><p><b>Lead Name</b>: {lead_name}<br /><b>Lead Email</b>: {lead_email}<br /><b>Lead Pipeline</b>: {lead_pipeline}<br /><b>Lead Stage</b>: {lead_stage}</p><p>Thank you</p><p>{company_name}</p>	CRM	{"App Url": "app_url", "App Name": "app_name", "Lead Name": "lead_name", "Lead Email": "lead_email", "Lead Stage": "lead_stage", "Company Name": "company_name", "Lead Pipeline": "lead_pipeline", "Lead New Stage": "lead_new_stage", "Lead Old Stage": "lead_old_stage"}	2026-03-10 14:14:56.663	\N
21	21	en	Lead Email Create	<p>Hello,<br />Welcome to {app_name}.</p><p><b>Lead Name</b>: {lead_name}</p><p><strong>Subject</strong>: {lead_email_subject}</p><p><strong>Description</strong>: {lead_email_description}</p><p>Thanks,<br />{app_name}</p><p>{company_name}</p>	CRM	{"App Url": "app_url", "App Name": "app_name", "Lead Name": "lead_name", "Company Name": "company_name", "Lead Subject": "lead_email_subject", "Lead Description": "lead_email_description"}	2026-03-10 14:14:56.704	\N
22	22	en	Deal Email Create	<p>Hello,<br>Welcome to {app_name}.<br></p><p><strong>Deal Name</strong>: {deal_name}</p><p><strong>Subject</strong>: {deal_email_subject}</p><p><strong>Description</strong>: {deal_email_description}<br></p><p>Thanks,<br>{app_name}</p><p>{company_name}</p>	CRM	{"App Url": "app_url", "App Name": "app_name", "Deal Name": "deal_name", "Company Name": "company_name", "Deal Subject": "deal_email_subject", "Deal Description": "deal_email_description"}	2026-03-10 14:14:56.745	2026-04-25 09:50:50.449
1	1	en	Welcome to {app_name} — your login details	<table role="presentation" cellspacing="0" cellpadding="0" border="0" width="100%" style="margin:0;padding:0;background-color:#e8eef5;">\n  <tr>\n    <td align="center" style="padding:32px 16px;font-family:-apple-system,BlinkMacSystemFont,'Segoe UI',Roboto,'Helvetica Neue',Arial,sans-serif;">\n      <table role="presentation" cellspacing="0" cellpadding="0" border="0" width="600" style="max-width:600px;width:100%;background:#ffffff;border-radius:12px;overflow:hidden;box-shadow:0 4px 24px rgba(15,23,42,0.08);border:1px solid #e2e8f0;">\n        <!-- Header -->\n        <tr>\n          <td style="background:linear-gradient(135deg,#0f172a 0%,#1e3a5f 50%,#0c4a6e 100%);padding:32px 28px;text-align:center;">\n            <p style="margin:0;color:#f8fafc;font-size:22px;font-weight:700;letter-spacing:-0.03em;line-height:1.2;">{app_name}</p>\n            <p style="margin:12px 0 0;color:#cbd5e1;font-size:15px;line-height:1.5;font-weight:400;">Your account is ready</p>\n          </td>\n        </tr>\n        <!-- Body -->\n        <tr>\n          <td style="padding:32px 28px 8px;color:#0f172a;font-size:16px;line-height:1.65;">\n            <p style="margin:0 0 8px;font-size:15px;color:#64748b;">Hello <strong style="color:#0f172a;">{name}</strong>,</p>\n            <p style="margin:0 0 24px;color:#334155;font-size:15px;line-height:1.6;">Thank you for joining <strong style="color:#0f172a;">{app_name}</strong>. Use the sign-in details below to access your company portal anytime.</p>\n            <table role="presentation" width="100%" cellspacing="0" cellpadding="0" style="background:#f8fafc;border:1px solid #e2e8f0;border-radius:10px;border-left:4px solid #2563eb;margin:0 0 24px;">\n              <tr>\n                <td style="padding:20px 22px;">\n                  <p style="margin:0 0 14px;font-size:11px;text-transform:uppercase;letter-spacing:0.1em;color:#64748b;font-weight:700;">Sign-in email</p>\n                  <p style="margin:0 0 20px;font-size:15px;font-weight:600;color:#0f172a;word-break:break-all;">{email}</p>\n                  <p style="margin:0 0 14px;font-size:11px;text-transform:uppercase;letter-spacing:0.1em;color:#64748b;font-weight:700;">Temporary password</p>\n                  <p style="margin:0;font-size:16px;font-weight:700;color:#0f172a;font-family:ui-monospace,Consolas,'SF Mono',monospace;letter-spacing:0.06em;background:#fff;padding:12px 14px;border-radius:6px;border:1px dashed #cbd5e1;display:inline-block;">{password}</p>\n                </td>\n              </tr>\n            </table>\n            <p style="margin:0 0 8px;text-align:center;">{login_link}</p>\n            <p style="margin:20px 0 0;font-size:13px;color:#64748b;line-height:1.55;border-top:1px solid #e2e8f0;padding-top:16px;">For security, sign in soon and change this password under your account settings. Do not share these credentials.</p>\n          </td>\n        </tr>\n        <!-- Footer -->\n        <tr>\n          <td style="padding:20px 28px 28px;background:#f1f5f9;border-top:1px solid #e2e8f0;text-align:center;">\n            <p style="margin:0;font-size:13px;font-weight:600;color:#475569;">{company_name}</p>\n            <p style="margin:10px 0 0;font-size:12px;color:#64748b;line-height:1.5;">{app_url}</p>\n            <p style="margin:16px 0 0;font-size:11px;color:#94a3b8;">This message was sent because an administrator created an account for this email address.</p>\n          </td>\n        </tr>\n      </table>\n      <p style="margin:20px 0 0;font-size:11px;color:#94a3b8;text-align:center;line-height:1.4;">© {app_name}</p>\n    </td>\n  </tr>\n</table>	General	{"Name": "name", "Email": "email", "App Url": "app_url", "App Name": "app_name", "Password": "password", "Login Link": "login_link", "Company Name": "company_name"}	2026-03-10 14:14:55.843	\N
23	23	en	Order {order_number} confirmed — {vendor_name}	<p>Hi {name},</p><p>Thank you, <strong>{company_name}</strong>! Your Water Ice Express order has been received and paid.</p><table style="width:100%;border-collapse:collapse;font-size:14px"><tr><td style="padding:4px 0;color:#6b7280">Order number</td><td style="text-align:right"><strong>{order_number}</strong></td></tr><tr><td style="padding:4px 0;color:#6b7280">Vendor</td><td style="text-align:right">{vendor_name}</td></tr><tr><td style="padding:4px 0;color:#6b7280">Delivery area</td><td style="text-align:right">{city}, {state}</td></tr><tr><td style="padding:4px 0;color:#6b7280">Bucket count</td><td style="text-align:right">{bucket_count}</td></tr><tr><td style="padding:4px 0;color:#6b7280">Amount paid</td><td style="text-align:right"><strong>{amount_paid}</strong></td></tr><tr><td style="padding:4px 0;color:#6b7280">Payment</td><td style="text-align:right">{order_status}</td></tr><tr><td style="padding:4px 0;color:#6b7280">Delivery status</td><td style="text-align:right">{delivery_status}</td></tr></table><p style="margin-top:12px"><strong>Items</strong></p>{order_products}<p style="margin-top:16px;color:#6b7280">Your order is queued and will be scheduled once your city reaches the delivery minimum.</p><p><a href="{order_url}" style="background:#2563eb;color:#fff;padding:10px 16px;border-radius:6px;text-decoration:none">View order</a></p><p>Thanks,<br />{vendor_name}</p>	Marketplace	{"City": "city", "Name": "name", "State": "state", "App Name": "app_name", "Order URL": "order_url", "Amount Paid": "amount_paid", "Driver Info": "driver_info", "Vendor Name": "vendor_name", "Bucket Count": "bucket_count", "Company Name": "company_name", "Order Number": "order_number", "Order Status": "order_status", "Company Count": "company_count", "Delivery Date": "delivery_date", "Delivery Time": "delivery_time", "City Queue URL": "city_queue_url", "Delivery Notes": "delivery_notes", "Order Products": "order_products", "Delivery Status": "delivery_status", "Delivery Address": "delivery_address", "Required Minimum": "required_minimum", "Current Bucket Total": "current_bucket_total"}	2026-06-05 09:49:05.478	\N
24	24	en	{city}, {state} is ready to schedule ({current_bucket_total} buckets)	<p>Hi {name},</p><p>A city queue has reached its delivery minimum and is ready to schedule.</p><table style="width:100%;border-collapse:collapse;font-size:14px"><tr><td style="padding:4px 0;color:#6b7280">Vendor</td><td style="text-align:right">{vendor_name}</td></tr><tr><td style="padding:4px 0;color:#6b7280">City / state</td><td style="text-align:right"><strong>{city}, {state}</strong></td></tr><tr><td style="padding:4px 0;color:#6b7280">Current bucket total</td><td style="text-align:right"><strong>{current_bucket_total}</strong></td></tr><tr><td style="padding:4px 0;color:#6b7280">Required minimum</td><td style="text-align:right">{required_minimum}</td></tr><tr><td style="padding:4px 0;color:#6b7280">Companies in queue</td><td style="text-align:right">{company_count}</td></tr></table><p style="margin-top:16px"><a href="{city_queue_url}" style="background:#2563eb;color:#fff;padding:10px 16px;border-radius:6px;text-decoration:none">Open city queue</a></p>	Marketplace	{"City": "city", "Name": "name", "State": "state", "App Name": "app_name", "Order URL": "order_url", "Amount Paid": "amount_paid", "Driver Info": "driver_info", "Vendor Name": "vendor_name", "Bucket Count": "bucket_count", "Company Name": "company_name", "Order Number": "order_number", "Order Status": "order_status", "Company Count": "company_count", "Delivery Date": "delivery_date", "Delivery Time": "delivery_time", "City Queue URL": "city_queue_url", "Delivery Notes": "delivery_notes", "Order Products": "order_products", "Delivery Status": "delivery_status", "Delivery Address": "delivery_address", "Required Minimum": "required_minimum", "Current Bucket Total": "current_bucket_total"}	2026-06-05 09:49:05.486	\N
25	25	en	Your Water Ice delivery is scheduled — {city}, {state}	<p>Hi {name},</p><p>Great news, <strong>{company_name}</strong>! Your delivery in {city}, {state} has been scheduled.</p><table style="width:100%;border-collapse:collapse;font-size:14px"><tr><td style="padding:4px 0;color:#6b7280">Order(s)</td><td style="text-align:right">{order_number}</td></tr><tr><td style="padding:4px 0;color:#6b7280">Delivery date</td><td style="text-align:right"><strong>{delivery_date}</strong></td></tr><tr><td style="padding:4px 0;color:#6b7280">Delivery time</td><td style="text-align:right">{delivery_time}</td></tr><tr><td style="padding:4px 0;color:#6b7280">Address</td><td style="text-align:right">{delivery_address}</td></tr><tr><td style="padding:4px 0;color:#6b7280">Driver</td><td style="text-align:right">{driver_info}</td></tr></table><p style="margin-top:12px;color:#6b7280">Notes: {delivery_notes}</p><p>Thanks,<br />{vendor_name}</p>	Marketplace	{"City": "city", "Name": "name", "State": "state", "App Name": "app_name", "Order URL": "order_url", "Amount Paid": "amount_paid", "Driver Info": "driver_info", "Vendor Name": "vendor_name", "Bucket Count": "bucket_count", "Company Name": "company_name", "Order Number": "order_number", "Order Status": "order_status", "Company Count": "company_count", "Delivery Date": "delivery_date", "Delivery Time": "delivery_time", "City Queue URL": "city_queue_url", "Delivery Notes": "delivery_notes", "Order Products": "order_products", "Delivery Status": "delivery_status", "Delivery Address": "delivery_address", "Required Minimum": "required_minimum", "Current Bucket Total": "current_bucket_total"}	2026-06-05 09:49:05.513	\N
26	26	en	Reminder: your delivery is on {delivery_date} — {city}, {state}	<p>Hi {name},</p><p>This is a reminder that your Water Ice Express delivery for <strong>{company_name}</strong> is coming up.</p><table style="width:100%;border-collapse:collapse;font-size:14px"><tr><td style="padding:4px 0;color:#6b7280">Order(s)</td><td style="text-align:right">{order_number}</td></tr><tr><td style="padding:4px 0;color:#6b7280">Delivery date</td><td style="text-align:right"><strong>{delivery_date}</strong></td></tr><tr><td style="padding:4px 0;color:#6b7280">Delivery time</td><td style="text-align:right">{delivery_time}</td></tr><tr><td style="padding:4px 0;color:#6b7280">Address</td><td style="text-align:right">{delivery_address}</td></tr><tr><td style="padding:4px 0;color:#6b7280">Driver</td><td style="text-align:right">{driver_info}</td></tr></table><p>See you soon,<br />{vendor_name}</p>	Marketplace	{"City": "city", "Name": "name", "State": "state", "App Name": "app_name", "Order URL": "order_url", "Amount Paid": "amount_paid", "Driver Info": "driver_info", "Vendor Name": "vendor_name", "Bucket Count": "bucket_count", "Company Name": "company_name", "Order Number": "order_number", "Order Status": "order_status", "Company Count": "company_count", "Delivery Date": "delivery_date", "Delivery Time": "delivery_time", "City Queue URL": "city_queue_url", "Delivery Notes": "delivery_notes", "Order Products": "order_products", "Delivery Status": "delivery_status", "Delivery Address": "delivery_address", "Required Minimum": "required_minimum", "Current Bucket Total": "current_bucket_total"}	2026-06-05 09:49:05.519	\N
\.


--
-- Data for Name: email_templates; Type: TABLE DATA; Schema: public; Owner: waterexpress_user
--

COPY public.email_templates (id, name, "from", module_name, creator_id, created_by, created_at, updated_at) FROM stdin;
1	New User	Paper Flight	General	\N	\N	2026-03-10 14:14:55.791	\N
2	Customer Invoice Send	Paper Flight	General	\N	\N	2026-03-10 14:14:55.895	\N
3	Payment Reminder	Paper Flight	General	\N	\N	2026-03-10 14:14:55.936	\N
4	Invoice Payment Create	Paper Flight	General	\N	\N	2026-03-10 14:14:55.977	\N
5	Proposal Send	Paper Flight	General	\N	\N	2026-03-10 14:14:56.018	\N
6	New Helpdesk Ticket	Paper Flight	General	\N	\N	2026-03-10 14:14:56.059	\N
7	New Helpdesk Ticket Reply	Paper Flight	General	\N	\N	2026-03-10 14:14:56.101	\N
8	Purchase Send	Paper Flight	General	\N	\N	2026-03-10 14:14:56.142	\N
9	Purchase Payment Create	Paper Flight	General	\N	\N	2026-03-10 14:14:56.183	\N
10	Application Received	Paper Flight	Recruitment	\N	\N	2026-03-10 14:14:56.224	\N
11	Offer Letter	Paper Flight	Recruitment	\N	\N	2026-03-10 14:14:56.265	\N
12	Appointment Booked	Paper Flight	Appointment	\N	\N	2026-03-10 14:14:56.307	\N
13	Appointment Callback	Paper Flight	Appointment	\N	\N	2026-03-10 14:14:56.35	\N
14	Appointment Status Update	Paper Flight	Appointment	\N	\N	2026-03-10 14:14:56.392	\N
15	Appointment Callback Status Update	Paper Flight	Appointment	\N	\N	2026-03-10 14:14:56.434	\N
16	Deal Assigned	Paper Flight	CRM	\N	\N	2026-03-10 14:14:56.479	\N
17	Deal Moved	Paper Flight	CRM	\N	\N	2026-03-10 14:14:56.52	\N
18	New Task	Paper Flight	CRM	\N	\N	2026-03-10 14:14:56.561	\N
19	Lead Assigned	Paper Flight	CRM	\N	\N	2026-03-10 14:14:56.602	\N
20	Lead Moved	Paper Flight	CRM	\N	\N	2026-03-10 14:14:56.643	\N
21	Lead Emails	Paper Flight	CRM	\N	\N	2026-03-10 14:14:56.683	\N
22	Deal Emails	Paper Flight	CRM	\N	\N	2026-03-10 14:14:56.725	\N
23	Marketplace Order Confirmation	Water Ice Express	Marketplace	\N	\N	2026-06-05 09:49:05.472	\N
24	Marketplace City Ready To Schedule	Water Ice Express	Marketplace	\N	\N	2026-06-05 09:49:05.483	\N
25	Marketplace Delivery Scheduled	Water Ice Express	Marketplace	\N	\N	2026-06-05 09:49:05.507	\N
26	Marketplace Delivery Reminder	Water Ice Express	Marketplace	\N	\N	2026-06-05 09:49:05.516	\N
\.


--
-- Data for Name: expenses; Type: TABLE DATA; Schema: public; Owner: waterexpress_user
--

COPY public.expenses (id, reference_number, vendor_id, date, amount, category, description, bank_account_id, payment_method, status, notes, creator_id, created_by, created_at, updated_at) FROM stdin;
1	EXP-0001	\N	2026-03-18	300.00	\N	\N	\N	check	completed	\N	1005	1005	2026-03-18 14:01:15.002	\N
1001	EXP-DEMO-001	1	2026-01-08	5200.00	Utilities	Office Electricity & Internet Jan	5	bank_transfer	paid	\N	1000	1000	2026-03-19 07:56:49.701	\N
1002	EXP-DEMO-002	2	2026-01-15	12400.00	Rent	Office Rent January	5	bank_transfer	paid	\N	1000	1000	2026-03-19 07:56:49.701	\N
1003	EXP-DEMO-003	3	2026-01-25	3800.00	Office Supplies	Stationery & Printing Q1	6	cheque	paid	\N	1000	1000	2026-03-19 07:56:49.701	\N
1004	EXP-DEMO-004	1001	2026-02-10	8500.00	Equipment	Printer & Copier Lease	5	bank_transfer	paid	\N	1000	1000	2026-03-19 07:56:49.701	\N
1005	EXP-DEMO-005	1002	2026-02-20	6700.00	Office Supplies	Furniture & Fixtures	6	bank_transfer	paid	\N	1000	1000	2026-03-19 07:56:49.701	\N
1006	EXP-DEMO-006	4	2026-02-25	14200.00	Software	SaaS Subscriptions Q1	7	online	paid	\N	1000	1000	2026-03-19 07:56:49.701	\N
1007	EXP-DEMO-007	1003	2026-03-01	22000.00	Equipment	Server Hardware Upgrade	5	bank_transfer	pending	\N	1000	1000	2026-03-19 07:56:49.701	\N
1008	EXP-DEMO-008	5	2026-03-12	4100.00	Marketing	Digital Advertising March	6	online	paid	\N	1000	1000	2026-03-19 07:56:49.701	\N
\.


--
-- Data for Name: form_conversions; Type: TABLE DATA; Schema: public; Owner: waterexpress_user
--

COPY public.form_conversions (id, form_id, module_name, submodule_name, is_active, field_mappings, created_by, created_at, updated_at) FROM stdin;
\.


--
-- Data for Name: form_fields; Type: TABLE DATA; Schema: public; Owner: waterexpress_user
--

COPY public.form_fields (id, form_id, label, type, required, placeholder, options, "order", created_by, created_at, updated_at) FROM stdin;
1	1	Text Input Field	text	f	Enter text input	[]	0	1000	2026-03-26 10:34:13.811	\N
2	1	Email Field	email	f	Enter email	[]	1	1000	2026-03-26 10:34:13.811	\N
5	8	Personal Info	section	f		[]	0	1	2026-04-10 11:13:51.214	\N
6	8	Contact	heading	f		[]	1	1	2026-04-10 11:13:51.214	\N
7	8	Prefix	select	f		["Select", "Mr.", "Ms.", "Mrs.", "Miss", "Mx.", "Dr.", "Prof."]	2	1	2026-04-10 11:13:51.214	\N
8	8	First name	text	f		{"gridCols": 4}	3	1	2026-04-10 11:13:51.214	\N
9	8	Middle name	text	f		{"gridCols": 4}	4	1	2026-04-10 11:13:51.214	\N
10	8	Last name	text	f		{"gridCols": 4}	5	1	2026-04-10 11:13:51.214	\N
11	8	Suffix	select	f		["Select", "Jr.", "Sr.", "II", "III", "IV"]	6	1	2026-04-10 11:13:51.214	\N
12	8	Phone	tel	f	(555) 000-0000	{"gridCols": 4}	7	1	2026-04-10 11:13:51.214	\N
13	8	Email	email	f		{"gridCols": 4}	8	1	2026-04-10 11:13:51.214	\N
14	8	Date of birth	date	f		{"gridCols": 4}	9	1	2026-04-10 11:13:51.214	\N
15	8	Address	heading	f		[]	10	1	2026-04-10 11:13:51.214	\N
16	8	Address	text	f		[]	11	1	2026-04-10 11:13:51.214	\N
17	8	Address 2	text	f	Apt, suite, unit (optional)	[]	12	1	2026-04-10 11:13:51.214	\N
18	8	City	text	f		[]	13	1	2026-04-10 11:13:51.214	\N
19	8	State	text	f		[]	14	1	2026-04-10 11:13:51.214	\N
20	8	Zip code	text	f		[]	15	1	2026-04-10 11:13:51.214	\N
21	8	Identification & passport	section	f		[]	16	1	2026-04-10 11:13:51.214	\N
22	8	Identification	heading	f		[]	17	1	2026-04-10 11:13:51.214	\N
23	8	SSN	text	f	000-00-0000	{"gridCols": 4}	18	1	2026-04-10 11:13:51.214	\N
24	8	DL state	text	f		{"gridCols": 4}	19	1	2026-04-10 11:13:51.214	\N
25	8	DL number	text	f		{"gridCols": 4}	20	1	2026-04-10 11:13:51.214	\N
26	8	DL expiration date	date	f		{"gridCols": 4}	21	1	2026-04-10 11:13:51.214	\N
27	8	Physical description	heading	f		[]	22	1	2026-04-10 11:13:51.214	\N
28	8	Height (ft)	number	f		{"gridCols": 4}	23	1	2026-04-10 11:13:51.214	\N
29	8	Height (in)	number	f		{"gridCols": 4}	24	1	2026-04-10 11:13:51.214	\N
30	8	Weight	number	f		{"gridCols": 4}	25	1	2026-04-10 11:13:51.214	\N
31	8	Eye color	text	f		{"gridCols": 4}	26	1	2026-04-10 11:13:51.214	\N
32	8	Hair color	text	f		{"gridCols": 4}	27	1	2026-04-10 11:13:51.214	\N
33	8	Passport	heading	f		[]	28	1	2026-04-10 11:13:51.214	\N
34	8	Do you have a passport?	select	f		["Yes", "No"]	29	1	2026-04-10 11:13:51.214	\N
35	8	Place of birth	text	f		[]	30	1	2026-04-10 11:13:51.214	\N
36	8	Passport issue date	date	f		[]	31	1	2026-04-10 11:13:51.214	\N
37	8	Passport expiration date	date	f		[]	32	1	2026-04-10 11:13:51.214	\N
38	8	Emergency contact	section	f		[]	33	1	2026-04-10 11:13:51.214	\N
39	8	Emergency contact	heading	f		[]	34	1	2026-04-10 11:13:51.214	\N
40	8	First name	text	f		{"gridCols": 4}	35	1	2026-04-10 11:13:51.214	\N
41	8	Last name	text	f		{"gridCols": 4}	36	1	2026-04-10 11:13:51.214	\N
42	8	Phone	tel	f		{"gridCols": 4}	37	1	2026-04-10 11:13:51.214	\N
43	8	Relationship to you	select	f		["Spouse", "Parent", "Sibling", "Friend", "Other"]	38	1	2026-04-10 11:13:51.214	\N
44	8	Military / work background	section	f		[]	39	1	2026-04-10 11:13:51.214	\N
45	8	Military, Law Enforcement, and Corrections are optional. Add details only where they apply. Use + Add repeaters in a future update for multiple entries per category.	description	f		[]	40	1	2026-04-10 11:13:51.214	\N
46	8	Military	heading	f		[]	41	1	2026-04-10 11:13:51.214	\N
47	8	Branch / notes	textarea	f	Optional	[]	42	1	2026-04-10 11:13:51.214	\N
48	8	Law enforcement	heading	f		[]	43	1	2026-04-10 11:13:51.214	\N
49	8	Agency / notes	textarea	f	Optional	[]	44	1	2026-04-10 11:13:51.214	\N
50	8	Corrections	heading	f		[]	45	1	2026-04-10 11:13:51.214	\N
51	8	Facility / notes	textarea	f	Optional	[]	46	1	2026-04-10 11:13:51.214	\N
52	8	Work availability	section	f		[]	47	1	2026-04-10 11:13:51.214	\N
53	8	In-state	heading	f		[]	48	1	2026-04-10 11:13:51.214	\N
54	8	State	text	f	Florida	{"gridCols": 3}	49	1	2026-04-10 11:13:51.214	\N
55	8	Position	text	f	Full Time	{"gridCols": 3}	50	1	2026-04-10 11:13:51.214	\N
56	8	Shifts	text	f	Any shift	{"gridCols": 3}	51	1	2026-04-10 11:13:51.214	\N
57	8	Out-of-state	heading	f		[]	52	1	2026-04-10 11:13:51.214	\N
58	8	State	text	f	Washington	{"gridCols": 3}	53	1	2026-04-10 11:13:51.214	\N
59	8	Position	text	f	Full Time	{"gridCols": 3}	54	1	2026-04-10 11:13:51.214	\N
60	8	Shifts	text	f	Any shift	{"gridCols": 3}	55	1	2026-04-10 11:13:51.214	\N
61	8	State licenses	section	f		[]	56	1	2026-04-10 11:13:51.214	\N
62	8	Add each license on its own row. For multiple licenses, duplicate fields in the form editor or use the text area for a list.	description	f		[]	57	1	2026-04-10 11:13:51.214	\N
63	8	License type	text	f	Armed / Unarmed	{"gridCols": 4}	58	1	2026-04-10 11:13:51.214	\N
64	8	State	text	f		{"gridCols": 4}	59	1	2026-04-10 11:13:51.214	\N
65	8	License number	text	f		{"gridCols": 4}	60	1	2026-04-10 11:13:51.214	\N
66	8	Issued date	date	f		{"gridCols": 4}	61	1	2026-04-10 11:13:51.214	\N
67	8	Expiration date	date	f		{"gridCols": 4}	62	1	2026-04-10 11:13:51.214	\N
68	8	Hotel / flight info	section	f		[]	63	1	2026-04-10 11:13:51.214	\N
69	8	Airport	heading	f		[]	64	1	2026-04-10 11:13:51.214	\N
70	8	Airport state	text	f		{"gridCols": 3}	65	1	2026-04-10 11:13:51.214	\N
71	8	Airport city	text	f		{"gridCols": 3}	66	1	2026-04-10 11:13:51.214	\N
72	8	Airport code	text	f		{"gridCols": 3}	67	1	2026-04-10 11:13:51.214	\N
73	8	Seat preference	heading	f		[]	68	1	2026-04-10 11:13:51.214	\N
74	8	Seat preference	text	f	Window / Aisle	[]	69	1	2026-04-10 11:13:51.214	\N
75	8	Clothing	section	f		[]	70	1	2026-04-10 11:13:51.214	\N
76	8	Shirt	heading	f		[]	71	1	2026-04-10 11:13:51.214	\N
77	8	Shirt size	text	f		[]	72	1	2026-04-10 11:13:51.214	\N
78	8	Pants	heading	f		[]	73	1	2026-04-10 11:13:51.214	\N
79	8	Pants waist	text	f		{"gridCols": 2}	74	1	2026-04-10 11:13:51.214	\N
80	8	Pants length	text	f		{"gridCols": 2}	75	1	2026-04-10 11:13:51.214	\N
81	8	Shoes	heading	f		[]	76	1	2026-04-10 11:13:51.214	\N
82	8	Shoe type	text	f	Men / Women	{"gridCols": 2}	77	1	2026-04-10 11:13:51.214	\N
83	8	Shoe size	text	f		{"gridCols": 2}	78	1	2026-04-10 11:13:51.214	\N
84	8	Additional info	section	f		[]	79	1	2026-04-10 11:13:51.214	\N
85	8	Additional info	heading	f		[]	80	1	2026-04-10 11:13:51.214	\N
86	8	Food allergies	textarea	f	e.g. pork products	{"gridCols": 2}	81	1	2026-04-10 11:13:51.214	\N
87	8	Medical issues	textarea	f	N/A	{"gridCols": 2}	82	1	2026-04-10 11:13:51.214	\N
88	8	Licenses & certifications	section	f		[]	83	1	2026-04-10 11:13:51.214	\N
89	8	This list mirrors your profile Licenses tab (driver license, SSN card, state credentials, and professional certifications). State security license numbers and dates are edited under Onboarding Packet → State Licenses; uploads can be done here or there. Driver license, Social Security card, state credentials, and professional certifications: upload front and back (or PDF) where your HR workflow supports file uploads.	description	f		[]	84	1	2026-04-10 11:13:51.214	\N
90	8	Licenses & certifications	license_documents	t		{}	85	1	2026-04-10 11:13:51.214	\N
91	8	USCIS Form I-9	section	f		[]	86	1	2026-04-10 11:13:51.214	\N
92	8	Complete and sign Section 1 of the Employment Eligibility Verification form below. Use Sign & Submit Section 1 when finished; then submit the full onboarding packet.	description	f		[]	87	1	2026-04-10 11:13:51.214	\N
93	8	Form I-9 — Section 1 (employee)	uscis_i9_section1	t		{}	88	1	2026-04-10 11:13:51.214	\N
94	8	Background check	section	f		[]	89	1	2026-04-10 11:13:51.214	\N
95	8	Review and sign the Background Check Consent & Confirmation Agreement. Your HR team completes the employer section first; you sign as the employee below (or decline).	description	f		[]	90	1	2026-04-10 11:13:51.214	\N
96	8	Background check consent	background_check_consent	t		{}	91	1	2026-04-10 11:13:51.214	\N
97	8	Pre-employment drug testing	section	f		[]	92	1	2026-04-10 11:13:51.214	\N
98	8	Sign the consent form and schedule your required drug screening appointment.	description	f		[]	93	1	2026-04-10 11:13:51.214	\N
99	8	Pre-employment drug testing	drug_testing_consent	t		{}	94	1	2026-04-10 11:13:51.214	\N
100	8	Non-disclosure agreement	section	f		[]	95	1	2026-04-10 11:13:51.214	\N
101	8	Read and digitally sign your confidentiality agreement below.	description	f		[]	96	1	2026-04-10 11:13:51.214	\N
102	8	Non-Disclosure Agreement	nda_consent	t		{}	97	1	2026-04-10 11:13:51.214	\N
103	2	Text Input Field	text	t	Enter text input	[]	0	1000	2026-04-21 12:34:11.586	\N
104	2	Email Field	email	t	Enter email	[]	1	1000	2026-04-21 12:34:11.586	\N
\.


--
-- Data for Name: form_responses; Type: TABLE DATA; Schema: public; Owner: waterexpress_user
--

COPY public.form_responses (id, form_id, response_data, submitter_ip, created_by, created_at) FROM stdin;
1	1	{"Email Field": null, "Text Input Field": null}	103.110.48.54	\N	2026-03-26 10:35:14.245
\.


--
-- Data for Name: forms; Type: TABLE DATA; Schema: public; Owner: waterexpress_user
--

COPY public.forms (id, name, code, is_active, default_layout, created_by, created_at, updated_at) FROM stdin;
1	Test Form	01808c52-a933-4d61-ac7e-608552cebee4-1774521253751	t	single	1000	2026-03-26 10:34:13.752	\N
5	New fomr	b2b8ffc1-b40c-4eae-bd78-aaa7406f7856-1775813266698-8137a7ae	t	single	1	2026-04-10 09:27:46.699	\N
8	Onboarding Packet	c05fac75-d24e-4801-9af6-f00fe55c6af8-1775819631185-dc9a8bbf	t	onboarding	1	2026-04-10 11:13:51.202	\N
2	Latest Form	38e36ab9-8448-4a57-a83c-bf5c12cb313e-1774525214889	t	single	1000	2026-03-26 11:40:14.89	2026-04-21 12:34:11.573
\.


--
-- Data for Name: gantt_hour_entries; Type: TABLE DATA; Schema: public; Owner: waterexpress_user
--

COPY public.gantt_hour_entries (id, project_id, assignment_id, assignment_type, date, hours, start_time, end_time, created_at, updated_at) FROM stdin;
\.


--
-- Data for Name: gantt_project_locations; Type: TABLE DATA; Schema: public; Owner: waterexpress_user
--

COPY public.gantt_project_locations (id, project_id, name, color, start_date, end_date, created_at, updated_at) FROM stdin;
cmneqfd6p00095hfgxih7z8ti	cmneqeqwl00075hfg09e8fxsm	Off-Site	#6366F1	\N	\N	2026-03-31 14:48:37.249	2026-03-31 14:48:37.249
cmneqfjci000b5hfgutzi9ocl	cmneqeqwl00075hfg09e8fxsm	Security Desk	#6366F1	\N	\N	2026-03-31 14:48:45.234	2026-03-31 14:48:45.234
cmnepvazk00025hfgfg535ehn	cmnepuz9900005hfgjushthmr	Security Desk	#6366F1	2026-03-20	2026-04-04	2026-03-31 14:33:01.28	2026-04-03 12:39:01.099
\.


--
-- Data for Name: gantt_project_staff; Type: TABLE DATA; Schema: public; Owner: waterexpress_user
--

COPY public.gantt_project_staff (id, project_id, location_id, staff_id, label, start_date, end_date, approval_status, approved_at, rejected_at, rejection_reason, notified_at, created_at, updated_at) FROM stdin;
cmng23vt100016h9kjvrq8lyi	cmneqeqwl00075hfg09e8fxsm	cmneqfjci000b5hfgutzi9ocl	cmn0bdetv0000mvoxvkh4jjqo		\N	\N	pending	\N	\N	\N	\N	2026-04-01 13:03:23.078	2026-04-01 13:03:23.078
cmneqfxmh000d5hfgigpm5178	cmneqeqwl00075hfg09e8fxsm	cmneqfd6p00095hfgxih7z8ti	cmn0bdetv0000mvoxvkh4jjqo		2026-03-21	2026-03-24	pending	\N	\N	\N	\N	2026-03-31 14:49:03.738	2026-04-01 13:03:41.408
cmniwm2ru000113wbpk0ev9kn	cmnepuz9900005hfgjushthmr	cmnepvazk00025hfgfg535ehn	cmn0bdetv0000mvoxvkh4jjqo		2026-04-03	2026-05-09	pending	\N	\N	\N	\N	2026-04-03 12:52:52.746	2026-04-03 12:53:17.949
cmnepvjb300045hfg1pg0e3wu	cmnepuz9900005hfgjushthmr	cmnepvazk00025hfgfg535ehn	cmn0bdetv0000mvoxvkh4jjqo		2026-03-30	2026-04-22	pending	\N	\N	\N	\N	2026-03-31 14:33:12.064	2026-04-21 12:36:54.621
cmneq2orj00065hfgtwbikx6s	cmnepuz9900005hfgjushthmr	cmnepvazk00025hfgfg535ehn	cmn0bdetv0000mvoxvkh4jjqo		2026-03-26	2026-04-22	pending	\N	\N	\N	\N	2026-03-31 14:38:45.727	2026-04-21 12:37:29.767
\.


--
-- Data for Name: gantt_project_subs; Type: TABLE DATA; Schema: public; Owner: waterexpress_user
--

COPY public.gantt_project_subs (id, project_id, location_id, sub_id, label, start_date, end_date, approval_status, approved_at, rejected_at, rejection_reason, notified_at, created_at, updated_at) FROM stdin;
\.


--
-- Data for Name: gantt_projects; Type: TABLE DATA; Schema: public; Owner: waterexpress_user
--

COPY public.gantt_projects (id, name, start_date, end_date, color, progress, company_id, client_id, project_ref_id, status, created_at, updated_at) FROM stdin;
cmneqeqwl00075hfg09e8fxsm	PaperFlight Website Redesign	2026-04-13	2026-04-19	#3B82F6	0	1000	1004	1001	active	2026-03-31 14:48:08.374	2026-04-03 12:39:32.651
cmnepuz9900005hfgjushthmr	PaperFlight Website Redesign	2026-01-15	2026-04-30	#b53bf7	0	1000	1004	1001	active	2026-03-31 14:32:46.078	2026-04-17 08:18:37.394
\.


--
-- Data for Name: gantt_staff; Type: TABLE DATA; Schema: public; Owner: waterexpress_user
--

COPY public.gantt_staff (id, name, email, color, company_id, created_at, updated_at) FROM stdin;
cmn0bdetv0000mvoxvkh4jjqo	Alex Morgan	staff@example.com	#3B82F6	1000	2026-03-21 12:38:25.364	2026-03-21 12:38:25.364
cmn0bdetv0001mvoxtjblq89h	Emma Williams	sales@example.com	#3B82F6	1000	2026-03-21 12:38:25.364	2026-03-21 12:38:25.364
cmn0bdetv0002mvox2c35ip12	James Rodriguez	support@example.com	#3B82F6	1000	2026-03-21 12:38:25.364	2026-03-21 12:38:25.364
cmn0bdetv0003mvoxkgs66kom	Michael Chen	finance@example.com	#3B82F6	1000	2026-03-21 12:38:25.364	2026-03-21 12:38:25.364
cmn0bdetv0004mvoxtifvq337	Sarah Johnson	hr@example.com	#3B82F6	1000	2026-03-21 12:38:25.364	2026-03-21 12:38:25.364
cmpbz006a0000xmdy8dx30b2y	Test Test	employee2@mailsac.com	#3B82F6	1000	2026-05-19 01:44:43.234	2026-05-19 01:44:43.234
\.


--
-- Data for Name: gantt_subs; Type: TABLE DATA; Schema: public; Owner: waterexpress_user
--

COPY public.gantt_subs (id, name, email, color, company_id, created_at, updated_at) FROM stdin;
\.


--
-- Data for Name: helpdesk_categories; Type: TABLE DATA; Schema: public; Owner: waterexpress_user
--

COPY public.helpdesk_categories (id, name, description, color, is_active, creator_id, created_by, created_at, updated_at) FROM stdin;
1001	Technical Support	Software bugs, crashes, and technical issues	#3B82F6	t	1000	1000	2026-03-19 07:56:50.365	\N
1002	Billing & Payments	Invoice disputes, payment issues, refund requests	#10B981	t	1000	1000	2026-03-19 07:56:50.365	\N
1003	Feature Requests	Suggestions for new features and improvements	#8B5CF6	t	1000	1000	2026-03-19 07:56:50.365	\N
1004	Account & Access	Login issues, password resets, account settings	#F59E0B	t	1000	1000	2026-03-19 07:56:50.365	\N
1005	General Enquiry	General questions and miscellaneous requests	#6B7280	t	1000	1000	2026-03-19 07:56:50.365	\N
\.


--
-- Data for Name: helpdesk_replies; Type: TABLE DATA; Schema: public; Owner: waterexpress_user
--

COPY public.helpdesk_replies (id, ticket_id, message, attachments, is_internal, created_by, created_at, updated_at) FROM stdin;
1001	1001	Thank you for reporting this. We have identified the issue with the PDF renderer. A fix is being tested and will be deployed within 24 hours.	\N	f	1000	2026-03-19 07:56:50.526	\N
1002	1002	We have reviewed invoice INV-204. The discrepancy was due to a tax adjustment applied automatically. I will send a corrected invoice shortly.	\N	f	1000	2026-03-19 07:56:50.526	\N
1003	1002	Internal note: Check the tax settings for this customer account — they might have been set up incorrectly.	\N	t	1000	2026-03-19 07:56:50.526	\N
1004	1004	We have resent the password reset email. Please check your inbox and spam folder. The link expires in 60 minutes.	\N	f	1000	2026-03-19 07:56:50.526	\N
1005	1005	We are investigating the performance issue. Initial analysis shows the query is missing an index. We are working on an optimisation.	\N	f	1000	2026-03-19 07:56:50.526	\N
1006	1007	This was a display caching issue. We have flushed the cache and the balance now reflects correctly. Please verify.	\N	f	1000	2026-03-19 07:56:50.526	\N
1007	1008	You can add custom leave types in HRM → Leave Types. Click 'Add Leave Type', enter 'Paternity Leave', set the days allowed, and save. Let us know if you need further assistance.	\N	f	1000	2026-03-19 07:56:50.526	\N
1008	1004	<p>should be working now</p>	\N	f	1	2026-03-29 20:04:37.96	2026-03-29 20:04:37.96
1009	1004	<p>should be working now</p>	\N	f	1	2026-03-29 20:04:50.413	2026-03-29 20:04:50.413
\.


--
-- Data for Name: helpdesk_tickets; Type: TABLE DATA; Schema: public; Owner: waterexpress_user
--

COPY public.helpdesk_tickets (id, ticket_id, title, description, status, priority, category_id, created_by, resolved_at, created_at, updated_at) FROM stdin;
1001	TKT-DEMO-001	Cannot export reports to PDF	When clicking the Export PDF button on the Reports page, nothing happens. Tried on Chrome and Firefox.	open	high	1001	1000	\N	2026-03-19 07:56:50.445	\N
1002	TKT-DEMO-002	Invoice #INV-204 shows incorrect amount	The total on invoice INV-204 does not match our PO. It shows $12,500 but our PO was for $11,200.	in_progress	urgent	1002	1000	\N	2026-03-19 07:56:50.445	\N
1003	TKT-DEMO-003	Request: dark mode for dashboard	It would be great to have a dark mode option for the dashboard to reduce eye strain during long working hours.	open	low	1003	1000	\N	2026-03-19 07:56:50.445	\N
1004	TKT-DEMO-004	Password reset email not received	Tried to reset my password three times. Checked spam folder. No email received.	resolved	medium	1004	1000	2026-03-10 00:00:00	2026-03-19 07:56:50.445	\N
1005	TKT-DEMO-005	Slow loading on Projects module	The Projects list takes over 10 seconds to load when there are more than 20 projects. Seems like a performance issue.	in_progress	high	1001	1000	\N	2026-03-19 07:56:50.445	\N
1006	TKT-DEMO-006	Request: CSV export for employee attendance	Would like the ability to export monthly attendance data as CSV for our payroll system.	open	medium	1003	1000	\N	2026-03-19 07:56:50.445	\N
1007	TKT-DEMO-007	Bank account balance not updating	After recording a transfer of $25,000, the bank account balance did not update in real time.	resolved	high	1001	1000	2026-03-12 00:00:00	2026-03-19 07:56:50.445	\N
1008	TKT-DEMO-008	How to add custom leave types?	We have a company-specific leave called 'Paternity Leave' that is not in the default list. How do I add it?	resolved	low	1005	1000	2026-03-14 00:00:00	2026-03-19 07:56:50.445	\N
\.


--
-- Data for Name: hrm_acknowledgments; Type: TABLE DATA; Schema: public; Owner: waterexpress_user
--

COPY public.hrm_acknowledgments (id, employee_id, policy_title, acknowledged_at, notes, created_by, created_at, updated_at) FROM stdin;
\.


--
-- Data for Name: hrm_announcements; Type: TABLE DATA; Schema: public; Owner: waterexpress_user
--

COPY public.hrm_announcements (id, title, body, starts_at, ends_at, is_active, created_by, created_at, updated_at) FROM stdin;
\.


--
-- Data for Name: hrm_attendances; Type: TABLE DATA; Schema: public; Owner: waterexpress_user
--

COPY public.hrm_attendances (id, employee_id, date, clock_in, clock_out, work_hours, status, note, created_by, created_at, updated_at) FROM stdin;
1001	1001	2026-03-09	09:02	17:35	8.50	present	\N	1000	2026-03-19 10:05:12.003	\N
1002	1001	2026-03-10	09:02	17:35	8.50	present	\N	1000	2026-03-19 10:05:12.003	\N
1003	1001	2026-03-11	09:02	17:35	8.50	present	\N	1000	2026-03-19 10:05:12.003	\N
1004	1001	2026-03-12	09:02	17:35	8.50	present	\N	1000	2026-03-19 10:05:12.003	\N
1005	1001	2026-03-13	09:02	17:35	8.50	present	\N	1000	2026-03-19 10:05:12.003	\N
1006	1001	2026-03-16	09:02	17:35	8.50	present	\N	1000	2026-03-19 10:05:12.003	\N
1007	1001	2026-03-17	09:02	17:35	8.50	present	\N	1000	2026-03-19 10:05:12.003	\N
1008	1002	2026-03-09	09:02	17:35	8.50	present	\N	1000	2026-03-19 10:05:12.003	\N
1009	1002	2026-03-10	09:02	17:35	8.50	present	\N	1000	2026-03-19 10:05:12.003	\N
1010	1002	2026-03-11	09:02	17:35	8.50	present	\N	1000	2026-03-19 10:05:12.003	\N
1011	1002	2026-03-12	09:02	17:35	8.50	present	\N	1000	2026-03-19 10:05:12.003	\N
1012	1002	2026-03-13	\N	\N	0.00	absent	No clock-in recorded	1000	2026-03-19 10:05:12.003	\N
1013	1002	2026-03-16	09:02	17:35	8.50	present	\N	1000	2026-03-19 10:05:12.003	\N
1014	1002	2026-03-17	09:02	17:35	8.50	present	\N	1000	2026-03-19 10:05:12.003	\N
1015	1003	2026-03-09	09:02	17:35	8.50	present	\N	1000	2026-03-19 10:05:12.003	\N
1016	1003	2026-03-10	09:02	17:35	8.50	present	\N	1000	2026-03-19 10:05:12.003	\N
1017	1003	2026-03-11	09:02	17:35	8.50	present	\N	1000	2026-03-19 10:05:12.003	\N
1018	1003	2026-03-12	09:02	17:35	8.50	present	\N	1000	2026-03-19 10:05:12.003	\N
1019	1003	2026-03-13	09:02	17:35	8.50	present	\N	1000	2026-03-19 10:05:12.003	\N
1020	1003	2026-03-16	09:02	17:35	8.50	present	\N	1000	2026-03-19 10:05:12.003	\N
1021	1003	2026-03-17	09:02	17:35	8.50	present	\N	1000	2026-03-19 10:05:12.003	\N
1022	1005	2026-03-09	09:02	17:35	8.50	present	\N	1000	2026-03-19 10:05:12.003	\N
1023	1005	2026-03-10	09:02	17:35	8.50	present	\N	1000	2026-03-19 10:05:12.003	\N
1024	1005	2026-03-11	09:02	17:35	8.50	present	\N	1000	2026-03-19 10:05:12.003	\N
1025	1005	2026-03-12	\N	\N	0.00	absent	No clock-in recorded	1000	2026-03-19 10:05:12.003	\N
1026	1005	2026-03-13	09:02	17:35	8.50	present	\N	1000	2026-03-19 10:05:12.003	\N
1027	1005	2026-03-16	09:02	17:35	8.50	present	\N	1000	2026-03-19 10:05:12.003	\N
1028	1005	2026-03-17	09:02	17:35	8.50	present	\N	1000	2026-03-19 10:05:12.003	\N
1029	1007	2026-03-09	09:02	17:35	8.50	present	\N	1000	2026-03-19 10:05:12.003	\N
1031	1007	2026-03-11	09:02	17:35	8.50	present	\N	1000	2026-03-19 10:05:12.003	\N
1032	1007	2026-03-12	09:02	17:35	8.50	present	\N	1000	2026-03-19 10:05:12.003	\N
1033	1007	2026-03-13	09:02	17:35	8.50	present	\N	1000	2026-03-19 10:05:12.003	\N
1034	1007	2026-03-16	09:02	17:35	8.50	present	\N	1000	2026-03-19 10:05:12.003	\N
1036	1008	2026-03-09	09:02	17:35	8.50	present	\N	1000	2026-03-19 10:05:12.003	\N
1037	1008	2026-03-10	09:02	17:35	8.50	present	\N	1000	2026-03-19 10:05:12.003	\N
1038	1008	2026-03-11	09:02	17:35	8.50	present	\N	1000	2026-03-19 10:05:12.003	\N
1039	1008	2026-03-12	09:02	17:35	8.50	present	\N	1000	2026-03-19 10:05:12.003	\N
1040	1008	2026-03-13	09:02	17:35	8.50	present	\N	1000	2026-03-19 10:05:12.003	\N
1041	1008	2026-03-16	09:02	17:35	8.50	present	\N	1000	2026-03-19 10:05:12.003	\N
1042	1008	2026-03-17	09:02	17:35	8.50	present	\N	1000	2026-03-19 10:05:12.003	\N
1035	1007	2026-03-17	15:00	21:00	0.00	late	No clock-in recorded	1000	2026-03-19 10:05:12.003	2026-03-24 21:51:45.546
1030	1007	2026-03-10	08:06	17:09	0.00	present	\N	1000	2026-03-19 10:05:12.003	2026-04-05 12:58:54.679
1	2	2026-04-15	08:15	20:00	\N	late	no reason	1000	2026-04-15 17:18:24.732	2026-04-15 17:29:21.718
2	2	2026-04-17	08:00	20:00	\N	present	\N	1000	2026-04-17 03:03:02.243	\N
\.


--
-- Data for Name: hrm_award_types; Type: TABLE DATA; Schema: public; Owner: waterexpress_user
--

COPY public.hrm_award_types (id, name, description, created_by, created_at, updated_at) FROM stdin;
1001	Employee of the Month	Recognises outstanding performance in a calendar month	1000	2026-03-19 10:05:11.66	\N
1002	Innovation Award	Celebrates creative problem-solving and new ideas	1000	2026-03-19 10:05:11.66	\N
1003	Customer Champion	Awarded for exceptional client satisfaction scores	1000	2026-03-19 10:05:11.66	\N
1004	Team Player Award	Recognises outstanding collaboration and team spirit	1000	2026-03-19 10:05:11.66	\N
\.


--
-- Data for Name: hrm_awards; Type: TABLE DATA; Schema: public; Owner: waterexpress_user
--

COPY public.hrm_awards (id, employee_id, award_type_id, award_name, date, gift, cash_price, description, created_by, created_at, updated_at) FROM stdin;
1001	1001	1001	Employee of the Month – January 2026	2026-01-31	Amazon Gift Card	200.00	Outstanding delivery of the authentication module ahead of schedule.	1000	2026-03-19 10:05:12.177	\N
1002	1005	1002	Innovation Award Q1 2026	2026-03-31	Trophy	500.00	Introduced the automated lead scoring system that increased conversion by 18%.	1000	2026-03-19 10:05:12.177	\N
1003	1008	1003	Customer Champion – February 2026	2026-02-28	Restaurant Voucher	150.00	Received a 9.8/10 CSAT score across all handled tickets in February.	1000	2026-03-19 10:05:12.177	\N
1004	1002	1004	Team Player Award – Q1	2026-03-31	Team Outing Voucher	100.00	Consistently helped junior team members and ensured sprint goals were met.	1000	2026-03-19 10:05:12.177	\N
\.


--
-- Data for Name: hrm_branches; Type: TABLE DATA; Schema: public; Owner: waterexpress_user
--

COPY public.hrm_branches (id, name, description, phone, email, address, city, country, is_active, created_by, created_at, updated_at) FROM stdin;
1	Dallas Office	\N	+1-312-555-0001	chicago@paperflight.demo	500 Michigan Ave, Chicago, IL 60611	Chicago	USA	t	1000	2026-03-19 10:05:11.172	2026-03-30 06:28:22.762
\.


--
-- Data for Name: hrm_complaints; Type: TABLE DATA; Schema: public; Owner: waterexpress_user
--

COPY public.hrm_complaints (id, complainant_id, against_id, subject, description, date, status, created_by, created_at, updated_at) FROM stdin;
1001	1004	1006	Workplace Harassment Complaint	Employee EMP-1004 has raised a formal complaint regarding repeated dismissive comments made by EMP-1006 during team meetings.	2026-02-20	investigating	1000	2026-03-19 10:05:12.425	\N
1002	1009	1001	Unfair Task Distribution	Intern (EMP-1009) reports that tasks assigned are beyond the scope of the internship agreement and no mentoring support is provided.	2026-03-08	pending	1000	2026-03-19 10:05:12.425	\N
\.


--
-- Data for Name: hrm_departments; Type: TABLE DATA; Schema: public; Owner: waterexpress_user
--

COPY public.hrm_departments (id, name, description, branch_id, is_active, created_by, created_at, updated_at) FROM stdin;
9	Executive / Leadership Department 	Oversees company strategy, decision-making, and overall direction.	\N	t	1000	2026-03-29 20:33:15.385	\N
10	Operations Department	Manages daily operations, staffing, and service delivery.	\N	t	1000	2026-03-29 20:33:32.877	\N
11	Administration Department	Handles internal support, documentation, and office coordination.	\N	t	1000	2026-03-29 20:33:47.922	\N
12	Training & Development Department	Manages employee training, certifications, and compliance.	\N	t	1000	2026-03-29 20:34:04.439	\N
13	Client Support Department	Provides client onboarding, support, and issue resolution.	\N	t	1000	2026-03-29 20:34:24.962	\N
14	Health & Safety Department	Ensures safety standards, risk management, and regulatory compliance.	\N	t	1000	2026-03-29 20:34:43.809	\N
15	Security Department	Oversees security operations, policies, and threat management.	\N	t	1000	2026-03-29 20:35:04.355	\N
\.


--
-- Data for Name: hrm_designations; Type: TABLE DATA; Schema: public; Owner: waterexpress_user
--

COPY public.hrm_designations (id, name, description, department_id, is_active, created_by, created_at, updated_at) FROM stdin;
1	Administrative	Oversees daily office tasks, scheduling, and records.	\N	t	1000	2026-03-29 20:29:04.088	\N
2	Training Coordinator	Manages training programs and compliance tracking.	\N	t	1000	2026-03-29 20:29:24.093	\N
3	Client Support Specialist	Assists clients with onboarding and support.	\N	t	1000	2026-03-29 20:29:40.134	\N
4	Director of Operations	Leads operations, staffing, and performance.	\N	t	1000	2026-03-29 20:29:56.498	\N
5	Health & Safety Consultant	Ensures safety standards and compliance.	\N	t	1000	2026-03-29 20:30:14.755	\N
6	Administrative Assistant	Handles clerical tasks and coordination.	\N	t	1000	2026-03-29 20:30:31.217	\N
7	Global Director of Security	Oversees security strategy and risk management.	\N	t	1000	2026-03-29 20:30:47.974	\N
8	Owner	Directs overall business strategy and operations.	\N	t	1000	2026-03-29 20:31:01.414	\N
\.


--
-- Data for Name: hrm_documents; Type: TABLE DATA; Schema: public; Owner: waterexpress_user
--

COPY public.hrm_documents (id, employee_id, document_type, title, description, file_path, expiry_date, created_by, created_at, updated_at) FROM stdin;
1001	1001	contract	Employment Contract – Samantha Clarke	Original signed employment contract	/documents/emp-1001-contract.pdf	\N	1000	2026-03-19 10:05:12.758	\N
1002	1001	id	National ID – Samantha Clarke	Government issued identification	/documents/emp-1001-id.pdf	2030-03-12	1000	2026-03-19 10:05:12.758	\N
1003	1007	contract	Employment Contract – Natasha Müller	Original signed employment contract	/documents/emp-1007-contract.pdf	\N	1000	2026-03-19 10:05:12.758	\N
1004	1005	certification	AWS Solutions Architect Certificate	AWS Certified Solutions Architect – Professional	/documents/emp-1005-aws-cert.pdf	2027-06-01	1000	2026-03-19 10:05:12.758	\N
1005	1008	visa	Work Visa – Omar Hassan	H-1B work authorisation document	/documents/emp-1008-visa.pdf	2027-09-30	1000	2026-03-19 10:05:12.758	\N
1006	1003	certification	CIPD Level 5 Certificate	HR professional certification	/documents/emp-1003-cipd.pdf	2028-01-01	1000	2026-03-19 10:05:12.758	\N
\.


--
-- Data for Name: hrm_employees; Type: TABLE DATA; Schema: public; Owner: waterexpress_user
--

COPY public.hrm_employees (id, employee_id, first_name, last_name, email, phone, gender, date_of_birth, address, city, country, department_id, designation_id, branch_id, shift_id, manager_id, status, employee_type, work_type, joining_date, leaving_date, basic_salary, bank_name, bank_account_number, bank_branch_code, emergency_name, emergency_phone, profile_photo, notes, created_by, created_at, updated_at, user_id) FROM stdin;
1	\N	Lynn	Nicely	lnicely@me.com	9048267288	\N	\N	\N	\N	\N	\N	\N	\N	\N	\N	active	\N	\N	2026-03-18	\N	50.00	\N	\N	\N	\N	\N	\N	\N	1005	2026-03-18 19:10:07.979	\N	\N
2	\N	Lynn	Nicely	lnicely@me.com	9048267288	\N	\N	\N	\N	\N	\N	\N	1	\N	\N	active	\N	\N	2025-06-16	\N	\N	\N	\N	\N	\N	\N	\N	\N	1000	2026-03-29 20:09:30.071	\N	\N
1010	EMP-1010	Ethan	Brooks	e.brooks@paperflight.demo	+1-212-555-1010	male	1989-08-18	30 Rockefeller Plaza	New York	USA	\N	\N	\N	1004	\N	inactive	permanent	remote	2021-02-01	2025-12-31	6500.00	First National Bank	101010101	\N	Ann Brooks	+1-212-555-9010	\N	\N	1000	2026-03-19 10:05:11.742	\N	\N
5	\N	Test	Test	employeeregister@mailsac.com	2342342342	\N	\N	\N	\N	\N	\N	\N	\N	\N	\N	active	\N	\N	2026-04-08	\N	\N	\N	\N	\N	\N	\N	\N	\N	1028	2026-04-25 11:28:05.465	\N	1030
6	\N	Nick	Steele	\N	\N	\N	\N	\N	\N	\N	\N	\N	\N	\N	\N	active	\N	\N	2026-04-25	\N	\N	\N	\N	\N	\N	\N	\N	\N	1028	2026-04-25 12:45:22.823	\N	\N
1003	EMP-1003	Aisha	Patel	a.patel@paperflight.demo	+1-312-555-1003	female	1993-11-08	500 Michigan Ave	Chicago	USA	\N	\N	1	1002	\N	active	permanent	onsite	2020-06-01	\N	7200.00	Metro Business Bank	300400500	\N	Raj Patel	+1-312-555-9003	\N	\N	1000	2026-03-19 10:05:11.742	\N	1034
1009	EMP-1009	Grace	Thompson	g.thompson@paperflight.demo	+1-312-555-1009	female	1996-04-10	1000 Lake Shore Dr	Chicago	USA	\N	\N	1	1001	\N	active	intern	onsite	2025-09-01	\N	2800.00	Metro Business Bank	900100200	\N	Paul Thompson	+1-312-555-9009	\N	\N	1000	2026-03-19 10:05:11.742	\N	1035
1001	EMP-1001	Samantha	Clarke	s.clarke@paperflight.demo	+1-212-555-1001	female	1990-03-12	42 Park Ave	New York	USA	\N	\N	\N	1002	\N	active	permanent	onsite	2022-04-01	\N	8500.00	First National Bank	100200300	\N	David Clarke	+1-212-555-9001	\N	\N	1000	2026-03-19 10:05:11.742	\N	1036
1002	EMP-1002	Marcus	Rivera	m.rivera@paperflight.demo	+1-212-555-1002	male	1988-07-24	18 Broadway	New York	USA	\N	\N	\N	1002	\N	active	permanent	hybrid	2021-09-15	\N	6800.00	City Savings Bank	200300400	\N	Rosa Rivera	+1-212-555-9002	\N	\N	1000	2026-03-19 10:05:11.742	\N	1037
1004	EMP-1004	Tyler	Johnson	t.johnson@paperflight.demo	+1-312-555-1004	male	1995-05-17	220 Wacker Dr	Chicago	USA	\N	\N	1	1001	\N	active	permanent	onsite	2023-01-10	\N	4500.00	First National Bank	400500600	\N	Linda Johnson	+1-312-555-9004	\N	\N	1000	2026-03-19 10:05:11.742	\N	1038
1005	EMP-1005	Charlotte	Wong	c.wong@paperflight.demo	+1-212-555-1005	female	1987-09-30	77 Water St	New York	USA	\N	\N	\N	1002	\N	active	permanent	onsite	2019-08-01	\N	9200.00	City Savings Bank	500600700	\N	Kevin Wong	+1-212-555-9005	\N	\N	1000	2026-03-19 10:05:11.742	\N	1039
1006	EMP-1006	Daniel	Kim	d.kim@paperflight.demo	+1-312-555-1006	male	1992-02-14	350 North Clark St	Chicago	USA	\N	\N	1	1004	\N	active	contract	remote	2024-01-15	\N	5500.00	Metro Business Bank	600700800	\N	Sun Kim	+1-312-555-9006	\N	\N	1000	2026-03-19 10:05:11.742	\N	1040
1007	EMP-1007	Natasha	Müller	n.muller@paperflight.demo	+1-212-555-1007	female	1985-12-03	100 Wall St	New York	USA	\N	\N	\N	1002	\N	active	permanent	onsite	2018-03-01	\N	10500.00	First National Bank	700800900	\N	Hans Müller	+1-212-555-9007	\N	\N	1000	2026-03-19 10:05:11.742	\N	1041
1008	EMP-1008	Omar	Hassan	o.hassan@paperflight.demo	+1-212-555-1008	male	1991-06-22	55 Water St	New York	USA	\N	\N	\N	1002	\N	active	permanent	hybrid	2022-07-01	\N	7800.00	City Savings Bank	800900100	\N	Fatima Hassan	+1-212-555-9008	\N	\N	1000	2026-03-19 10:05:11.742	\N	1042
8	123	Umakant	Sonwani	emp3@mailsac.com	2342342432	\N	\N	\N	\N	\N	15	8	1	\N	\N	active	\N	\N	2025-12-11	\N	\N	\N	\N	\N	\N	\N	\N	Test	1000	2026-05-22 09:10:59.444	\N	1043
\.


--
-- Data for Name: hrm_events; Type: TABLE DATA; Schema: public; Owner: waterexpress_user
--

COPY public.hrm_events (id, title, description, start_at, end_at, location, is_active, created_by, created_at, updated_at) FROM stdin;
\.


--
-- Data for Name: hrm_holidays; Type: TABLE DATA; Schema: public; Owner: waterexpress_user
--

COPY public.hrm_holidays (id, name, date, description, is_active, created_by, created_at, updated_at) FROM stdin;
1001	New Year's Day	2026-01-01	New Year public holiday	t	1000	2026-03-19 10:05:11.578	\N
1002	Martin Luther King Jr. Day	2026-01-19	Federal public holiday	t	1000	2026-03-19 10:05:11.578	\N
1003	Presidents' Day	2026-02-16	Federal public holiday	t	1000	2026-03-19 10:05:11.578	\N
1004	Memorial Day	2026-05-25	Federal public holiday	t	1000	2026-03-19 10:05:11.578	\N
1005	Independence Day	2026-07-04	US Independence Day	t	1000	2026-03-19 10:05:11.578	\N
1006	Labor Day	2026-09-07	Federal public holiday	t	1000	2026-03-19 10:05:11.578	\N
1007	Thanksgiving Day	2026-11-26	Federal public holiday	t	1000	2026-03-19 10:05:11.578	\N
1008	Christmas Day	2026-12-25	Christmas public holiday	t	1000	2026-03-19 10:05:11.578	\N
1	Christmas	2026-12-25	\N	t	1028	2026-04-25 10:16:16.489	\N
\.


--
-- Data for Name: hrm_leave_applications; Type: TABLE DATA; Schema: public; Owner: waterexpress_user
--

COPY public.hrm_leave_applications (id, employee_id, leave_type_id, start_date, end_date, total_days, reason, status, approved_by_id, approved_at, created_by, created_at, updated_at) FROM stdin;
1001	1001	1001	2026-02-17	2026-02-21	5.0	Family vacation – pre-planned leave	approved	1000	2026-02-10 00:00:00	1000	2026-03-19 10:05:12.092	\N
1002	1002	1002	2026-03-03	2026-03-04	2.0	Flu – doctor's note provided	approved	1000	2026-03-03 00:00:00	1000	2026-03-19 10:05:12.092	\N
1003	1005	1001	2026-04-07	2026-04-11	5.0	Annual holiday to Europe	pending	\N	\N	1000	2026-03-19 10:05:12.092	\N
1004	1008	1004	2026-05-01	2026-05-10	10.0	Paternity leave – new baby	approved	1000	2026-04-20 00:00:00	1000	2026-03-19 10:05:12.092	\N
1005	1003	1002	2026-03-18	2026-03-18	1.0	Medical appointment	pending	\N	\N	1000	2026-03-19 10:05:12.092	\N
1006	1007	1001	2026-03-23	2026-03-27	5.0	Personal travel – annual leave	approved	1000	2026-03-10 00:00:00	1000	2026-03-19 10:05:12.092	\N
\.


--
-- Data for Name: hrm_leave_types; Type: TABLE DATA; Schema: public; Owner: waterexpress_user
--

COPY public.hrm_leave_types (id, name, days_allowed, leave_code, is_active, created_by, created_at, updated_at) FROM stdin;
1001	Annual Leave	21	AL	t	1000	2026-03-19 10:05:11.497	\N
1002	Sick Leave	14	SL	t	1000	2026-03-19 10:05:11.497	\N
1003	Maternity Leave	90	ML	t	1000	2026-03-19 10:05:11.497	\N
1004	Paternity Leave	10	PL	t	1000	2026-03-19 10:05:11.497	\N
1005	Unpaid Leave	30	UL	t	1000	2026-03-19 10:05:11.497	\N
\.


--
-- Data for Name: hrm_payrolls; Type: TABLE DATA; Schema: public; Owner: waterexpress_user
--

COPY public.hrm_payrolls (id, employee_id, month, year, basic_salary, allowances, overtime, bonus, deductions, tax, net_salary, status, payment_date, payment_method, notes, created_by, created_at, updated_at) FROM stdin;
1001	1001	1	2026	8500.00	1800.00	425.00	0.00	1275.00	850.00	8600.00	paid	2026-01-31	bank_transfer	January 2026 payroll	1000	2026-03-19 10:05:11.914	\N
1002	1002	1	2026	6800.00	1350.00	0.00	500.00	1020.00	680.00	6950.00	paid	2026-01-31	bank_transfer	January 2026 payroll + year-end bonus	1000	2026-03-19 10:05:11.914	\N
1003	1005	1	2026	9200.00	2600.00	0.00	1000.00	1380.00	920.00	10500.00	paid	2026-01-31	bank_transfer	January 2026 payroll + performance bonus	1000	2026-03-19 10:05:11.914	\N
1004	1001	2	2026	8500.00	1800.00	850.00	0.00	1275.00	850.00	9025.00	paid	2026-02-28	bank_transfer	February 2026 payroll with overtime	1000	2026-03-19 10:05:11.914	\N
1005	1007	1	2026	10500.00	3600.00	0.00	2000.00	1575.00	1050.00	13475.00	paid	2026-01-31	bank_transfer	January 2026 payroll + Q4 bonus	1000	2026-03-19 10:05:11.914	\N
1006	1002	2	2026	6800.00	1350.00	340.00	0.00	1020.00	680.00	6790.00	paid	2026-02-28	bank_transfer	February 2026	1000	2026-03-19 10:05:11.914	\N
1007	1003	2	2026	7200.00	1530.00	0.00	0.00	1080.00	720.00	6930.00	processing	2026-02-28	bank_transfer	February 2026	1000	2026-03-19 10:05:11.914	\N
1	1001	3	2026	35.00	0.00	0.00	0.00	0.00	0.00	35.00	pending	\N	\N	\N	1000	2026-03-29 17:41:21.845	\N
\.


--
-- Data for Name: hrm_promotions; Type: TABLE DATA; Schema: public; Owner: waterexpress_user
--

COPY public.hrm_promotions (id, employee_id, from_designation_id, to_designation_id, date, description, created_by, created_at, updated_at) FROM stdin;
1001	1002	\N	\N	2026-01-01	Promoted based on exceptional code quality and team leadership skills.	1000	2026-03-19 10:05:12.26	\N
1002	1004	\N	\N	2026-03-01	Promoted after successfully managing the Q4 recruitment drive independently.	1000	2026-03-19 10:05:12.26	\N
\.


--
-- Data for Name: hrm_resignations; Type: TABLE DATA; Schema: public; Owner: waterexpress_user
--

COPY public.hrm_resignations (id, employee_id, notice_date, resignation_date, reason, status, created_by, created_at, updated_at) FROM stdin;
1001	1010	2025-12-01	2025-12-31	Accepted a position at another company closer to home. Grateful for the opportunities provided.	approved	1000	2026-03-19 10:05:12.509	\N
1002	1006	2026-04-01	2026-04-30	Pursuing further education — enrolled in a full-time MBA programme.	pending	1000	2026-03-19 10:05:12.509	\N
\.


--
-- Data for Name: hrm_salary_allocations; Type: TABLE DATA; Schema: public; Owner: waterexpress_user
--

COPY public.hrm_salary_allocations (id, employee_id, basic_salary, allowances, deductions, net_salary, effective_date, created_by, created_at, updated_at) FROM stdin;
1001	1001	8500.00	{"meal": 200, "housing": 1200, "transport": 400}	{"tax": 850, "pension": 425}	9025.00	2026-01-01	1000	2026-03-19 10:05:11.83	\N
1002	1002	6800.00	{"meal": 150, "housing": 900, "transport": 300}	{"tax": 680, "pension": 340}	7130.00	2026-01-01	1000	2026-03-19 10:05:11.83	\N
1003	1003	7200.00	{"meal": 180, "housing": 1000, "transport": 350}	{"tax": 720, "pension": 360}	7650.00	2026-01-01	1000	2026-03-19 10:05:11.83	\N
1004	1005	9200.00	{"meal": 250, "housing": 1400, "transport": 450, "performance": 500}	{"tax": 920, "pension": 460}	10420.00	2026-01-01	1000	2026-03-19 10:05:11.83	\N
1005	1007	10500.00	{"meal": 300, "housing": 1800, "executive": 1000, "transport": 500}	{"tax": 1050, "pension": 525}	12525.00	2026-01-01	1000	2026-03-19 10:05:11.83	\N
\.


--
-- Data for Name: hrm_shifts; Type: TABLE DATA; Schema: public; Owner: waterexpress_user
--

COPY public.hrm_shifts (id, name, start_time, end_time, break_minutes, is_active, created_by, created_at, updated_at) FROM stdin;
1001	Morning Shift	08:00	16:00	60	t	1000	2026-03-19 10:05:11.417	\N
1002	Standard Office Hours	09:00	17:30	30	t	1000	2026-03-19 10:05:11.417	\N
1003	Evening Shift	14:00	22:00	60	t	1000	2026-03-19 10:05:11.417	\N
1004	Flexible Hours	10:00	18:30	30	t	1000	2026-03-19 10:05:11.417	\N
\.


--
-- Data for Name: hrm_terminations; Type: TABLE DATA; Schema: public; Owner: waterexpress_user
--

COPY public.hrm_terminations (id, employee_id, termination_type, notice_date, termination_date, reason, created_by, created_at, updated_at) FROM stdin;
1001	1010	voluntary	2025-12-01	2025-12-31	Employee resigned voluntarily. Termination processed after notice period.	1000	2026-03-19 10:05:12.591	\N
\.


--
-- Data for Name: hrm_transfers; Type: TABLE DATA; Schema: public; Owner: waterexpress_user
--

COPY public.hrm_transfers (id, employee_id, from_department_id, to_department_id, from_branch_id, to_branch_id, transfer_date, description, created_by, created_at, updated_at) FROM stdin;
1002	1009	\N	\N	1	1	2026-04-15	Intern transferred to Sales & Marketing based on interest and aptitude demonstrated during Q1.	1000	2026-03-19 10:05:12.674	\N
1001	1006	\N	\N	1	\N	2026-04-01	Transferred to Customer Success to leverage sales experience for client retention initiatives.	1000	2026-03-19 10:05:12.674	\N
\.


--
-- Data for Name: hrm_warnings; Type: TABLE DATA; Schema: public; Owner: waterexpress_user
--

COPY public.hrm_warnings (id, employee_id, subject, warning_date, description, created_by, created_at, updated_at) FROM stdin;
1001	1009	Late Arrival – First Warning	2026-02-10	Employee has been late by more than 30 minutes on 5 occasions in January. This constitutes a first formal warning under the attendance policy.	1000	2026-03-19 10:05:12.344	\N
1002	1006	Code of Conduct Violation	2026-03-05	Inappropriate communication in team Slack channels. Employee has been counselled and this written warning is being issued as per policy.	1000	2026-03-19 10:05:12.344	\N
\.


--
-- Data for Name: interview_feedbacks; Type: TABLE DATA; Schema: public; Owner: waterexpress_user
--

COPY public.interview_feedbacks (id, technical_rating, communication_rating, cultural_fit_rating, overall_rating, strengths, improvements, notes, recommendation, interview_id, evaluator_id, creator_id, created_by, created_at, updated_at) FROM stdin;
\.


--
-- Data for Name: interview_rounds; Type: TABLE DATA; Schema: public; Owner: waterexpress_user
--

COPY public.interview_rounds (id, name, sequence_number, description, status, job_id, creator_id, created_by, created_at, updated_at) FROM stdin;
2001	HR Screening	1	Initial HR screening call	1	2001	1000	1000	2026-03-19 10:05:14.192	2026-03-19 10:05:14.192
2002	Technical Round 1	2	Coding assessment	1	2001	1000	1000	2026-03-19 10:05:14.192	2026-03-19 10:05:14.192
2003	Final Interview	3	Culture fit and offer discussion	1	2001	1000	1000	2026-03-19 10:05:14.192	2026-03-19 10:05:14.192
2004	HR Screening	1	Initial HR call	1	2002	1000	1000	2026-03-19 10:05:14.192	2026-03-19 10:05:14.192
2005	Case Study Round	2	Product case study review	1	2002	1000	1000	2026-03-19 10:05:14.192	2026-03-19 10:05:14.192
1	Test	\N	\N	0	\N	1028	1028	2026-04-25 11:04:42.724	2026-04-25 11:04:42.724
\.


--
-- Data for Name: interview_types; Type: TABLE DATA; Schema: public; Owner: waterexpress_user
--

COPY public.interview_types (id, name, description, is_active, creator_id, created_by, created_at, updated_at) FROM stdin;
2001	Phone Screen	Initial phone screening	t	1000	1000	2026-03-19 10:05:13.866	2026-03-19 10:05:13.866
2002	Video Call	Virtual interview	t	1000	1000	2026-03-19 10:05:13.866	2026-03-19 10:05:13.866
2003	Technical Test	Coding / skills test	t	1000	1000	2026-03-19 10:05:13.866	2026-03-19 10:05:13.866
2004	On-Site	In-person interview	t	1000	1000	2026-03-19 10:05:13.866	2026-03-19 10:05:13.866
2005	Panel Interview	Interview with a panel	t	1000	1000	2026-03-19 10:05:13.866	2026-03-19 10:05:13.866
2	Test	Tests	f	1028	1028	2026-04-25 11:04:13.421	2026-04-25 11:04:13.421
\.


--
-- Data for Name: interviews; Type: TABLE DATA; Schema: public; Owner: waterexpress_user
--

COPY public.interviews (id, scheduled_date, scheduled_time, duration, location, meeting_link, interviewer_ids, status, feedback_submitted, candidate_id, job_id, round_id, interview_type_id, creator_id, created_by, created_at, updated_at) FROM stdin;
2001	2026-03-18	10:00	30	\N	https://meet.google.com/abc-def-ghi	\N	2	f	2001	2001	2001	2001	1000	1000	2026-03-19 10:05:14.358	2026-03-19 10:05:14.358
2002	2026-03-22	14:00	90	\N	https://meet.google.com/xyz-uvw-rst	\N	0	f	2001	2001	2002	2003	1000	1000	2026-03-19 10:05:14.358	2026-03-19 10:05:14.358
2003	2026-03-20	11:00	45	\N	https://zoom.us/j/123456789	\N	2	f	2003	2002	2004	2002	1000	1000	2026-03-19 10:05:14.358	2026-03-19 10:05:14.358
2004	2026-03-25	15:00	60	New York HQ - Room 3B	\N	\N	0	f	2003	2002	2005	2004	1000	1000	2026-03-19 10:05:14.358	2026-03-19 10:05:14.358
\.


--
-- Data for Name: job_locations; Type: TABLE DATA; Schema: public; Owner: waterexpress_user
--

COPY public.job_locations (id, name, remote_work, address, city, state, country, postal_code, status, creator_id, created_by, created_at, updated_at) FROM stdin;
2001	New York HQ	f	100 Main St	New York	NY	USA	10001	t	1000	1000	2026-03-19 10:05:13.946	2026-03-19 10:05:13.946
2002	San Francisco Office	f	500 Tech Ave	San Francisco	CA	USA	94105	t	1000	1000	2026-03-19 10:05:13.946	2026-03-19 10:05:13.946
2003	Remote (Worldwide)	t	\N	\N	\N	\N	\N	t	1000	1000	2026-03-19 10:05:13.946	2026-03-19 10:05:13.946
1	Florida	t	\N	\N	\N	\N	\N	f	1000	1000	2026-03-29 16:26:08.282	2026-03-29 16:26:33.852
2	Test	f	2400 Fulton Street	Brooklyn	NY	United States	11233	f	1028	1028	2026-04-25 11:03:48.704	2026-04-25 11:03:48.704
\.


--
-- Data for Name: job_postings; Type: TABLE DATA; Schema: public; Owner: waterexpress_user
--

COPY public.job_postings (id, code, posting_code, title, "position", priority, min_experience, max_experience, min_salary, max_salary, description, requirements, skills, benefits, terms_condition, show_terms_condition, application_deadline, is_published, publish_date, is_featured, status, job_application, application_url, applicant, visibility, custom_questions, branch_id, job_type_id, location_id, creator_id, created_by, created_at, updated_at) FROM stdin;
2001	JP2001	JPC-SENDEV	Senior Full-Stack Developer	2	2	4.0	8.0	90000.00	130000.00	We are looking for an experienced full-stack developer to join our product team.	React, Node.js, PostgreSQL, 4+ years experience	React, TypeScript, Node.js, SQL	Health insurance, 401k, Remote work	\N	f	2026-05-01	t	\N	t	1	existing	\N	\N	\N	\N	\N	2001	2003	1000	1000	2026-03-19 10:05:14.106	2026-03-19 10:05:14.106
2002	JP2002	JPC-PMGR01	Product Manager	1	1	3.0	7.0	80000.00	120000.00	Lead product discovery, roadmap planning, and cross-functional execution.	3+ years PM experience, agile methodology	Product strategy, JIRA, user research	Health insurance, stock options	\N	f	2026-04-15	t	\N	f	1	existing	\N	\N	\N	\N	\N	2001	2001	1000	1000	2026-03-19 10:05:14.106	2026-03-19 10:05:14.106
2003	JP2003	JPC-DEVOPS1	DevOps Engineer	1	1	2.0	5.0	75000.00	110000.00	Build and maintain CI/CD pipelines, cloud infrastructure, and monitoring systems.	AWS/GCP, Kubernetes, Docker, Terraform	Kubernetes, Docker, Terraform, CI/CD	Health insurance, flexible hours	\N	f	2026-04-30	t	\N	f	1	existing	\N	\N	\N	\N	\N	2001	2003	1000	1000	2026-03-19 10:05:14.106	2026-03-19 10:05:14.106
2004	JP2004	JPC-DSGN01	UI/UX Designer	1	0	2.0	5.0	65000.00	95000.00	Design user interfaces and experiences for our web and mobile products.	Figma, user research, 2+ years experience	Figma, Sketch, user research, prototyping	\N	\N	f	\N	f	\N	f	0	existing	\N	\N	\N	\N	\N	2001	2002	1000	1000	2026-03-19 10:05:14.106	2026-03-19 10:05:14.106
1	JP467878	JPC-QKKG5K	Hurricane Floirda	12	2	\N	\N	\N	\N	\N	\N	\N	\N	\N	f	2026-03-29	t	\N	t	1	existing	\N	\N	\N	\N	\N	2003	1	1000	1000	2026-03-29 16:24:27.88	2026-03-29 16:26:47.007
\.


--
-- Data for Name: job_types; Type: TABLE DATA; Schema: public; Owner: waterexpress_user
--

COPY public.job_types (id, name, description, is_active, creator_id, created_by, created_at, updated_at) FROM stdin;
2001	Full-Time	Standard full-time position	t	1000	1000	2026-03-19 10:05:13.704	2026-03-19 10:05:13.704
2002	Part-Time	Part-time flexible role	t	1000	1000	2026-03-19 10:05:13.704	2026-03-19 10:05:13.704
2003	Contract	Fixed-term contract	t	1000	1000	2026-03-19 10:05:13.704	2026-03-19 10:05:13.704
2004	Freelance	Project-based freelance work	t	1000	1000	2026-03-19 10:05:13.704	2026-03-19 10:05:13.704
2005	Internship	Student or graduate internship	t	1000	1000	2026-03-19 10:05:13.704	2026-03-19 10:05:13.704
1	Test	Test	t	1000	1000	2026-04-21 06:56:15.94	2026-04-21 06:56:15.94
2	Test	\N	f	1028	1028	2026-04-25 11:04:33.685	2026-04-25 11:04:33.685
\.


--
-- Data for Name: landing_page_settings; Type: TABLE DATA; Schema: public; Owner: waterexpress_user
--

COPY public.landing_page_settings (id, company_name, contact_email, contact_phone, contact_address, config_sections, created_at, updated_at) FROM stdin;
1	Paper Flight	support@paperflight.com	9999999999	123 Business Ave, City, State 12345	{"colors": {"accent": "#1e3a8a", "primary": "#3b82f6", "secondary": "#1d4ed8"}, "sections": {"cta": {"title": "Ready to Transform Your Business?", "variant": "cta1", "subtitle": "Join thousands of businesses already using WorkDo Dash to streamline their operations.", "primary_button": "Start Free Trial", "secondary_button": "Contact Sales", "primary_button_link": "/register", "secondary_button_link": "/login"}, "hero": {"image": "/packages/workdo/LandingPage/src/marketplace/hero.png", "title": "Transform Your Business with WorkDo Dash", "variant": "hero1", "subtitle": "The complete all-in-one business management solution that combines Project Management, Accounting, HRM, CRM, POS, and Product Management into a single powerful platform. Streamline operations, boost productivity, and grow your business with our integrated suite of tools.", "highlight_text": "WorkDo Dash", "primary_button_link": "/register", "primary_button_text": "Start Free Trial", "secondary_button_link": "/login", "secondary_button_text": "Login"}, "stats": {"stats": [{"label": "Businesses Trust Us", "value": "10,000+"}, {"label": "Uptime Guarantee", "value": "99.9%"}, {"label": "Customer Support", "value": "24/7"}, {"label": "Countries Worldwide", "value": "50+"}], "variant": "stats1"}, "addons": {"title": "Premium Addons", "per_page": 20, "subtitle": "Extend your WorkDo Dash with powerful premium modules designed to enhance your business operations", "show_sort": true, "show_price": true, "show_search": true, "card_variant": "card1", "empty_message": "No addons available. Check back later for new premium addons and modules.", "show_category": true, "default_price_type": "monthly"}, "footer": {"email": "support@workdodash.com", "phone": "+1 (555) 123-4567", "variant": "footer1", "description": "The complete business management solution for modern enterprisesThe complete business management solution for modern enterprises.", "show_contact": true, "copyright_text": "", "newsletter_title": "Join Our Community", "enable_newsletter": true, "navigation_sections": [{"links": [{"href": "#features", "text": "Features"}, {"href": "#pricing", "text": "Pricing"}, {"href": "#demo", "text": "Demo"}], "title": "Product"}, {"links": [{"href": "#about", "text": "About"}, {"href": "#contact", "text": "Contact"}, {"href": "#support", "text": "Support"}], "title": "Company"}], "newsletter_button_text": "Subscribe", "newsletter_description": "We build modern web tools to help you jump-start your daily business work."}, "header": {"variant": "header1", "cta_text": "Get Started", "company_name": "WorkDo Dash", "navigation_items": [{"href": "/", "text": "Home"}], "enable_addon_link": true, "enable_pricing_link": true}, "gallery": {"title": "See WorkDo Dash in Action", "images": ["/packages/workdo/LandingPage/src/marketplace/image1.png", "/packages/workdo/LandingPage/src/marketplace/image2.png", "/packages/workdo/LandingPage/src/marketplace/image3.png", "/packages/workdo/LandingPage/src/marketplace/image4.png"], "variant": "gallery1", "subtitle": "Explore our intuitive interface and powerful features through real screenshots of our platform"}, "modules": {"title": "Complete Business Solutions", "modules": [{"key": "taskly", "image": "/packages/workdo/LandingPage/src/marketplace/image1.png", "label": "Project", "title": "Project Management System", "description": "Organize and track projects efficiently with comprehensive project management tools. Manage tasks, milestones, and deadlines with team collaboration in one centralized platform. Track progress with Gantt charts and Kanban boards, assign tasks and set priorities, monitor project timelines and deliverables, and generate detailed project reports. Perfect for teams of any size."}, {"key": "account", "image": "/packages/workdo/LandingPage/src/marketplace/image2.png", "label": "Accounting", "title": "Complete Accounting & Financial Management", "description": "Streamline your financial operations with our comprehensive accounting system. Manage invoices, bills, and payments, track income and expenses, perform bank account reconciliation, and generate detailed financial reports. Professional invoice generation, vendor and customer management, tax calculations and compliance, with real-time financial analytics."}, {"key": "hrm", "image": "/packages/workdo/LandingPage/src/marketplace/image3.png", "label": "HRM", "title": "Human Resource Management System", "description": "Complete employee management solution for modern businesses. Manage employee records and profiles, attendance and leave management, payroll processing and automation, and performance evaluations. Handle department and designation management, recruitment process handling, employee benefits management, and comprehensive HR reporting."}, {"key": "lead", "image": "/packages/workdo/LandingPage/src/marketplace/image4.png", "label": "CRM", "title": "Customer Relationship Management", "description": "Build stronger customer relationships and boost sales with our powerful CRM system. Manage leads and contacts, track sales pipeline, handle deal and opportunity management, and monitor customer interaction tracking. Automate follow-ups, analyze sales performance, forecast revenue, and maintain customer communication history."}, {"key": "pos", "image": "/packages/workdo/LandingPage/src/marketplace/image5.png", "label": "POS", "title": "Point of Sale System", "description": "Fast, reliable point-of-sale solution for retail and service businesses. Process transactions quickly, manage inventory in real-time, handle multiple payment methods, and generate instant receipts. Track product stock, support barcode scanning, handle returns and exchanges, and generate comprehensive sales reports."}, {"key": "productservice", "image": "/packages/workdo/LandingPage/src/marketplace/image6.png", "label": "Product & Service", "title": "Product & Service Management", "description": "Efficiently manage your complete products and services catalog. Organize product categories, manage inventory levels, implement pricing strategies and variations, and handle product attributes. Manage stock across multiple locations, set up automated reorder points, track product performance, and maintain detailed product specifications."}], "variant": "modules1", "subtitle": "Discover our comprehensive modules designed to streamline every aspect of your business operations"}, "pricing": {"title": "Subscription Setting", "subtitle": "Choose the perfect subscription plan for your business needs", "empty_message": "No plans available. Check back later for new pricing plans.", "show_pre_package": true, "default_price_type": "monthly", "show_usage_subscription": true, "default_subscription_type": "pre-package", "show_monthly_yearly_toggle": true}, "benefits": {"title": "Why Choose WorkDo Dash?", "variant": "benefits1", "benefits": [{"title": "Complete Project Management", "description": "Organize and track all your projects in one place with powerful task management, team collaboration, and progress tracking tools."}, {"title": "Integrated Financial System", "description": "Manage your finances seamlessly with comprehensive accounting, invoicing, expense tracking, and real-time financial reporting."}, {"title": "Efficient HR Management", "description": "Streamline employee management with automated payroll, attendance tracking, leave management, and performance evaluation tools."}, {"title": "Powerful CRM Tools", "description": "Build stronger customer relationships with lead management, sales pipeline tracking, and automated follow-up systems."}, {"title": "Modern POS Solution", "description": "Process sales quickly with our intuitive point-of-sale system featuring inventory management and multiple payment options."}, {"title": "Scalable & Secure", "description": "Enterprise-grade security with cloud-based infrastructure that grows with your business needs and ensures data protection."}]}, "features": {"title": "Powerful Features", "variant": "features1", "features": [{"icon": "FolderOpen", "title": "Project Management", "description": "Organize and track projects efficiently. Manage tasks, milestones, and deadlines with team collaboration. Track progress with Gantt charts and Kanban boards."}, {"icon": "Calculator", "title": "Accounting", "description": "Manage finances with ease and accuracy. Handle invoices, bills, and payments. Track income and expenses and generate detailed financial reports."}, {"icon": "UserCheck", "title": "HRM", "description": "Simplify employee management and payroll. Manage employee records and profiles, attendance and leave management, and payroll processing automation."}, {"icon": "Users", "title": "CRM", "description": "Strengthen customer relationships and improve sales. Manage leads and contacts, track sales pipeline, and handle deal and opportunity management."}, {"icon": "CreditCard", "title": "POS", "description": "Fast and reliable point-of-sale solution. Process transactions quickly, manage inventory in real-time, and handle multiple payment methods."}, {"icon": "Package", "title": "Product & Service", "description": "Manage your products and services catalog efficiently. Organize product categories, manage inventory levels, and implement pricing strategies."}], "subtitle": "Everything your business needs in one integrated platform"}}, "section_order": ["header", "hero", "stats", "features", "modules", "benefits", "gallery", "cta", "footer"], "section_visibility": {"cta": true, "hero": true, "stats": true, "addons": true, "footer": true, "header": true, "gallery": true, "modules": true, "pricing": true, "benefits": true, "features": true}}	2026-03-09 15:25:44.142	2026-04-02 11:50:45.267
\.


--
-- Data for Name: lms_course_categories; Type: TABLE DATA; Schema: public; Owner: waterexpress_user
--

COPY public.lms_course_categories (id, organization_id, name, slug, description, sort_order, created_at, updated_at) FROM stdin;
1	1000	Web Development	pf-demo-lms-category-web-dev	Frontend, backend, and full-stack courses for modern web developers.	0	2026-05-25 11:28:44.897	\N
\.


--
-- Data for Name: lms_course_instructors; Type: TABLE DATA; Schema: public; Owner: waterexpress_user
--

COPY public.lms_course_instructors (id, organization_id, course_id, instructor_profile_id, role, is_primary, created_at, commission_percent) FROM stdin;
1	1000	1	2	lead	t	2026-05-25 11:28:45.247	15.00
2	1000	1	1	assistant	f	2026-05-25 11:28:45.253	10.00
3	1000	2	2	lead	t	2026-05-25 11:28:45.256	15.00
4	1000	2	1	assistant	f	2026-05-25 11:28:45.258	10.00
5	1000	3	2	lead	t	2026-05-25 11:28:45.267	15.00
6	1000	3	1	assistant	f	2026-05-25 11:28:45.269	10.00
7	1000	4	2	lead	t	2026-05-25 11:28:45.271	15.00
8	1000	4	1	assistant	f	2026-05-25 11:28:45.274	10.00
11	1000	7	1	\N	f	2026-05-28 10:21:31.27	\N
12	1000	7	2	\N	f	2026-05-28 10:21:31.272	\N
17	1000	8	1	assistant	t	2026-05-28 11:02:53.177	\N
18	1000	8	2	lead	f	2026-05-28 11:02:53.18	\N
\.


--
-- Data for Name: lms_course_lessons; Type: TABLE DATA; Schema: public; Owner: waterexpress_user
--

COPY public.lms_course_lessons (id, organization_id, course_id, section_id, title, lesson_type, body_text, video_url, video_metadata, live_starts_at, live_ends_at, external_live_url, duration_seconds, sort_order, is_published, created_at, updated_at) FROM stdin;
1	1000	1	1	How the web works	TEXT	<h2>Clients, servers, and HTTP</h2>\n<p>When you visit a website, your <strong>browser</strong> (the client) sends an HTTP request to a <strong>server</strong>. The server responds with HTML, CSS, JavaScript, images, and other assets. The browser parses HTML into the DOM, applies CSS, and runs JavaScript.</p>\n<ul>\n  <li><strong>HTML</strong> — structure and meaning</li>\n  <li><strong>CSS</strong> — presentation and layout</li>\n  <li><strong>JavaScript</strong> — behavior and interactivity</li>\n</ul>\n<p>In this course you will master the first two pillars before moving on to JavaScript in the next course.</p>	\N	\N	\N	\N	\N	\N	0	t	2026-05-25 11:28:44.928	\N
2	1000	1	1	Developer environment setup	TEXT	<h2>Tools you need</h2>\n<ol>\n  <li>Install <a href="https://code.visualstudio.com/" target="_blank" rel="noopener">VS Code</a> or your preferred editor.</li>\n  <li>Use a modern browser with DevTools (Chrome, Firefox, or Edge).</li>\n  <li>Create a project folder and open it in your editor.</li>\n  <li>Optional: install the Live Server extension for instant reload.</li>\n</ol>\n<p>Create <code>index.html</code>, open it in the browser, and verify you can edit and refresh. You are ready to code.</p>	\N	\N	\N	\N	\N	\N	1	t	2026-05-25 11:28:44.933	\N
3	1000	1	1	Introduction to HTML	VIDEO	<p>Watch this overview of HTML tags, attributes, and document structure. After the video, create a page with <code>&lt;header&gt;</code>, <code>&lt;main&gt;</code>, and <code>&lt;footer&gt;</code>.</p>	https://www.youtube.com/watch?v=qz0aGYrrlhU	\N	\N	\N	\N	\N	2	t	2026-05-25 11:28:44.955	\N
4	1000	1	2	Semantic HTML elements	TEXT	<h2>Write HTML that machines and humans understand</h2>\n<p>Prefer semantic elements instead of nesting many <code>&lt;div&gt;</code>s without meaning:</p>\n<pre>&lt;article&gt;\n  &lt;h1&gt;Blog post title&lt;/h1&gt;\n  &lt;p&gt;Published &lt;time datetime="2026-05-01"&gt;May 1, 2026&lt;/time&gt;&lt;/p&gt;\n  &lt;p&gt;Article body…&lt;/p&gt;\n&lt;/article&gt;</pre>\n<p>Use <code>&lt;nav&gt;</code>, <code>&lt;section&gt;</code>, <code>&lt;aside&gt;</code>, and heading levels (<code>h1</code>–<code>h6</code>) consistently for SEO and screen readers.</p>	\N	\N	\N	\N	\N	\N	0	t	2026-05-25 11:28:44.961	\N
5	1000	1	2	Forms and user input	TEXT	<h2>Collecting data in the browser</h2>\n<p>Forms use <code>&lt;form&gt;</code>, <code>&lt;label&gt;</code>, and input types (<code>text</code>, <code>email</code>, <code>password</code>, <code>checkbox</code>, <code>radio</code>, <code>select</code>).</p>\n<ul>\n  <li>Always associate labels with inputs via <code>for</code> / <code>id</code>.</li>\n  <li>Use <code>required</code>, <code>pattern</code>, and <code>minlength</code> for client-side validation.</li>\n  <li>Set <code>name</code> attributes — they become field names when the form is submitted.</li>\n</ul>\n<p><strong>Exercise:</strong> Build a contact form with name, email, message, and a submit button.</p>	\N	\N	\N	\N	\N	\N	1	t	2026-05-25 11:28:44.968	\N
6	1000	1	2	Accessibility essentials	TEXT	<h2>Build for everyone</h2>\n<ul>\n  <li>One <code>h1</code> per page; headings in order.</li>\n  <li>Alt text on images that convey information.</li>\n  <li>Sufficient color contrast (WCAG AA: 4.5:1 for body text).</li>\n  <li>Keyboard navigation: focus styles visible on links and buttons.</li>\n  <li>Use <code>aria-label</code> only when visible text is not possible.</li>\n</ul>\n<p>Test with Tab key only — can you reach every interactive element?</p>	\N	\N	\N	\N	\N	\N	2	t	2026-05-25 11:28:44.971	\N
7	1000	1	3	Selectors and the cascade	TEXT	<h2>How CSS applies styles</h2>\n<p>Specificity order: inline styles → IDs → classes/attributes → elements. Later rules win when specificity is equal.</p>\n<pre>/* Class + element */\n.card h2 { color: #1e40af; }\n\n/* Pseudo-class */\na:hover { text-decoration: underline; }</pre>\n<p>Use class names (BEM or utility-style) instead of deep nesting. Keep styles reusable.</p>	\N	\N	\N	\N	\N	\N	0	t	2026-05-25 11:28:44.977	\N
8	1000	1	3	Flexbox layout	VIDEO	<p>Flexbox is ideal for navigation bars, card rows, and vertical centering. Practice: build a header with logo left and menu links right using <code>display: flex</code> and <code>justify-content: space-between</code>.</p>	https://www.youtube.com/watch?v=fYq5PXgSsbE	\N	\N	\N	\N	\N	1	t	2026-05-25 11:28:44.98	\N
9	1000	1	3	CSS Grid for page layouts	TEXT	<h2>Two-dimensional layouts</h2>\n<pre>.page {\n  display: grid;\n  grid-template-columns: 240px 1fr;\n  grid-template-rows: auto 1fr auto;\n  min-height: 100vh;\n}</pre>\n<p>Combine Grid for page structure with Flexbox for components inside cells. Use <code>gap</code> instead of margins between grid items.</p>	\N	\N	\N	\N	\N	\N	2	t	2026-05-25 11:28:44.993	\N
10	1000	1	4	Mobile-first CSS	TEXT	<h2>Start small, enhance for larger screens</h2>\n<p>Write base styles for mobile, then add breakpoints with <code>@media (min-width: …)</code>.</p>\n<pre>@media (min-width: 768px) {\n  .grid { grid-template-columns: repeat(2, 1fr); }\n}</pre>\n<p>Use relative units: <code>rem</code> for typography, <code>%</code> and <code>fr</code> for layout, <code>max-width</code> on containers (~1200px).</p>	\N	\N	\N	\N	\N	\N	0	t	2026-05-25 11:28:45.006	\N
11	1000	1	4	Responsive images & media queries workshop	TEXT	<h2>Adapt content to viewport</h2>\n<pre>&lt;img src="hero-800.jpg" srcset="hero-400.jpg 400w, hero-800.jpg 800w, hero-1200.jpg 1200w" sizes="(max-width: 600px) 100vw, 50vw" alt="Team collaborating" /&gt;</pre>\n<p><strong>Project:</strong> Convert a fixed-width landing page to a responsive layout with a collapsible mobile nav.</p>	\N	\N	\N	\N	\N	\N	1	t	2026-05-25 11:28:45.014	\N
12	1000	1	4	CSS reference cheat sheet	PDF	<p>Download and keep this reference nearby while building layouts. Review Flexbox and Grid property lists weekly.</p>	https://www.w3.org/WAI/ER/tests/xhtml/testfiles/resources/pdf/dummy.pdf	\N	\N	\N	\N	\N	2	t	2026-05-25 11:28:45.017	\N
13	1000	2	5	Variables, types, and operators	TEXT	<h2>JavaScript building blocks</h2>\n<p>Use <code>const</code> by default, <code>let</code> when reassignment is needed. Avoid <code>var</code>.</p>\n<pre>const price = 19.99;\nlet quantity = 1;\nquantity += 1;\n\nconst label = `Total: $${(price * quantity).toFixed(2)}`;</pre>\n<p>Primitive types: <code>string</code>, <code>number</code>, <code>boolean</code>, <code>null</code>, <code>undefined</code>, <code>bigint</code>, <code>symbol</code>. Objects and arrays are reference types.</p>	\N	\N	\N	\N	\N	\N	0	t	2026-05-25 11:28:45.044	\N
14	1000	2	5	Functions and scope	TEXT	<h2>Reusable logic</h2>\n<pre>function greet(name) {\n  return `Hello, ${name}`;\n}\n\nconst double = (n) => n * 2;</pre>\n<p>Understand block scope, closures (functions that remember outer variables), and arrow functions for callbacks.</p>	\N	\N	\N	\N	\N	\N	1	t	2026-05-25 11:28:45.047	\N
15	1000	2	5	Control flow and arrays	VIDEO	<p>Practice <code>if/else</code>, <code>for…of</code>, and array methods: <code>map</code>, <code>filter</code>, <code>reduce</code>, <code>find</code>.</p>	https://www.youtube.com/watch?v=W6NZfZ5FjY8	\N	\N	\N	\N	\N	2	t	2026-05-25 11:28:45.054	\N
16	1000	2	6	Selecting and updating the DOM	TEXT	<h2>JavaScript meets HTML</h2>\n<pre>const btn = document.querySelector('#submit');\nconst list = document.querySelectorAll('.item');\n\nbtn.addEventListener('click', () =&gt; {\n  list.forEach(el =&gt; el.classList.toggle('done'));\n});</pre>\n<p>Prefer <code>textContent</code> over <code>innerHTML</code> for user data to prevent XSS.</p>	\N	\N	\N	\N	\N	\N	0	t	2026-05-25 11:28:45.058	\N
17	1000	2	6	Event delegation & forms in JS	TEXT	<h2>Handle dynamic content efficiently</h2>\n<p>Attach one listener on a parent and inspect <code>event.target</code> instead of binding every row.</p>\n<p>On form submit: call <code>event.preventDefault()</code>, read values with <code>FormData</code>, validate, then update the UI or call an API.</p>	\N	\N	\N	\N	\N	\N	1	t	2026-05-25 11:28:45.06	\N
18	1000	2	7	Promises and async/await	TEXT	<h2>Non-blocking code</h2>\n<pre>async function loadUsers() {\n  const res = await fetch('/api/users');\n  if (!res.ok) throw new Error('Request failed');\n  return res.json();\n}</pre>\n<p>Always handle errors with <code>try/catch</code>. Show loading and error states in the UI.</p>	\N	\N	\N	\N	\N	\N	0	t	2026-05-25 11:28:45.073	\N
19	1000	2	7	Working with REST APIs	TEXT	<h2>Fetch JSON from a server</h2>\n<p>Typical CRUD flow: GET list → render → POST create → PATCH update → DELETE remove.</p>\n<p><strong>Exercise:</strong> Build a todo list that loads from <code>jsonplaceholder.typicode.com/todos</code> and displays loading/error/empty states.</p>	\N	\N	\N	\N	\N	\N	1	t	2026-05-25 11:28:45.075	\N
20	1000	3	8	Components, props, and JSX	TEXT	<h2>UI as a function of state</h2>\n<pre>function Greeting({ name }) {\n  return &lt;h1&gt;Hello, {name}&lt;/h1&gt;;\n}</pre>\n<p>Break UIs into small, reusable components. Pass data down via props; keep components pure when possible.</p>	\N	\N	\N	\N	\N	\N	0	t	2026-05-25 11:28:45.095	\N
21	1000	3	8	State with useState and useEffect	VIDEO	<p>Learn when to lift state up, how effects sync with external systems, and why not every variable belongs in state.</p>	https://www.youtube.com/watch?v=SqcY0GlETPk	\N	\N	\N	\N	\N	1	t	2026-05-25 11:28:45.097	\N
22	1000	3	9	Custom hooks and context	TEXT	<h2>Share logic and global state</h2>\n<p>Extract repeated effect logic into <code>useSomething</code> hooks. Use Context for theme, auth, or locale — but avoid putting everything in one giant context.</p>	\N	\N	\N	\N	\N	\N	0	t	2026-05-25 11:28:45.107	\N
23	1000	3	9	Lists, keys, and performance basics	TEXT	<h2>Render collections correctly</h2>\n<p>Stable <code>key</code> props (IDs, not array index) help React reconcile lists. Memoize expensive calculations with <code>useMemo</code> and callbacks with <code>useCallback</code> only when profiling shows a need.</p>	\N	\N	\N	\N	\N	\N	1	t	2026-05-25 11:28:45.109	\N
24	1000	3	10	Routing, layouts, and server components	TEXT	<h2>File-system routing in Next.js</h2>\n<p><code>app/dashboard/page.tsx</code> maps to <code>/dashboard</code>. <code>layout.tsx</code> wraps nested routes. Server Components fetch data on the server by default — mark client interactivity with <code>"use client"</code>.</p>	\N	\N	\N	\N	\N	\N	0	t	2026-05-25 11:28:45.115	\N
25	1000	3	10	Data fetching and mutations	TEXT	<h2>Server actions and Route Handlers</h2>\n<p>Use async Server Components + <code>fetch</code> for reads. Use Server Actions or <code>app/api/.../route.ts</code> for writes. Validate input on the server always.</p>	\N	\N	\N	\N	\N	\N	1	t	2026-05-25 11:28:45.123	\N
26	1000	3	10	Deploying a Next.js app	TEXT	<h2>Ship to production</h2>\n<ol>\n  <li>Environment variables for secrets (<code>.env.local</code>).</li>\n  <li>Run <code>npm run build</code> locally to catch errors.</li>\n  <li>Deploy to Vercel, Docker, or Node hosting with <code>next start</code>.</li>\n  <li>Configure caching, image domains, and HTTPS.</li>\n</ol>	\N	\N	\N	\N	\N	\N	2	t	2026-05-25 11:28:45.131	\N
27	1000	4	11	Week 1 — Kickoff & project setup	LIVE_CLASS	<p>Live agenda: introductions, toolchain setup (Node, Git, VS Code), repo structure, and your first commit. Bring questions about HTML/CSS homework.</p>	\N	\N	2026-05-28 11:28:44.916	2026-05-28 12:58:44.916	https://meet.google.com/pf-webdev-bootcamp-w1	\N	0	t	2026-05-25 11:28:45.164	\N
28	1000	4	11	Week 2 — JavaScript deep dive & code review	LIVE_CLASS	<p>Review DOM projects live, refactor callbacks to async/await, and preview the React module.</p>	\N	\N	2026-06-04 11:28:44.916	2026-06-04 12:58:44.916	https://meet.google.com/pf-webdev-bootcamp-w2	\N	1	t	2026-05-25 11:28:45.168	\N
29	1000	5	12	Routing and middleware	TEXT	<h2>Structure an Express app</h2>\n<pre>app.get('/api/health', (_req, res) =&gt; res.json({ ok: true }));\n\napp.use('/api/users', usersRouter);</pre>\n<p>Middleware runs in order: logging, CORS, auth, then route handlers. Keep routers in separate files.</p>	\N	\N	\N	\N	\N	\N	0	t	2026-05-25 11:28:45.194	\N
30	1000	5	12	Validation and error handling	TEXT	<h2>Consistent API responses</h2>\n<p>Return <code>{ ok: true, data }</code> or <code>{ ok: false, message }</code> with proper HTTP status codes. Validate bodies with Zod or similar before touching the database.</p>	\N	\N	\N	\N	\N	\N	1	t	2026-05-25 11:28:45.196	\N
31	1000	5	13	JWT authentication flow	TEXT	<h2>Stateless sessions</h2>\n<ol>\n  <li>POST <code>/login</code> verifies credentials.</li>\n  <li>Server signs a JWT with a secret; client stores in httpOnly cookie.</li>\n  <li>Protected routes verify the token middleware.</li>\n</ol>\n<p>Never store passwords in plain text — use bcrypt with a work factor ≥ 10.</p>	\N	\N	\N	\N	\N	\N	0	t	2026-05-25 11:28:45.205	\N
32	1000	5	13	Prisma & PostgreSQL patterns	TEXT	<h2>Data access layer</h2>\n<p>Define models in <code>schema.prisma</code>, migrate with <code>prisma migrate</code>, query with type-safe client. Use transactions for multi-step writes.</p>	\N	\N	\N	\N	\N	\N	1	t	2026-05-25 11:28:45.208	\N
33	1000	6	14	Course outline (draft)	TEXT	<p>Modules on types, interfaces, and tooling will be published here.</p>	\N	\N	\N	\N	\N	\N	0	f	2026-05-25 11:28:45.239	\N
\.


--
-- Data for Name: lms_course_revenue_records; Type: TABLE DATA; Schema: public; Owner: waterexpress_user
--

COPY public.lms_course_revenue_records (id, organization_id, course_id, source, gross_amount, currency, storefront_order_id, enrollment_id, accounting_revenue_id, recorded_at, created_at) FROM stdin;
1	1000	3	MANUAL	149.0000	USD	\N	6	\N	2026-05-25 11:28:45.339	2026-05-25 11:28:45.463
\.


--
-- Data for Name: lms_course_reviews; Type: TABLE DATA; Schema: public; Owner: waterexpress_user
--

COPY public.lms_course_reviews (id, organization_id, course_id, student_user_id, enrollment_id, rating, body, status, moderated_by_id, moderated_at, created_at, updated_at) FROM stdin;
1	1000	1	1001	1	5	Clear explanations of Flexbox and Grid — exactly what I needed to start building layouts.	APPROVED	1000	2026-05-25 11:28:45.339	2026-05-25 11:28:45.446	\N
2	1000	1	1012	\N	4	Solid HTML/CSS foundation. Looking forward to the JavaScript follow-up course.	PENDING	\N	\N	2026-05-25 11:28:45.452	\N
\.


--
-- Data for Name: lms_course_sections; Type: TABLE DATA; Schema: public; Owner: waterexpress_user
--

COPY public.lms_course_sections (id, organization_id, course_id, title, description, sort_order, created_at, updated_at) FROM stdin;
1	1000	1	The web platform	\N	0	2026-05-25 11:28:44.923	\N
2	1000	1	HTML structure & semantics	\N	1	2026-05-25 11:28:44.958	\N
3	1000	1	CSS layout & styling	\N	2	2026-05-25 11:28:44.973	\N
4	1000	1	Responsive design	\N	3	2026-05-25 11:28:44.998	\N
5	1000	2	Language fundamentals	\N	0	2026-05-25 11:28:45.042	\N
6	1000	2	DOM & events	\N	1	2026-05-25 11:28:45.056	\N
7	1000	2	Async JavaScript	\N	2	2026-05-25 11:28:45.07	\N
8	1000	3	React fundamentals	\N	0	2026-05-25 11:28:45.089	\N
9	1000	3	Hooks & patterns	\N	1	2026-05-25 11:28:45.1	\N
10	1000	3	Next.js App Router	\N	2	2026-05-25 11:28:45.112	\N
11	1000	4	Live cohort sessions	\N	0	2026-05-25 11:28:45.162	\N
12	1000	5	Express fundamentals	\N	0	2026-05-25 11:28:45.192	\N
13	1000	5	Auth & databases	\N	1	2026-05-25 11:28:45.203	\N
14	1000	6	Coming soon	\N	0	2026-05-25 11:28:45.234	\N
15	1000	4	New module	\N	1	2026-05-25 16:22:22.544	\N
\.


--
-- Data for Name: lms_course_tag_on_course; Type: TABLE DATA; Schema: public; Owner: waterexpress_user
--

COPY public.lms_course_tag_on_course (organization_id, course_id, tag_id, created_at) FROM stdin;
1000	1	5	2026-05-25 11:28:45.019
1000	1	1	2026-05-25 11:28:45.027
1000	2	2	2026-05-25 11:28:45.078
1000	2	1	2026-05-25 11:28:45.082
1000	3	3	2026-05-25 11:28:45.133
1000	3	2	2026-05-25 11:28:45.147
1000	3	1	2026-05-25 11:28:45.152
1000	4	1	2026-05-25 11:28:45.172
1000	4	4	2026-05-25 11:28:45.177
1000	4	5	2026-05-25 11:28:45.179
1000	5	4	2026-05-25 11:28:45.214
1000	5	2	2026-05-25 11:28:45.225
1000	6	2	2026-05-25 11:28:45.242
\.


--
-- Data for Name: lms_course_tags; Type: TABLE DATA; Schema: public; Owner: waterexpress_user
--

COPY public.lms_course_tags (id, organization_id, name, slug, created_at, updated_at) FROM stdin;
1	1000	Frontend	pf-demo-lms-tag-frontend	2026-05-25 11:28:44.901	\N
2	1000	JavaScript	pf-demo-lms-tag-javascript	2026-05-25 11:28:44.905	\N
3	1000	React	pf-demo-lms-tag-react	2026-05-25 11:28:44.907	\N
4	1000	Backend	pf-demo-lms-tag-backend	2026-05-25 11:28:44.909	\N
5	1000	Beginner	pf-demo-lms-tag-beginner	2026-05-25 11:28:44.91	\N
\.


--
-- Data for Name: lms_courses; Type: TABLE DATA; Schema: public; Owner: waterexpress_user
--

COPY public.lms_courses (id, organization_id, category_id, title, slug, description, delivery_type, is_public, capacity, access_starts_at, access_ends_at, status, created_by_id, updated_by_id, created_at, updated_at, cover_image_url, sale_price, sale_currency, linked_pos_product_id) FROM stdin;
1	1000	1	HTML & CSS Fundamentals	pf-demo-lms-html-css-fundamentals	Build your first web pages from scratch. Learn semantic HTML, modern CSS layout (Flexbox and Grid), responsive design, and accessibility basics — the foundation every web developer needs.	VIDEO	t	\N	\N	\N	PUBLISHED	1000	\N	2026-05-25 11:28:44.918	\N	\N	\N	USD	\N
2	1000	1	JavaScript for Web Developers	pf-demo-lms-javascript-essentials	Master JavaScript from variables and functions through DOM manipulation, events, and async programming with fetch and Promises — everything you need before learning React.	VIDEO	t	\N	\N	\N	PUBLISHED	1000	\N	2026-05-25 11:28:45.036	\N	\N	\N	USD	\N
3	1000	1	React & Next.js Development	pf-demo-lms-react-nextjs	Build production-ready UIs with React 19 and Next.js App Router: components, hooks, server components, data fetching, forms, and deployment patterns used in modern full-stack teams.	VIDEO	t	\N	\N	\N	PUBLISHED	1000	\N	2026-05-25 11:28:45.085	\N	\N	149.0000	USD	\N
4	1000	1	Full-Stack Web Development Bootcamp (Live)	pf-demo-lms-fullstack-bootcamp-live	Live cohort experience: pair programming, code reviews, and Q&A sessions covering HTML/CSS, JavaScript, React, and Node.js. Includes scheduled Google Meet sessions with your instructor.	LIVE_CLASS	t	\N	\N	\N	PUBLISHED	1000	\N	2026-05-25 11:28:45.159	\N	\N	\N	USD	\N
5	1000	1	Node.js & REST API Design	pf-demo-lms-nodejs-rest-apis	Private track for enrolled developers: Express.js, REST conventions, JWT authentication, PostgreSQL with Prisma, validation, and error handling — build APIs that frontends and mobile apps can trust.	TEXT	f	\N	\N	\N	PUBLISHED	1000	\N	2026-05-25 11:28:45.182	\N	\N	\N	USD	\N
6	1000	1	TypeScript for Production Apps	pf-demo-lms-typescript-draft	Upcoming course: strict typing, generics, utility types, and integrating TypeScript into React and Node codebases. Enrollments opening soon.	VIDEO	f	\N	\N	\N	DRAFT	1000	\N	2026-05-25 11:28:45.23	\N	\N	\N	USD	\N
7	1000	\N	Test	test	test	VIDEO	t	\N	2026-05-14 10:21:00	2026-05-31 10:21:00	PUBLISHED	1000	1000	2026-05-28 10:21:09.5	\N	\N	10.0000	USD	\N
8	1000	1	Test Course	test-course	Testing about courses	TEXT	t	5	2026-05-27 10:46:00	2026-05-28 10:46:00	PUBLISHED	1000	1000	2026-05-28 10:57:04.261	\N	\N	10.0000	USD	\N
\.


--
-- Data for Name: lms_enrollments; Type: TABLE DATA; Schema: public; Owner: waterexpress_user
--

COPY public.lms_enrollments (id, organization_id, course_id, student_user_id, instructor_user_id, status, enrolled_at, access_starts_at, access_ends_at, completed_at, created_at, updated_at, storefront_order_id, crm_customer_id, purchase_kind, student_subscription_id) FROM stdin;
1	1000	1	1001	1010	ACTIVE	2026-05-25 11:28:45.278	\N	\N	\N	2026-05-25 11:28:45.278	\N	\N	\N	FREE	\N
2	1000	4	1001	1010	ACTIVE	2026-05-25 11:28:45.285	\N	\N	\N	2026-05-25 11:28:45.285	\N	\N	\N	FREE	\N
3	1000	5	1001	1010	ACTIVE	2026-05-25 11:28:45.291	\N	\N	\N	2026-05-25 11:28:45.291	\N	\N	\N	FREE	\N
4	1000	2	1001	1010	ACTIVE	2026-05-25 11:28:45.294	\N	\N	\N	2026-05-25 11:28:45.294	\N	\N	\N	FREE	\N
5	1000	1	1012	1010	ACTIVE	2026-05-25 11:28:45.301	\N	\N	\N	2026-05-25 11:28:45.301	\N	\N	\N	FREE	\N
6	1000	3	1012	1010	ACTIVE	2026-05-25 11:28:45.305	\N	\N	\N	2026-05-25 11:28:45.305	\N	\N	\N	MANUAL	\N
7	1000	1	1000	1010	ACTIVE	2026-05-25 11:28:45.31	\N	\N	\N	2026-05-25 11:28:45.31	\N	\N	\N	COMPED	\N
8	1000	1	1044	1010	ACTIVE	2026-05-25 11:28:45.316	\N	\N	\N	2026-05-25 11:28:45.316	\N	\N	\N	FREE	\N
9	1000	4	1044	1010	ACTIVE	2026-05-25 11:28:45.322	\N	\N	\N	2026-05-25 11:28:45.322	\N	\N	\N	FREE	\N
11	1000	3	1045	1010	ACTIVE	2026-05-25 11:28:45.333	\N	\N	\N	2026-05-25 11:28:45.333	\N	\N	\N	MANUAL	\N
10	1000	1	1045	1010	ACTIVE	2026-05-25 11:28:45.328	\N	\N	\N	2026-05-25 11:28:45.328	\N	\N	\N	FREE	\N
12	1000	8	1045	\N	ACTIVE	2026-05-28 10:58:16.366	2026-05-27 10:46:00	2026-05-28 10:46:00	\N	2026-05-28 10:58:16.366	\N	\N	\N	MANUAL	\N
\.


--
-- Data for Name: lms_instructor_commissions; Type: TABLE DATA; Schema: public; Owner: waterexpress_user
--

COPY public.lms_instructor_commissions (id, organization_id, instructor_profile_id, course_id, revenue_record_id, commission_percent, commission_amount, currency, status, accounting_expense_id, payout_id, created_at, updated_at) FROM stdin;
1	1000	2	3	1	15.00	22.3500	USD	PAID	\N	1	2026-05-25 11:28:45.473	\N
\.


--
-- Data for Name: lms_instructor_payouts; Type: TABLE DATA; Schema: public; Owner: waterexpress_user
--

COPY public.lms_instructor_payouts (id, organization_id, instructor_profile_id, total_amount, currency, status, period_start, period_end, paid_at, notes, accounting_expense_id, created_at, updated_at) FROM stdin;
1	1000	2	22.3500	USD	PAID	2026-04-25 11:28:45.479	2026-05-24 11:28:45.479	2026-05-24 11:28:45.481	Demo payout (seed)	\N	2026-05-25 11:28:45.482	\N
\.


--
-- Data for Name: lms_instructor_profiles; Type: TABLE DATA; Schema: public; Owner: waterexpress_user
--

COPY public.lms_instructor_profiles (id, organization_id, user_id, display_name, headline, bio, is_active, created_at, updated_at, avatar_url, expertise, commission_percent) FROM stdin;
1	1000	1046	Alex Rivera	Full-stack instructor & live cohort lead	Alex teaches React, Node.js, and live bootcamp sessions. Portal login for instructor dashboard and impersonation tests.	t	2026-05-25 11:28:44.912	\N	\N	["React", "Node.js", "Live instruction"]	10.00
2	1000	1010	Sarah Johnson	Senior web development instructor	Sarah leads HTML, CSS, JavaScript, and Next.js tracks with 10+ years teaching professional developers.	t	2026-05-25 11:28:44.915	\N	\N	["HTML/CSS", "JavaScript", "Next.js", "Training"]	15.00
\.


--
-- Data for Name: lms_lesson_progress; Type: TABLE DATA; Schema: public; Owner: waterexpress_user
--

COPY public.lms_lesson_progress (id, organization_id, enrollment_id, lesson_id, completed_at, last_engaged_at, created_at, updated_at) FROM stdin;
1	1000	1	1	2026-05-25 11:28:45.339	2026-05-25 11:28:45.339	2026-05-25 11:28:45.341	\N
2	1000	1	2	\N	2026-05-25 11:28:45.339	2026-05-25 11:28:45.35	\N
3	1000	10	1	\N	2026-05-26 14:13:06.548	2026-05-26 14:13:06.548	\N
\.


--
-- Data for Name: lms_live_attendance; Type: TABLE DATA; Schema: public; Owner: waterexpress_user
--

COPY public.lms_live_attendance (id, organization_id, session_id, enrollment_id, status, joined_at, marked_at, marked_by_id, notes, created_at, updated_at) FROM stdin;
1	1000	1	2	REGISTERED	\N	\N	\N	\N	2026-05-25 11:28:45.378	\N
2	1000	2	2	ATTENDED	2026-05-18 11:28:45.388	\N	\N	\N	2026-05-25 11:28:45.39	\N
\.


--
-- Data for Name: lms_live_sessions; Type: TABLE DATA; Schema: public; Owner: waterexpress_user
--

COPY public.lms_live_sessions (id, organization_id, course_id, course_lesson_id, title, description, starts_at, ends_at, meeting_provider, meeting_url, capacity, status, created_by_id, created_at, updated_at, google_calendar_event_id) FROM stdin;
1	1000	4	27	Web Dev Bootcamp — Week 1 kickoff	Live cohort kickoff: environment setup, Git workflow, and HTML/CSS review.	2026-05-28 11:28:44.916	2026-05-28 12:58:44.916	GOOGLE_MEET	https://meet.google.com/pf-webdev-bootcamp-w1	50	SCHEDULED	1010	2026-05-25 11:28:45.361	\N	\N
2	1000	4	\N	Web Dev Bootcamp — Orientation recap	Recorded recap from the previous cohort orientation.	2026-05-18 11:28:45.368	2026-05-18 11:28:45.368	ZOOM	https://zoom.us/j/pf-webdev-recap	\N	COMPLETED	1010	2026-05-25 11:28:45.37	\N	\N
\.


--
-- Data for Name: lms_notification_logs; Type: TABLE DATA; Schema: public; Owner: waterexpress_user
--

COPY public.lms_notification_logs (id, organization_id, template_key, channel, user_id, reference_type, reference_id, created_at) FROM stdin;
\.


--
-- Data for Name: lms_student_subscriptions; Type: TABLE DATA; Schema: public; Owner: waterexpress_user
--

COPY public.lms_student_subscriptions (id, organization_id, plan_id, student_user_id, status, billing_period, current_period_start, current_period_end, cancelled_at, storefront_order_id, created_at, updated_at) FROM stdin;
1	1000	1	1001	ACTIVE	MONTHLY	2026-05-10 11:28:45.433	2026-06-09 11:28:45.433	\N	\N	2026-05-25 11:28:45.439	\N
\.


--
-- Data for Name: lms_subscription_plan_courses; Type: TABLE DATA; Schema: public; Owner: waterexpress_user
--

COPY public.lms_subscription_plan_courses (id, organization_id, plan_id, course_id, created_at) FROM stdin;
1	1000	1	1	2026-05-25 11:28:45.405
2	1000	1	2	2026-05-25 11:28:45.413
3	1000	1	3	2026-05-25 11:28:45.424
\.


--
-- Data for Name: lms_subscription_plans; Type: TABLE DATA; Schema: public; Owner: waterexpress_user
--

COPY public.lms_subscription_plans (id, organization_id, name, description, status, free_plan, package_price_monthly, package_price_yearly, trial, trial_days, linked_pos_product_id, created_at, updated_at) FROM stdin;
1	1000	Web Developer All-Access	HTML/CSS, JavaScript, and React & Next.js courses included.	t	f	39.00	390.00	t	14	\N	2026-05-25 11:28:45.4	\N
\.


--
-- Data for Name: lms_user_calendar_event_links; Type: TABLE DATA; Schema: public; Owner: waterexpress_user
--

COPY public.lms_user_calendar_event_links (id, user_id, session_id, google_event_id, google_calendar_id, created_at, updated_at) FROM stdin;
\.


--
-- Data for Name: login_histories; Type: TABLE DATA; Schema: public; Owner: waterexpress_user
--

COPY public.login_histories (id, user_id, ip, date, details, type, created_by, created_at, updated_at) FROM stdin;
1	1	103.110.48.47	2026-04-10	{"success": true, "user_agent": "Mozilla/5.0 (Windows NT 10.0; Win64; x64) AppleWebKit/537.36 (KHTML, like Gecko) Chrome/146.0.0.0 Safari/537.36"}	login	\N	2026-04-10 11:13:31.77	\N
2	1	103.110.48.47	2026-04-10	{"success": true, "user_agent": "Mozilla/5.0 (Windows NT 10.0; Win64; x64) AppleWebKit/537.36 (KHTML, like Gecko) Chrome/146.0.0.0 Safari/537.36"}	login	\N	2026-04-10 16:57:12.727	\N
3	1	103.110.48.47	2026-04-10	{"success": true, "user_agent": "Mozilla/5.0 (Windows NT 10.0; Win64; x64) AppleWebKit/537.36 (KHTML, like Gecko) Chrome/146.0.0.0 Safari/537.36"}	login	\N	2026-04-10 22:30:31.418	\N
4	1	103.110.48.47	2026-04-11	{"success": true, "user_agent": "Mozilla/5.0 (Windows NT 10.0; Win64; x64) AppleWebKit/537.36 (KHTML, like Gecko) Chrome/146.0.0.0 Safari/537.36"}	login	\N	2026-04-11 06:13:18.597	\N
5	1	103.110.48.47	2026-04-11	{"success": true, "user_agent": "Mozilla/5.0 (Windows NT 10.0; Win64; x64) AppleWebKit/537.36 (KHTML, like Gecko) Chrome/146.0.0.0 Safari/537.36"}	login	\N	2026-04-11 14:13:54.332	\N
6	1	103.110.48.56	2026-04-13	{"success": true, "user_agent": "Mozilla/5.0 (Windows NT 10.0; Win64; x64) AppleWebKit/537.36 (KHTML, like Gecko) Chrome/146.0.0.0 Safari/537.36"}	login	\N	2026-04-13 03:19:26.96	\N
7	1	103.110.48.56	2026-04-13	{"success": true, "user_agent": "Mozilla/5.0 (Windows NT 10.0; Win64; x64) AppleWebKit/537.36 (KHTML, like Gecko) Chrome/146.0.0.0 Safari/537.36"}	login	\N	2026-04-13 03:22:31.032	\N
8	1	103.110.48.56	2026-04-13	{"success": true, "user_agent": "Mozilla/5.0 (Windows NT 10.0; Win64; x64) AppleWebKit/537.36 (KHTML, like Gecko) Chrome/146.0.0.0 Safari/537.36"}	login	\N	2026-04-13 03:22:55.767	\N
9	1	165.225.124.87	2026-04-13	{"success": true, "user_agent": "Mozilla/5.0 (Windows NT 10.0; Win64; x64) AppleWebKit/537.36 (KHTML, like Gecko) Chrome/146.0.0.0 Safari/537.36 Edg/146.0.0.0"}	login	\N	2026-04-13 07:21:11.908	\N
10	1	103.110.48.56	2026-04-13	{"success": true, "user_agent": "Mozilla/5.0 (Windows NT 10.0; Win64; x64) AppleWebKit/537.36 (KHTML, like Gecko) Chrome/146.0.0.0 Safari/537.36"}	login	\N	2026-04-13 09:41:40.875	\N
11	1	103.110.48.56	2026-04-13	{"success": true, "user_agent": "Mozilla/5.0 (Windows NT 10.0; Win64; x64) AppleWebKit/537.36 (KHTML, like Gecko) Chrome/146.0.0.0 Safari/537.36"}	login	\N	2026-04-13 14:58:54.749	\N
12	1	103.110.48.56	2026-04-13	{"success": true, "user_agent": "Mozilla/5.0 (Windows NT 10.0; Win64; x64) AppleWebKit/537.36 (KHTML, like Gecko) Chrome/146.0.0.0 Safari/537.36"}	login	\N	2026-04-13 15:49:25.017	\N
13	1	174.227.254.72	2026-04-13	{"success": true, "user_agent": "Mozilla/5.0 (Macintosh; Intel Mac OS X 10_15_7) AppleWebKit/605.1.15 (KHTML, like Gecko) Version/26.4 Safari/605.1.15"}	login	\N	2026-04-13 16:05:28.916	\N
14	1	103.110.48.56	2026-04-14	{"success": true, "user_agent": "Mozilla/5.0 (Windows NT 10.0; Win64; x64) AppleWebKit/537.36 (KHTML, like Gecko) Chrome/146.0.0.0 Safari/537.36"}	login	\N	2026-04-14 06:18:07.348	\N
15	1	103.110.48.56	2026-04-14	{"success": true, "user_agent": "Mozilla/5.0 (Windows NT 10.0; Win64; x64) AppleWebKit/537.36 (KHTML, like Gecko) Chrome/146.0.0.0 Safari/537.36"}	login	\N	2026-04-14 06:35:02.743	\N
16	1	103.110.48.56	2026-04-14	{"success": true, "user_agent": "Mozilla/5.0 (Windows NT 10.0; Win64; x64) AppleWebKit/537.36 (KHTML, like Gecko) Chrome/146.0.0.0 Safari/537.36"}	login	\N	2026-04-14 06:41:15.487	\N
17	1	103.110.48.56	2026-04-14	{"success": true, "user_agent": "Mozilla/5.0 (Windows NT 10.0; Win64; x64) AppleWebKit/537.36 (KHTML, like Gecko) Chrome/146.0.0.0 Safari/537.36"}	login	\N	2026-04-14 07:28:14.941	\N
18	1	103.110.48.56	2026-04-14	{"success": true, "user_agent": "Mozilla/5.0 (Windows NT 10.0; Win64; x64) AppleWebKit/537.36 (KHTML, like Gecko) Chrome/146.0.0.0 Safari/537.36"}	login	\N	2026-04-14 09:26:55.998	\N
19	1	103.110.48.56	2026-04-14	{"success": true, "user_agent": "Mozilla/5.0 (Windows NT 10.0; Win64; x64) AppleWebKit/537.36 (KHTML, like Gecko) Chrome/146.0.0.0 Safari/537.36"}	login	\N	2026-04-14 09:59:13.714	\N
20	1	72.20.140.51	2026-04-14	{"success": true, "user_agent": "Mozilla/5.0 (Macintosh; Intel Mac OS X 10_15_7) AppleWebKit/605.1.15 (KHTML, like Gecko) Version/26.4 Safari/605.1.15"}	login	\N	2026-04-14 12:42:42.087	\N
21	1	103.110.48.56	2026-04-14	{"success": true, "user_agent": "Mozilla/5.0 (Windows NT 10.0; Win64; x64) AppleWebKit/537.36 (KHTML, like Gecko) Chrome/146.0.0.0 Safari/537.36"}	login	\N	2026-04-14 15:37:24.275	\N
22	1	103.110.48.56	2026-04-14	{"success": true, "user_agent": "Mozilla/5.0 (Windows NT 10.0; Win64; x64) AppleWebKit/537.36 (KHTML, like Gecko) Chrome/146.0.0.0 Safari/537.36"}	login	\N	2026-04-14 16:53:00.383	\N
23	1	103.110.48.56	2026-04-15	{"success": true, "user_agent": "Mozilla/5.0 (Windows NT 10.0; Win64; x64) AppleWebKit/537.36 (KHTML, like Gecko) Chrome/146.0.0.0 Safari/537.36"}	login	\N	2026-04-15 05:47:07.854	\N
24	1	103.110.48.56	2026-04-15	{"success": true, "user_agent": "Mozilla/5.0 (Windows NT 10.0; Win64; x64) AppleWebKit/537.36 (KHTML, like Gecko) Chrome/146.0.0.0 Safari/537.36"}	login	\N	2026-04-15 05:57:57.064	\N
25	1	103.110.48.56	2026-04-15	{"success": true, "user_agent": "Mozilla/5.0 (Windows NT 10.0; Win64; x64) AppleWebKit/537.36 (KHTML, like Gecko) Chrome/146.0.0.0 Safari/537.36"}	login	\N	2026-04-15 06:35:07.896	\N
26	1	103.110.48.56	2026-04-15	{"success": true, "user_agent": "Mozilla/5.0 (Windows NT 10.0; Win64; x64) AppleWebKit/537.36 (KHTML, like Gecko) Chrome/146.0.0.0 Safari/537.36"}	login	\N	2026-04-15 08:58:17.682	\N
27	1	103.110.48.56	2026-04-15	{"success": true, "user_agent": "Mozilla/5.0 (Windows NT 10.0; Win64; x64) AppleWebKit/537.36 (KHTML, like Gecko) Chrome/146.0.0.0 Safari/537.36"}	login	\N	2026-04-15 10:22:26.401	\N
28	1	103.110.48.56	2026-04-15	{"success": true, "user_agent": "Mozilla/5.0 (Windows NT 10.0; Win64; x64) AppleWebKit/537.36 (KHTML, like Gecko) Chrome/146.0.0.0 Safari/537.36"}	login	\N	2026-04-15 11:51:15.176	\N
29	1	103.110.48.56	2026-04-15	{"success": true, "user_agent": "Mozilla/5.0 (Windows NT 10.0; Win64; x64) AppleWebKit/537.36 (KHTML, like Gecko) Chrome/146.0.0.0 Safari/537.36"}	login	\N	2026-04-15 12:03:34.042	\N
30	1	103.110.48.56	2026-04-15	{"success": true, "user_agent": "Mozilla/5.0 (Windows NT 10.0; Win64; x64) AppleWebKit/537.36 (KHTML, like Gecko) Chrome/146.0.0.0 Safari/537.36"}	login	\N	2026-04-15 13:10:47.523	\N
31	1	103.110.48.56	2026-04-15	{"success": true, "user_agent": "Mozilla/5.0 (Windows NT 10.0; Win64; x64) AppleWebKit/537.36 (KHTML, like Gecko) Chrome/146.0.0.0 Safari/537.36"}	login	\N	2026-04-15 14:09:30.634	\N
32	1	103.110.48.56	2026-04-15	{"success": true, "user_agent": "Mozilla/5.0 (Windows NT 10.0; Win64; x64) AppleWebKit/537.36 (KHTML, like Gecko) Chrome/146.0.0.0 Safari/537.36"}	login	\N	2026-04-15 16:48:18.629	\N
33	1	174.205.97.116	2026-04-15	{"success": true, "user_agent": "Mozilla/5.0 (Macintosh; Intel Mac OS X 10_15_7) AppleWebKit/605.1.15 (KHTML, like Gecko) Version/26.4 Safari/605.1.15"}	login	\N	2026-04-15 16:55:29.289	\N
34	1	174.205.97.116	2026-04-15	{"success": true, "user_agent": "Mozilla/5.0 (Macintosh; Intel Mac OS X 10_15_7) AppleWebKit/605.1.15 (KHTML, like Gecko) Version/26.4 Safari/605.1.15"}	login	\N	2026-04-15 18:06:44.565	\N
35	1	174.205.97.116	2026-04-15	{"success": true, "user_agent": "Mozilla/5.0 (Macintosh; Intel Mac OS X 10_15_7) AppleWebKit/605.1.15 (KHTML, like Gecko) Version/26.4 Safari/605.1.15"}	login	\N	2026-04-15 18:51:15.312	\N
36	1	103.110.48.56	2026-04-16	{"success": true, "user_agent": "Mozilla/5.0 (Windows NT 10.0; Win64; x64) AppleWebKit/537.36 (KHTML, like Gecko) Chrome/146.0.0.0 Safari/537.36"}	login	\N	2026-04-16 04:49:57.417	\N
37	1	103.110.48.56	2026-04-16	{"success": true, "user_agent": "Mozilla/5.0 (Windows NT 10.0; Win64; x64) AppleWebKit/537.36 (KHTML, like Gecko) Chrome/146.0.0.0 Safari/537.36"}	login	\N	2026-04-16 06:41:51.253	\N
38	1	103.110.48.56	2026-04-16	{"success": true, "user_agent": "Mozilla/5.0 (Windows NT 10.0; Win64; x64) AppleWebKit/537.36 (KHTML, like Gecko) Chrome/146.0.0.0 Safari/537.36"}	login	\N	2026-04-16 07:33:05.348	\N
39	1	103.110.48.56	2026-04-16	{"success": true, "user_agent": "Mozilla/5.0 (Windows NT 10.0; Win64; x64) AppleWebKit/537.36 (KHTML, like Gecko) Chrome/146.0.0.0 Safari/537.36"}	login	\N	2026-04-16 09:30:39.457	\N
40	1	103.110.48.56	2026-04-17	{"success": true, "user_agent": "Mozilla/5.0 (Windows NT 10.0; Win64; x64) AppleWebKit/537.36 (KHTML, like Gecko) Chrome/146.0.0.0 Safari/537.36"}	login	\N	2026-04-17 02:49:32.069	\N
41	1	174.201.210.138	2026-04-17	{"success": true, "user_agent": "Mozilla/5.0 (Macintosh; Intel Mac OS X 10_15_7) AppleWebKit/605.1.15 (KHTML, like Gecko) Version/26.4 Safari/605.1.15"}	login	\N	2026-04-17 02:55:06.921	\N
42	1	103.110.48.56	2026-04-17	{"success": true, "user_agent": "Mozilla/5.0 (Windows NT 10.0; Win64; x64) AppleWebKit/537.36 (KHTML, like Gecko) Chrome/146.0.0.0 Safari/537.36"}	login	\N	2026-04-17 03:16:24.852	\N
43	1	103.110.48.56	2026-04-17	{"success": true, "user_agent": "Mozilla/5.0 (Windows NT 10.0; Win64; x64) AppleWebKit/537.36 (KHTML, like Gecko) Chrome/146.0.0.0 Safari/537.36"}	login	\N	2026-04-17 04:03:45.44	\N
44	1	103.110.48.56	2026-04-17	{"success": true, "user_agent": "Mozilla/5.0 (Windows NT 10.0; Win64; x64) AppleWebKit/537.36 (KHTML, like Gecko) Chrome/146.0.0.0 Safari/537.36"}	login	\N	2026-04-17 07:38:30.533	\N
45	1	103.110.48.56	2026-04-17	{"success": true, "user_agent": "Mozilla/5.0 (Windows NT 10.0; Win64; x64) AppleWebKit/537.36 (KHTML, like Gecko) Chrome/146.0.0.0 Safari/537.36"}	login	\N	2026-04-17 08:09:47.581	\N
46	1	103.110.48.56	2026-04-17	{"success": true, "user_agent": "Mozilla/5.0 (Windows NT 10.0; Win64; x64) AppleWebKit/537.36 (KHTML, like Gecko) Chrome/146.0.0.0 Safari/537.36"}	login	\N	2026-04-17 10:17:24.325	\N
47	1	103.110.48.56	2026-04-17	{"success": true, "user_agent": "Mozilla/5.0 (Windows NT 10.0; Win64; x64) AppleWebKit/537.36 (KHTML, like Gecko) Chrome/146.0.0.0 Safari/537.36"}	login	\N	2026-04-17 10:19:07.558	\N
48	1	103.110.48.56	2026-04-17	{"success": true, "user_agent": "Mozilla/5.0 (Windows NT 10.0; Win64; x64) AppleWebKit/537.36 (KHTML, like Gecko) Chrome/146.0.0.0 Safari/537.36"}	login	\N	2026-04-17 11:28:03.04	\N
49	1	223.184.163.126	2026-04-17	{"success": true, "user_agent": "Mozilla/5.0 (Windows NT 10.0; Win64; x64) AppleWebKit/537.36 (KHTML, like Gecko) Chrome/146.0.0.0 Safari/537.36"}	login	\N	2026-04-17 15:12:42.916	\N
50	1	103.110.48.56	2026-04-18	{"success": true, "user_agent": "Mozilla/5.0 (Windows NT 10.0; Win64; x64) AppleWebKit/537.36 (KHTML, like Gecko) Chrome/147.0.0.0 Safari/537.36"}	login	\N	2026-04-18 10:29:19.543	\N
51	1	103.110.48.91	2026-04-20	{"success": true, "user_agent": "Mozilla/5.0 (Windows NT 10.0; Win64; x64) AppleWebKit/537.36 (KHTML, like Gecko) Chrome/147.0.0.0 Safari/537.36"}	login	\N	2026-04-20 09:06:32.011	\N
52	1	103.110.48.91	2026-04-20	{"success": true, "user_agent": "Mozilla/5.0 (Windows NT 10.0; Win64; x64) AppleWebKit/537.36 (KHTML, like Gecko) Chrome/147.0.0.0 Safari/537.36"}	login	\N	2026-04-20 09:14:30.517	\N
53	1	103.110.48.91	2026-04-20	{"success": true, "user_agent": "Mozilla/5.0 (Windows NT 10.0; Win64; x64) AppleWebKit/537.36 (KHTML, like Gecko) Chrome/147.0.0.0 Safari/537.36"}	login	\N	2026-04-20 09:29:18.505	\N
54	1	103.110.48.91	2026-04-20	{"success": true, "user_agent": "Mozilla/5.0 (Windows NT 10.0; Win64; x64) AppleWebKit/537.36 (KHTML, like Gecko) Chrome/147.0.0.0 Safari/537.36"}	login	\N	2026-04-20 10:36:31.631	\N
55	1	103.110.48.91	2026-04-20	{"success": true, "user_agent": "Mozilla/5.0 (Windows NT 10.0; Win64; x64) AppleWebKit/537.36 (KHTML, like Gecko) Chrome/147.0.0.0 Safari/537.36"}	login	\N	2026-04-20 10:51:03.202	\N
56	1	103.110.48.91	2026-04-20	{"success": true, "user_agent": "Mozilla/5.0 (Windows NT 10.0; Win64; x64) AppleWebKit/537.36 (KHTML, like Gecko) Chrome/147.0.0.0 Safari/537.36"}	login	\N	2026-04-20 10:51:21.517	\N
57	1	103.110.48.91	2026-04-20	{"success": true, "user_agent": "Mozilla/5.0 (Windows NT 10.0; Win64; x64) AppleWebKit/537.36 (KHTML, like Gecko) Chrome/147.0.0.0 Safari/537.36"}	login	\N	2026-04-20 11:43:56.995	\N
58	1	103.110.48.91	2026-04-20	{"success": true, "user_agent": "Mozilla/5.0 (Windows NT 10.0; Win64; x64) AppleWebKit/537.36 (KHTML, like Gecko) Chrome/147.0.0.0 Safari/537.36"}	login	\N	2026-04-20 12:04:16.148	\N
59	1	103.110.48.91	2026-04-20	{"success": true, "user_agent": "Mozilla/5.0 (Windows NT 10.0; Win64; x64) AppleWebKit/537.36 (KHTML, like Gecko) Chrome/147.0.0.0 Safari/537.36"}	login	\N	2026-04-20 14:35:25.016	\N
60	1	103.110.48.91	2026-04-20	{"success": true, "user_agent": "Mozilla/5.0 (Windows NT 10.0; Win64; x64) AppleWebKit/537.36 (KHTML, like Gecko) Chrome/147.0.0.0 Safari/537.36"}	login	\N	2026-04-20 15:27:24.54	\N
61	1	103.110.48.91	2026-04-21	{"success": true, "user_agent": "Mozilla/5.0 (Windows NT 10.0; Win64; x64) AppleWebKit/537.36 (KHTML, like Gecko) Chrome/147.0.0.0 Safari/537.36"}	login	\N	2026-04-21 06:20:44.449	\N
62	1	103.110.48.91	2026-04-21	{"success": true, "user_agent": "Mozilla/5.0 (Windows NT 10.0; Win64; x64) AppleWebKit/537.36 (KHTML, like Gecko) Chrome/147.0.0.0 Safari/537.36"}	login	\N	2026-04-21 07:06:35.634	\N
63	1	103.110.48.91	2026-04-21	{"success": true, "user_agent": "Mozilla/5.0 (Windows NT 10.0; Win64; x64) AppleWebKit/537.36 (KHTML, like Gecko) Chrome/147.0.0.0 Safari/537.36"}	login	\N	2026-04-21 10:39:27.269	\N
64	1	103.110.48.91	2026-04-21	{"success": true, "user_agent": "Mozilla/5.0 (Windows NT 10.0; Win64; x64) AppleWebKit/537.36 (KHTML, like Gecko) Chrome/147.0.0.0 Safari/537.36"}	login	\N	2026-04-21 11:02:07.212	\N
65	1	143.105.22.48	2026-04-21	{"success": true, "user_agent": "Mozilla/5.0 (Macintosh; Intel Mac OS X 10_15_7) AppleWebKit/605.1.15 (KHTML, like Gecko) Version/26.4 Safari/605.1.15"}	login	\N	2026-04-21 12:21:10.952	\N
66	1	103.110.48.91	2026-04-21	{"success": true, "user_agent": "Mozilla/5.0 (Windows NT 10.0; Win64; x64) AppleWebKit/537.36 (KHTML, like Gecko) Chrome/147.0.0.0 Safari/537.36"}	login	\N	2026-04-21 12:43:21.736	\N
67	1	103.110.48.91	2026-04-21	{"success": true, "user_agent": "Mozilla/5.0 (Windows NT 10.0; Win64; x64) AppleWebKit/537.36 (KHTML, like Gecko) Chrome/147.0.0.0 Safari/537.36"}	login	\N	2026-04-21 13:28:58.177	\N
68	1	103.110.48.91	2026-04-21	{"success": true, "user_agent": "Mozilla/5.0 (Windows NT 10.0; Win64; x64) AppleWebKit/537.36 (KHTML, like Gecko) Chrome/147.0.0.0 Safari/537.36"}	login	\N	2026-04-21 14:27:58.069	\N
69	1	143.105.22.48	2026-04-21	{"success": true, "user_agent": "Mozilla/5.0 (Macintosh; Intel Mac OS X 10_15_7) AppleWebKit/605.1.15 (KHTML, like Gecko) Version/26.4 Safari/605.1.15"}	login	\N	2026-04-21 15:01:23.358	\N
70	1	103.110.48.91	2026-04-21	{"success": true, "user_agent": "Mozilla/5.0 (Windows NT 10.0; Win64; x64) AppleWebKit/537.36 (KHTML, like Gecko) Chrome/147.0.0.0 Safari/537.36"}	login	\N	2026-04-21 15:07:07.131	\N
71	1	143.105.22.48	2026-04-21	{"success": true, "user_agent": "Mozilla/5.0 (Macintosh; Intel Mac OS X 10_15_7) AppleWebKit/605.1.15 (KHTML, like Gecko) Version/26.4 Safari/605.1.15"}	login	\N	2026-04-21 15:46:38.073	\N
72	1	143.105.22.48	2026-04-21	{"success": true, "user_agent": "Mozilla/5.0 (Macintosh; Intel Mac OS X 10_15_7) AppleWebKit/605.1.15 (KHTML, like Gecko) Version/26.4 Safari/605.1.15"}	login	\N	2026-04-21 21:18:40.656	\N
73	1	143.105.22.48	2026-04-21	{"success": true, "user_agent": "Mozilla/5.0 (Macintosh; Intel Mac OS X 10_15_7) AppleWebKit/605.1.15 (KHTML, like Gecko) Version/26.4 Safari/605.1.15"}	login	\N	2026-04-21 21:38:09.828	\N
74	1	103.110.48.91	2026-04-22	{"success": true, "user_agent": "Mozilla/5.0 (Windows NT 10.0; Win64; x64) AppleWebKit/537.36 (KHTML, like Gecko) Chrome/147.0.0.0 Safari/537.36"}	login	\N	2026-04-22 07:56:26.721	\N
75	1	103.110.48.91	2026-04-22	{"success": true, "user_agent": "Mozilla/5.0 (Windows NT 10.0; Win64; x64) AppleWebKit/537.36 (KHTML, like Gecko) Chrome/147.0.0.0 Safari/537.36"}	login	\N	2026-04-22 09:32:48.292	\N
76	1	143.105.22.48	2026-04-22	{"success": true, "user_agent": "Mozilla/5.0 (Macintosh; Intel Mac OS X 10_15_7) AppleWebKit/605.1.15 (KHTML, like Gecko) Version/26.4 Safari/605.1.15"}	login	\N	2026-04-22 09:59:37.6	\N
77	1	103.110.48.91	2026-04-22	{"success": true, "user_agent": "Mozilla/5.0 (Windows NT 10.0; Win64; x64) AppleWebKit/537.36 (KHTML, like Gecko) Chrome/147.0.0.0 Safari/537.36"}	login	\N	2026-04-22 10:00:45.029	\N
78	1	103.110.48.91	2026-04-22	{"success": true, "user_agent": "Mozilla/5.0 (Windows NT 10.0; Win64; x64) AppleWebKit/537.36 (KHTML, like Gecko) Chrome/147.0.0.0 Safari/537.36"}	login	\N	2026-04-22 11:28:01.393	\N
79	1	103.110.48.87	2026-04-22	{"success": true, "user_agent": "Mozilla/5.0 (Windows NT 10.0; Win64; x64) AppleWebKit/537.36 (KHTML, like Gecko) Chrome/147.0.0.0 Safari/537.36"}	login	\N	2026-04-22 12:13:21.374	\N
80	1	103.110.48.80	2026-04-22	{"success": true, "user_agent": "Mozilla/5.0 (Windows NT 10.0; Win64; x64) AppleWebKit/537.36 (KHTML, like Gecko) Chrome/147.0.0.0 Safari/537.36"}	login	\N	2026-04-22 14:29:46.751	\N
81	1	103.110.48.80	2026-04-22	{"success": true, "user_agent": "Mozilla/5.0 (Windows NT 10.0; Win64; x64) AppleWebKit/537.36 (KHTML, like Gecko) Chrome/147.0.0.0 Safari/537.36"}	login	\N	2026-04-22 14:51:36.948	\N
82	1	143.105.22.48	2026-04-22	{"success": true, "user_agent": "Mozilla/5.0 (Macintosh; Intel Mac OS X 10_15_7) AppleWebKit/605.1.15 (KHTML, like Gecko) Version/26.4 Safari/605.1.15"}	login	\N	2026-04-22 17:56:03.871	\N
83	1	143.105.22.48	2026-04-22	{"success": true, "user_agent": "Mozilla/5.0 (Macintosh; Intel Mac OS X 10_15_7) AppleWebKit/605.1.15 (KHTML, like Gecko) Version/26.4 Safari/605.1.15"}	login	\N	2026-04-22 21:26:07.99	\N
84	1	103.110.48.80	2026-04-23	{"success": true, "user_agent": "Mozilla/5.0 (Windows NT 10.0; Win64; x64) AppleWebKit/537.36 (KHTML, like Gecko) Chrome/147.0.0.0 Safari/537.36"}	login	\N	2026-04-23 04:12:28.168	\N
85	1	103.110.48.80	2026-04-23	{"success": true, "user_agent": "Mozilla/5.0 (Windows NT 10.0; Win64; x64) AppleWebKit/537.36 (KHTML, like Gecko) Chrome/147.0.0.0 Safari/537.36"}	login	\N	2026-04-23 07:15:25.314	\N
86	1	103.110.48.80	2026-04-23	{"success": true, "user_agent": "Mozilla/5.0 (Windows NT 10.0; Win64; x64) AppleWebKit/537.36 (KHTML, like Gecko) Chrome/147.0.0.0 Safari/537.36"}	login	\N	2026-04-23 09:43:18.675	\N
87	1	103.110.48.80	2026-04-23	{"success": true, "user_agent": "Mozilla/5.0 (Windows NT 10.0; Win64; x64) AppleWebKit/537.36 (KHTML, like Gecko) Chrome/147.0.0.0 Safari/537.36"}	login	\N	2026-04-23 10:01:19.678	\N
88	1	143.105.22.48	2026-04-23	{"success": true, "user_agent": "Mozilla/5.0 (Macintosh; Intel Mac OS X 10_15_7) AppleWebKit/605.1.15 (KHTML, like Gecko) Version/26.4 Safari/605.1.15"}	login	\N	2026-04-23 10:33:12.763	\N
89	1	103.110.48.80	2026-04-23	{"success": true, "user_agent": "Mozilla/5.0 (Windows NT 10.0; Win64; x64) AppleWebKit/537.36 (KHTML, like Gecko) Chrome/147.0.0.0 Safari/537.36"}	login	\N	2026-04-23 13:24:36.332	\N
90	1	103.110.48.80	2026-04-23	{"success": true, "user_agent": "Mozilla/5.0 (Windows NT 10.0; Win64; x64) AppleWebKit/537.36 (KHTML, like Gecko) Chrome/147.0.0.0 Safari/537.36"}	login	\N	2026-04-23 13:50:44.294	\N
91	1	103.110.48.80	2026-04-23	{"success": true, "user_agent": "Mozilla/5.0 (Windows NT 10.0; Win64; x64) AppleWebKit/537.36 (KHTML, like Gecko) Chrome/147.0.0.0 Safari/537.36"}	login	\N	2026-04-23 14:37:19.711	\N
92	1	103.110.48.80	2026-04-23	{"success": true, "user_agent": "Mozilla/5.0 (Windows NT 10.0; Win64; x64) AppleWebKit/537.36 (KHTML, like Gecko) Chrome/147.0.0.0 Safari/537.36"}	login	\N	2026-04-23 14:54:49.04	\N
93	1	143.105.22.48	2026-04-23	{"success": true, "user_agent": "Mozilla/5.0 (Macintosh; Intel Mac OS X 10_15_7) AppleWebKit/605.1.15 (KHTML, like Gecko) Version/26.4 Safari/605.1.15"}	login	\N	2026-04-23 21:41:02.824	\N
94	1	103.110.48.80	2026-04-24	{"success": true, "user_agent": "Mozilla/5.0 (Windows NT 10.0; Win64; x64) AppleWebKit/537.36 (KHTML, like Gecko) Chrome/147.0.0.0 Safari/537.36"}	login	\N	2026-04-24 09:01:23.159	\N
95	1	103.110.48.80	2026-04-24	{"success": true, "user_agent": "Mozilla/5.0 (Windows NT 10.0; Win64; x64) AppleWebKit/537.36 (KHTML, like Gecko) Chrome/147.0.0.0 Safari/537.36"}	login	\N	2026-04-24 09:24:45.458	\N
96	1	143.105.22.48	2026-04-24	{"success": true, "user_agent": "Mozilla/5.0 (Macintosh; Intel Mac OS X 10_15_7) AppleWebKit/605.1.15 (KHTML, like Gecko) Version/26.4 Safari/605.1.15"}	login	\N	2026-04-24 09:35:34.387	\N
97	1	103.110.48.80	2026-04-24	{"success": true, "user_agent": "Mozilla/5.0 (Windows NT 10.0; Win64; x64) AppleWebKit/537.36 (KHTML, like Gecko) Chrome/147.0.0.0 Safari/537.36"}	login	\N	2026-04-24 09:41:34.992	\N
98	1	103.110.48.80	2026-04-24	{"success": true, "user_agent": "Mozilla/5.0 (Windows NT 10.0; Win64; x64) AppleWebKit/537.36 (KHTML, like Gecko) Chrome/147.0.0.0 Safari/537.36"}	login	\N	2026-04-24 10:11:49.991	\N
99	1	103.110.48.52	2026-04-24	{"success": true, "user_agent": "Mozilla/5.0 (Windows NT 10.0; Win64; x64) AppleWebKit/537.36 (KHTML, like Gecko) Chrome/147.0.0.0 Safari/537.36"}	login	\N	2026-04-24 11:10:32.305	\N
100	1	143.105.22.48	2026-04-24	{"success": true, "user_agent": "Mozilla/5.0 (Macintosh; Intel Mac OS X 10_15_7) AppleWebKit/605.1.15 (KHTML, like Gecko) Version/26.4 Safari/605.1.15"}	login	\N	2026-04-24 11:37:40.697	\N
101	1	103.110.48.52	2026-04-24	{"success": true, "user_agent": "Mozilla/5.0 (Windows NT 10.0; Win64; x64) AppleWebKit/537.36 (KHTML, like Gecko) Chrome/147.0.0.0 Safari/537.36"}	login	\N	2026-04-24 13:00:59.617	\N
102	1	103.110.48.52	2026-04-24	{"success": true, "user_agent": "Mozilla/5.0 (Windows NT 10.0; Win64; x64) AppleWebKit/537.36 (KHTML, like Gecko) Chrome/147.0.0.0 Safari/537.36"}	login	\N	2026-04-24 16:49:48.136	\N
103	1	143.105.22.48	2026-04-24	{"success": true, "user_agent": "Mozilla/5.0 (Macintosh; Intel Mac OS X 10_15_7) AppleWebKit/605.1.15 (KHTML, like Gecko) Version/26.4 Safari/605.1.15"}	login	\N	2026-04-24 18:10:18.439	\N
104	1	103.108.7.142	2026-04-25	{"success": true, "user_agent": "Mozilla/5.0 (Windows NT 10.0; Win64; x64) AppleWebKit/537.36 (KHTML, like Gecko) Chrome/147.0.0.0 Safari/537.36"}	login	\N	2026-04-25 05:36:39.608	\N
105	1	143.105.22.48	2026-04-25	{"success": true, "user_agent": "Mozilla/5.0 (Macintosh; Intel Mac OS X 10_15_7) AppleWebKit/605.1.15 (KHTML, like Gecko) Version/26.4 Safari/605.1.15"}	login	\N	2026-04-25 09:49:29.876	\N
106	1	103.110.48.52	2026-04-25	{"success": true, "user_agent": "Mozilla/5.0 (Windows NT 10.0; Win64; x64) AppleWebKit/537.36 (KHTML, like Gecko) Chrome/147.0.0.0 Safari/537.36"}	login	\N	2026-04-25 10:58:12.119	\N
107	1	103.110.48.52	2026-04-25	{"success": true, "user_agent": "Mozilla/5.0 (Windows NT 10.0; Win64; x64) AppleWebKit/537.36 (KHTML, like Gecko) Chrome/147.0.0.0 Safari/537.36"}	login	\N	2026-04-25 11:45:06.071	\N
108	1	143.105.22.48	2026-04-25	{"success": true, "user_agent": "Mozilla/5.0 (Macintosh; Intel Mac OS X 10_15_7) AppleWebKit/605.1.15 (KHTML, like Gecko) Version/26.4 Safari/605.1.15"}	login	\N	2026-04-25 12:43:21.867	\N
109	1	143.105.22.48	2026-04-25	{"success": true, "user_agent": "Mozilla/5.0 (Macintosh; Intel Mac OS X 10_15_7) AppleWebKit/605.1.15 (KHTML, like Gecko) Version/26.4 Safari/605.1.15"}	login	\N	2026-04-25 13:11:49.057	\N
110	1	103.110.48.52	2026-04-25	{"success": true, "user_agent": "Mozilla/5.0 (Windows NT 10.0; Win64; x64) AppleWebKit/537.36 (KHTML, like Gecko) Chrome/147.0.0.0 Safari/537.36"}	login	\N	2026-04-25 13:32:10.827	\N
111	1	103.110.48.52	2026-04-25	{"success": true, "user_agent": "Mozilla/5.0 (Windows NT 10.0; Win64; x64) AppleWebKit/537.36 (KHTML, like Gecko) Chrome/147.0.0.0 Safari/537.36"}	login	\N	2026-04-25 14:48:45.362	\N
112	1	143.105.22.48	2026-04-26	{"success": true, "user_agent": "Mozilla/5.0 (Macintosh; Intel Mac OS X 10_15_7) AppleWebKit/605.1.15 (KHTML, like Gecko) Version/26.4 Safari/605.1.15"}	login	\N	2026-04-26 21:26:54.373	\N
113	1	103.110.48.52	2026-04-27	{"success": true, "user_agent": "Mozilla/5.0 (Windows NT 10.0; Win64; x64) AppleWebKit/537.36 (KHTML, like Gecko) Chrome/147.0.0.0 Safari/537.36"}	login	\N	2026-04-27 04:31:33.522	\N
114	1	103.110.48.52	2026-04-27	{"success": true, "user_agent": "Mozilla/5.0 (Windows NT 10.0; Win64; x64) AppleWebKit/537.36 (KHTML, like Gecko) Chrome/147.0.0.0 Safari/537.36"}	login	\N	2026-04-27 04:32:37.997	\N
115	1	103.110.48.52	2026-04-27	{"success": true, "user_agent": "Mozilla/5.0 (Windows NT 10.0; Win64; x64) AppleWebKit/537.36 (KHTML, like Gecko) Chrome/147.0.0.0 Safari/537.36"}	login	\N	2026-04-27 04:33:38.612	\N
116	1	103.110.48.52	2026-04-27	{"success": true, "user_agent": "Mozilla/5.0 (Windows NT 10.0; Win64; x64) AppleWebKit/537.36 (KHTML, like Gecko) Chrome/147.0.0.0 Safari/537.36"}	login	\N	2026-04-27 04:46:58.891	\N
117	1	103.110.48.52	2026-04-27	{"success": true, "user_agent": "Mozilla/5.0 (Windows NT 10.0; Win64; x64) AppleWebKit/537.36 (KHTML, like Gecko) Chrome/147.0.0.0 Safari/537.36"}	login	\N	2026-04-27 05:08:12.692	\N
118	1	103.110.48.52	2026-04-27	{"success": true, "user_agent": "Mozilla/5.0 (Windows NT 10.0; Win64; x64) AppleWebKit/537.36 (KHTML, like Gecko) Chrome/147.0.0.0 Safari/537.36"}	login	\N	2026-04-27 05:28:46.807	\N
119	1	103.110.48.52	2026-04-27	{"success": true, "user_agent": "Mozilla/5.0 (Windows NT 10.0; Win64; x64) AppleWebKit/537.36 (KHTML, like Gecko) Chrome/147.0.0.0 Safari/537.36"}	login	\N	2026-04-27 05:29:09.237	\N
120	1	103.110.48.52	2026-04-27	{"success": true, "user_agent": "Mozilla/5.0 (Windows NT 10.0; Win64; x64) AppleWebKit/537.36 (KHTML, like Gecko) Chrome/147.0.0.0 Safari/537.36"}	login	\N	2026-04-27 06:07:48.886	\N
121	1	103.110.48.52	2026-04-27	{"success": true, "user_agent": "Mozilla/5.0 (Windows NT 10.0; Win64; x64) AppleWebKit/537.36 (KHTML, like Gecko) Chrome/147.0.0.0 Safari/537.36"}	login	\N	2026-04-27 06:48:32.758	\N
122	1	103.110.48.52	2026-04-27	{"success": true, "user_agent": "Mozilla/5.0 (Windows NT 10.0; Win64; x64) AppleWebKit/537.36 (KHTML, like Gecko) Chrome/147.0.0.0 Safari/537.36"}	login	\N	2026-04-27 07:37:49.342	\N
123	1	103.110.48.52	2026-04-27	{"success": true, "user_agent": "Mozilla/5.0 (Windows NT 10.0; Win64; x64) AppleWebKit/537.36 (KHTML, like Gecko) Chrome/147.0.0.0 Safari/537.36"}	login	\N	2026-04-27 07:51:32.466	\N
124	1	103.110.48.52	2026-04-27	{"success": true, "user_agent": "Mozilla/5.0 (Windows NT 10.0; Win64; x64) AppleWebKit/537.36 (KHTML, like Gecko) Chrome/147.0.0.0 Safari/537.36"}	login	\N	2026-04-27 08:48:24.088	\N
125	1	103.110.48.52	2026-04-27	{"success": true, "user_agent": "Mozilla/5.0 (Windows NT 10.0; Win64; x64) AppleWebKit/537.36 (KHTML, like Gecko) Chrome/147.0.0.0 Safari/537.36"}	login	\N	2026-04-27 09:00:39.637	\N
126	1	103.110.48.52	2026-04-27	{"success": true, "user_agent": "Mozilla/5.0 (Windows NT 10.0; Win64; x64) AppleWebKit/537.36 (KHTML, like Gecko) Chrome/147.0.0.0 Safari/537.36"}	login	\N	2026-04-27 09:51:17.646	\N
127	1	174.220.2.251	2026-04-27	{"success": true, "user_agent": "Mozilla/5.0 (Macintosh; Intel Mac OS X 10_15_7) AppleWebKit/605.1.15 (KHTML, like Gecko) Version/26.4 Safari/605.1.15"}	login	\N	2026-04-27 09:53:25.323	\N
128	1	103.110.48.52	2026-04-27	{"success": true, "user_agent": "Mozilla/5.0 (Windows NT 10.0; Win64; x64) AppleWebKit/537.36 (KHTML, like Gecko) Chrome/147.0.0.0 Safari/537.36"}	login	\N	2026-04-27 11:37:42.162	\N
129	1	103.110.48.52	2026-04-28	{"success": true, "user_agent": "Mozilla/5.0 (Windows NT 10.0; Win64; x64) AppleWebKit/537.36 (KHTML, like Gecko) Chrome/147.0.0.0 Safari/537.36"}	login	\N	2026-04-28 04:21:12.406	\N
130	1	103.110.48.52	2026-04-28	{"success": true, "user_agent": "Mozilla/5.0 (Windows NT 10.0; Win64; x64) AppleWebKit/537.36 (KHTML, like Gecko) Chrome/147.0.0.0 Safari/537.36"}	login	\N	2026-04-28 09:16:21.707	\N
131	1	103.110.48.52	2026-04-28	{"success": true, "user_agent": "Mozilla/5.0 (Windows NT 10.0; Win64; x64) AppleWebKit/537.36 (KHTML, like Gecko) Chrome/147.0.0.0 Safari/537.36"}	login	\N	2026-04-28 10:44:32.191	\N
132	1	103.110.48.52	2026-04-28	{"success": true, "user_agent": "Mozilla/5.0 (Windows NT 10.0; Win64; x64) AppleWebKit/537.36 (KHTML, like Gecko) Chrome/147.0.0.0 Safari/537.36"}	login	\N	2026-04-28 15:55:20.48	\N
133	1	103.110.48.52	2026-04-29	{"success": true, "user_agent": "Mozilla/5.0 (Windows NT 10.0; Win64; x64) AppleWebKit/537.36 (KHTML, like Gecko) Chrome/147.0.0.0 Safari/537.36"}	login	\N	2026-04-29 06:27:49.407	\N
134	1	103.110.48.52	2026-04-29	{"success": true, "user_agent": "Mozilla/5.0 (Windows NT 10.0; Win64; x64) AppleWebKit/537.36 (KHTML, like Gecko) Chrome/147.0.0.0 Safari/537.36"}	login	\N	2026-04-29 06:50:08.634	\N
135	1	103.110.48.52	2026-04-29	{"success": true, "user_agent": "Mozilla/5.0 (Windows NT 10.0; Win64; x64) AppleWebKit/537.36 (KHTML, like Gecko) Chrome/147.0.0.0 Safari/537.36"}	login	\N	2026-04-29 07:13:25.902	\N
136	1	103.110.48.52	2026-04-29	{"success": true, "user_agent": "Mozilla/5.0 (Windows NT 10.0; Win64; x64) AppleWebKit/537.36 (KHTML, like Gecko) Chrome/147.0.0.0 Safari/537.36"}	login	\N	2026-04-29 08:54:49.677	\N
137	1	103.110.48.52	2026-04-29	{"success": true, "user_agent": "Mozilla/5.0 (Windows NT 10.0; Win64; x64) AppleWebKit/537.36 (KHTML, like Gecko) Chrome/147.0.0.0 Safari/537.36"}	login	\N	2026-04-29 09:29:52.518	\N
138	1	103.110.48.52	2026-04-29	{"success": true, "user_agent": "Mozilla/5.0 (Windows NT 10.0; Win64; x64) AppleWebKit/537.36 (KHTML, like Gecko) Chrome/147.0.0.0 Safari/537.36"}	login	\N	2026-04-29 09:45:33.633	\N
139	1	103.110.48.52	2026-04-29	{"success": true, "user_agent": "Mozilla/5.0 (Windows NT 10.0; Win64; x64) AppleWebKit/537.36 (KHTML, like Gecko) Chrome/147.0.0.0 Safari/537.36"}	login	\N	2026-04-29 10:21:15.909	\N
140	1	103.110.48.52	2026-04-29	{"success": true, "user_agent": "Mozilla/5.0 (Windows NT 10.0; Win64; x64) AppleWebKit/537.36 (KHTML, like Gecko) Chrome/147.0.0.0 Safari/537.36"}	login	\N	2026-04-29 10:30:55.8	\N
141	1	103.110.48.52	2026-04-29	{"success": true, "user_agent": "Mozilla/5.0 (Windows NT 10.0; Win64; x64) AppleWebKit/537.36 (KHTML, like Gecko) Chrome/147.0.0.0 Safari/537.36"}	login	\N	2026-04-29 13:04:32.586	\N
142	1	103.110.48.52	2026-04-29	{"success": true, "user_agent": "Mozilla/5.0 (Windows NT 10.0; Win64; x64) AppleWebKit/537.36 (KHTML, like Gecko) Chrome/147.0.0.0 Safari/537.36"}	login	\N	2026-04-29 13:25:03.518	\N
143	1	103.110.48.52	2026-04-30	{"success": true, "user_agent": "Mozilla/5.0 (Windows NT 10.0; Win64; x64) AppleWebKit/537.36 (KHTML, like Gecko) Chrome/147.0.0.0 Safari/537.36"}	login	\N	2026-04-30 02:39:37.468	\N
144	1	103.110.48.52	2026-04-30	{"success": true, "user_agent": "Mozilla/5.0 (Windows NT 10.0; Win64; x64) AppleWebKit/537.36 (KHTML, like Gecko) Chrome/147.0.0.0 Safari/537.36"}	login	\N	2026-04-30 03:12:49.877	\N
145	1	103.110.48.52	2026-04-30	{"success": true, "user_agent": "Mozilla/5.0 (Windows NT 10.0; Win64; x64) AppleWebKit/537.36 (KHTML, like Gecko) Chrome/147.0.0.0 Safari/537.36"}	login	\N	2026-04-30 08:30:35.055	\N
146	1	103.110.48.52	2026-04-30	{"success": true, "user_agent": "Mozilla/5.0 (Windows NT 10.0; Win64; x64) AppleWebKit/537.36 (KHTML, like Gecko) Chrome/147.0.0.0 Safari/537.36"}	login	\N	2026-04-30 08:30:48.229	\N
147	1	103.110.48.43	2026-05-01	{"success": true, "user_agent": "Mozilla/5.0 (Windows NT 10.0; Win64; x64) AppleWebKit/537.36 (KHTML, like Gecko) Chrome/147.0.0.0 Safari/537.36"}	login	\N	2026-05-01 17:11:20.253	\N
148	1	142.190.122.38	2026-05-02	{"success": true, "user_agent": "Mozilla/5.0 (Macintosh; Intel Mac OS X 10_15_7) AppleWebKit/605.1.15 (KHTML, like Gecko) Version/26.4 Safari/605.1.15"}	login	\N	2026-05-02 11:57:40.486	\N
149	1	103.110.48.59	2026-05-04	{"success": true, "user_agent": "Mozilla/5.0 (Windows NT 10.0; Win64; x64) AppleWebKit/537.36 (KHTML, like Gecko) Chrome/147.0.0.0 Safari/537.36"}	login	\N	2026-05-04 02:39:25.445	\N
150	1	103.110.48.59	2026-05-05	{"success": true, "user_agent": "Mozilla/5.0 (Windows NT 10.0; Win64; x64) AppleWebKit/537.36 (KHTML, like Gecko) Chrome/147.0.0.0 Safari/537.36"}	login	\N	2026-05-05 06:50:16.794	\N
151	1	103.110.48.59	2026-05-05	{"success": true, "user_agent": "Mozilla/5.0 (Windows NT 10.0; Win64; x64) AppleWebKit/537.36 (KHTML, like Gecko) Chrome/147.0.0.0 Safari/537.36"}	login	\N	2026-05-05 07:53:44.484	\N
152	1	103.110.48.59	2026-05-05	{"success": true, "user_agent": "Mozilla/5.0 (Windows NT 10.0; Win64; x64) AppleWebKit/537.36 (KHTML, like Gecko) Chrome/147.0.0.0 Safari/537.36"}	login	\N	2026-05-05 08:25:27.775	\N
153	1	103.110.48.59	2026-05-05	{"success": true, "user_agent": "Mozilla/5.0 (Windows NT 10.0; Win64; x64) AppleWebKit/537.36 (KHTML, like Gecko) Chrome/147.0.0.0 Safari/537.36"}	login	\N	2026-05-05 08:41:49.501	\N
154	1	103.110.48.59	2026-05-05	{"success": true, "user_agent": "Mozilla/5.0 (Windows NT 10.0; Win64; x64) AppleWebKit/537.36 (KHTML, like Gecko) Chrome/147.0.0.0 Safari/537.36"}	login	\N	2026-05-05 09:55:44.229	\N
155	1	103.110.48.59	2026-05-05	{"success": true, "user_agent": "Mozilla/5.0 (Windows NT 10.0; Win64; x64) AppleWebKit/537.36 (KHTML, like Gecko) Chrome/147.0.0.0 Safari/537.36"}	login	\N	2026-05-05 14:40:25.162	\N
156	1	103.110.48.59	2026-05-05	{"success": true, "user_agent": "Mozilla/5.0 (Windows NT 10.0; Win64; x64) AppleWebKit/537.36 (KHTML, like Gecko) Chrome/147.0.0.0 Safari/537.36"}	login	\N	2026-05-05 15:07:12.305	\N
157	1	70.167.159.123	2026-05-05	{"success": true, "user_agent": "Mozilla/5.0 (Macintosh; Intel Mac OS X 10_15_7) AppleWebKit/605.1.15 (KHTML, like Gecko) Version/26.4 Safari/605.1.15"}	login	\N	2026-05-05 15:18:46.384	\N
158	1	70.167.159.123	2026-05-05	{"success": true, "user_agent": "Mozilla/5.0 (Macintosh; Intel Mac OS X 10_15_7) AppleWebKit/605.1.15 (KHTML, like Gecko) Version/26.4 Safari/605.1.15"}	login	\N	2026-05-05 15:22:59.907	\N
159	1	103.110.48.59	2026-05-05	{"success": true, "user_agent": "Mozilla/5.0 (Windows NT 10.0; Win64; x64) AppleWebKit/537.36 (KHTML, like Gecko) Chrome/147.0.0.0 Safari/537.36"}	login	\N	2026-05-05 15:33:03.433	\N
160	1	103.110.48.59	2026-05-06	{"success": true, "user_agent": "Mozilla/5.0 (Windows NT 10.0; Win64; x64) AppleWebKit/537.36 (KHTML, like Gecko) Chrome/147.0.0.0 Safari/537.36"}	login	\N	2026-05-06 10:53:44.596	\N
161	1	103.110.48.59	2026-05-06	{"success": true, "user_agent": "Mozilla/5.0 (Windows NT 10.0; Win64; x64) AppleWebKit/537.36 (KHTML, like Gecko) Chrome/147.0.0.0 Safari/537.36"}	login	\N	2026-05-06 11:07:46.025	\N
162	1	103.110.48.59	2026-05-06	{"success": true, "user_agent": "Mozilla/5.0 (Windows NT 10.0; Win64; x64) AppleWebKit/537.36 (KHTML, like Gecko) Chrome/147.0.0.0 Safari/537.36"}	login	\N	2026-05-06 11:23:25.845	\N
163	1	103.110.48.59	2026-05-06	{"success": true, "user_agent": "Mozilla/5.0 (Windows NT 10.0; Win64; x64) AppleWebKit/537.36 (KHTML, like Gecko) Chrome/147.0.0.0 Safari/537.36"}	login	\N	2026-05-06 11:40:16.103	\N
164	1	103.110.48.59	2026-05-06	{"success": true, "user_agent": "Mozilla/5.0 (Windows NT 10.0; Win64; x64) AppleWebKit/537.36 (KHTML, like Gecko) Chrome/147.0.0.0 Safari/537.36"}	login	\N	2026-05-06 14:02:14.316	\N
165	1	103.110.48.59	2026-05-06	{"success": true, "user_agent": "Mozilla/5.0 (Windows NT 10.0; Win64; x64) AppleWebKit/537.36 (KHTML, like Gecko) Chrome/147.0.0.0 Safari/537.36"}	login	\N	2026-05-06 14:33:49.174	\N
166	1	103.110.48.59	2026-05-07	{"success": true, "user_agent": "Mozilla/5.0 (Windows NT 10.0; Win64; x64) AppleWebKit/537.36 (KHTML, like Gecko) Chrome/147.0.0.0 Safari/537.36"}	login	\N	2026-05-07 05:56:52.621	\N
167	1	103.110.48.59	2026-05-07	{"success": true, "user_agent": "Mozilla/5.0 (Windows NT 10.0; Win64; x64) AppleWebKit/537.36 (KHTML, like Gecko) Chrome/147.0.0.0 Safari/537.36"}	login	\N	2026-05-07 06:52:18.096	\N
168	1	103.110.48.59	2026-05-07	{"success": true, "user_agent": "Mozilla/5.0 (Windows NT 10.0; Win64; x64) AppleWebKit/537.36 (KHTML, like Gecko) Chrome/147.0.0.0 Safari/537.36"}	login	\N	2026-05-07 07:31:49	\N
169	1	103.110.48.59	2026-05-07	{"success": true, "user_agent": "Mozilla/5.0 (Windows NT 10.0; Win64; x64) AppleWebKit/537.36 (KHTML, like Gecko) Chrome/147.0.0.0 Safari/537.36"}	login	\N	2026-05-07 09:01:52.874	\N
170	1	103.110.48.59	2026-05-07	{"success": true, "user_agent": "Mozilla/5.0 (Windows NT 10.0; Win64; x64) AppleWebKit/537.36 (KHTML, like Gecko) Chrome/147.0.0.0 Safari/537.36"}	login	\N	2026-05-07 10:36:14.121	\N
171	1	103.110.48.59	2026-05-07	{"success": true, "user_agent": "Mozilla/5.0 (Windows NT 10.0; Win64; x64) AppleWebKit/537.36 (KHTML, like Gecko) Chrome/147.0.0.0 Safari/537.36"}	login	\N	2026-05-07 16:40:57.416	\N
172	1	103.110.48.59	2026-05-08	{"success": true, "user_agent": "Mozilla/5.0 (Windows NT 10.0; Win64; x64) AppleWebKit/537.36 (KHTML, like Gecko) Chrome/147.0.0.0 Safari/537.36"}	login	\N	2026-05-08 09:22:42.671	\N
173	1	103.110.48.59	2026-05-08	{"success": true, "user_agent": "Mozilla/5.0 (Windows NT 10.0; Win64; x64) AppleWebKit/537.36 (KHTML, like Gecko) Chrome/147.0.0.0 Safari/537.36"}	login	\N	2026-05-08 10:32:57.778	\N
174	1	103.110.48.59	2026-05-09	{"success": true, "user_agent": "Mozilla/5.0 (Windows NT 10.0; Win64; x64) AppleWebKit/537.36 (KHTML, like Gecko) Chrome/147.0.0.0 Safari/537.36"}	login	\N	2026-05-09 10:15:56.271	\N
175	1	70.167.159.123	2026-05-09	{"success": true, "user_agent": "Mozilla/5.0 (Macintosh; Intel Mac OS X 10_15_7) AppleWebKit/605.1.15 (KHTML, like Gecko) Version/26.4 Safari/605.1.15"}	login	\N	2026-05-09 14:53:03.831	\N
176	1	103.110.48.59	2026-05-09	{"success": true, "user_agent": "Mozilla/5.0 (Windows NT 10.0; Win64; x64) AppleWebKit/537.36 (KHTML, like Gecko) Chrome/147.0.0.0 Safari/537.36"}	login	\N	2026-05-09 15:43:10.89	\N
177	1	70.167.159.123	2026-05-10	{"success": true, "user_agent": "Mozilla/5.0 (Macintosh; Intel Mac OS X 10_15_7) AppleWebKit/605.1.15 (KHTML, like Gecko) Version/26.4 Safari/605.1.15"}	login	\N	2026-05-10 01:44:00.683	\N
178	1	103.110.48.59	2026-05-10	{"success": true, "user_agent": "Mozilla/5.0 (Windows NT 10.0; Win64; x64) AppleWebKit/537.36 (KHTML, like Gecko) Chrome/147.0.0.0 Safari/537.36"}	login	\N	2026-05-10 06:18:28.31	\N
179	1	103.110.48.59	2026-05-10	{"success": true, "user_agent": "Mozilla/5.0 (Windows NT 10.0; Win64; x64) AppleWebKit/537.36 (KHTML, like Gecko) Chrome/147.0.0.0 Safari/537.36"}	login	\N	2026-05-10 09:58:09.384	\N
180	1	103.110.48.59	2026-05-10	{"success": true, "user_agent": "Mozilla/5.0 (Windows NT 10.0; Win64; x64) AppleWebKit/537.36 (KHTML, like Gecko) Chrome/147.0.0.0 Safari/537.36"}	login	\N	2026-05-10 10:12:13.571	\N
181	1	103.110.48.59	2026-05-10	{"success": true, "user_agent": "Mozilla/5.0 (Windows NT 10.0; Win64; x64) AppleWebKit/537.36 (KHTML, like Gecko) Chrome/147.0.0.0 Safari/537.36"}	login	\N	2026-05-10 10:38:53.633	\N
182	1	103.110.48.70	2026-05-11	{"success": true, "user_agent": "Mozilla/5.0 (Windows NT 10.0; Win64; x64) AppleWebKit/537.36 (KHTML, like Gecko) Chrome/147.0.0.0 Safari/537.36"}	login	\N	2026-05-11 04:56:46.36	\N
183	1	103.110.48.70	2026-05-11	{"success": true, "user_agent": "Mozilla/5.0 (Windows NT 10.0; Win64; x64) AppleWebKit/537.36 (KHTML, like Gecko) Chrome/147.0.0.0 Safari/537.36"}	login	\N	2026-05-11 05:39:18.57	\N
184	1	103.110.48.70	2026-05-11	{"success": true, "user_agent": "Mozilla/5.0 (Windows NT 10.0; Win64; x64) AppleWebKit/537.36 (KHTML, like Gecko) Chrome/147.0.0.0 Safari/537.36"}	login	\N	2026-05-11 07:16:43.257	\N
185	1	103.110.48.70	2026-05-11	{"success": true, "user_agent": "Mozilla/5.0 (Windows NT 10.0; Win64; x64) AppleWebKit/537.36 (KHTML, like Gecko) Chrome/147.0.0.0 Safari/537.36"}	login	\N	2026-05-11 07:34:34.25	\N
186	1	103.110.48.70	2026-05-11	{"success": true, "user_agent": "Mozilla/5.0 (Windows NT 10.0; Win64; x64) AppleWebKit/537.36 (KHTML, like Gecko) Chrome/147.0.0.0 Safari/537.36"}	login	\N	2026-05-11 07:55:50.334	\N
187	1	103.110.48.70	2026-05-11	{"success": true, "user_agent": "Mozilla/5.0 (Windows NT 10.0; Win64; x64) AppleWebKit/537.36 (KHTML, like Gecko) Chrome/147.0.0.0 Safari/537.36"}	login	\N	2026-05-11 08:34:32.622	\N
188	1	103.110.48.70	2026-05-11	{"success": true, "user_agent": "Mozilla/5.0 (Windows NT 10.0; Win64; x64) AppleWebKit/537.36 (KHTML, like Gecko) Chrome/147.0.0.0 Safari/537.36"}	login	\N	2026-05-11 09:13:15.289	\N
189	1	103.110.48.70	2026-05-11	{"success": true, "user_agent": "Mozilla/5.0 (Windows NT 10.0; Win64; x64) AppleWebKit/537.36 (KHTML, like Gecko) Chrome/147.0.0.0 Safari/537.36"}	login	\N	2026-05-11 10:14:19.866	\N
190	1	103.110.48.70	2026-05-11	{"success": true, "user_agent": "Mozilla/5.0 (Windows NT 10.0; Win64; x64) AppleWebKit/537.36 (KHTML, like Gecko) Chrome/147.0.0.0 Safari/537.36"}	login	\N	2026-05-11 10:48:21.679	\N
191	1	70.167.159.123	2026-05-11	{"success": true, "user_agent": "Mozilla/5.0 (Macintosh; Intel Mac OS X 10_15_7) AppleWebKit/605.1.15 (KHTML, like Gecko) Version/26.4 Safari/605.1.15"}	login	\N	2026-05-11 15:43:21.124	\N
192	1	70.167.159.123	2026-05-11	{"success": true, "user_agent": "Mozilla/5.0 (Macintosh; Intel Mac OS X 10_15_7) AppleWebKit/605.1.15 (KHTML, like Gecko) Version/26.4 Safari/605.1.15"}	login	\N	2026-05-11 16:05:23.306	\N
193	1	103.110.48.70	2026-05-11	{"success": true, "user_agent": "Mozilla/5.0 (Windows NT 10.0; Win64; x64) AppleWebKit/537.36 (KHTML, like Gecko) Chrome/147.0.0.0 Safari/537.36"}	login	\N	2026-05-11 16:10:04.647	\N
194	1	70.167.159.123	2026-05-11	{"success": true, "user_agent": "Mozilla/5.0 (Macintosh; Intel Mac OS X 10_15_7) AppleWebKit/605.1.15 (KHTML, like Gecko) Version/26.4 Safari/605.1.15"}	login	\N	2026-05-11 16:31:44.521	\N
195	1	70.167.159.123	2026-05-11	{"success": true, "user_agent": "Mozilla/5.0 (Macintosh; Intel Mac OS X 10_15_7) AppleWebKit/605.1.15 (KHTML, like Gecko) Version/26.4 Safari/605.1.15"}	login	\N	2026-05-11 19:54:20.449	\N
196	1	103.110.48.70	2026-05-12	{"success": true, "user_agent": "Mozilla/5.0 (Windows NT 10.0; Win64; x64) AppleWebKit/537.36 (KHTML, like Gecko) Chrome/147.0.0.0 Safari/537.36"}	login	\N	2026-05-12 07:20:57.837	\N
197	1	103.110.48.70	2026-05-12	{"success": true, "user_agent": "Mozilla/5.0 (Windows NT 10.0; Win64; x64) AppleWebKit/537.36 (KHTML, like Gecko) Chrome/147.0.0.0 Safari/537.36"}	login	\N	2026-05-12 10:38:16.054	\N
198	1	103.110.48.127	2026-05-13	{"success": true, "user_agent": "Mozilla/5.0 (Windows NT 10.0; Win64; x64) AppleWebKit/537.36 (KHTML, like Gecko) Chrome/147.0.0.0 Safari/537.36"}	login	\N	2026-05-13 08:22:45.44	\N
199	1	103.110.48.127	2026-05-13	{"success": true, "user_agent": "Mozilla/5.0 (Windows NT 10.0; Win64; x64) AppleWebKit/537.36 (KHTML, like Gecko) Chrome/147.0.0.0 Safari/537.36"}	login	\N	2026-05-13 08:47:33.744	\N
200	1	103.110.48.127	2026-05-14	{"success": true, "user_agent": "Mozilla/5.0 (Windows NT 10.0; Win64; x64) AppleWebKit/537.36 (KHTML, like Gecko) Chrome/147.0.0.0 Safari/537.36"}	login	\N	2026-05-14 03:18:51.917	\N
201	1	103.110.48.127	2026-05-14	{"success": true, "user_agent": "Mozilla/5.0 (Windows NT 10.0; Win64; x64) AppleWebKit/537.36 (KHTML, like Gecko) Chrome/147.0.0.0 Safari/537.36"}	login	\N	2026-05-14 04:25:39.309	\N
202	1	103.110.48.127	2026-05-14	{"success": true, "user_agent": "Mozilla/5.0 (Windows NT 10.0; Win64; x64) AppleWebKit/537.36 (KHTML, like Gecko) Chrome/148.0.0.0 Safari/537.36"}	login	\N	2026-05-14 07:33:09.024	\N
203	1	103.110.48.127	2026-05-14	{"success": true, "user_agent": "Mozilla/5.0 (Windows NT 10.0; Win64; x64) AppleWebKit/537.36 (KHTML, like Gecko) Chrome/148.0.0.0 Safari/537.36"}	login	\N	2026-05-14 07:59:56.115	\N
204	1	103.110.48.127	2026-05-15	{"success": true, "user_agent": "Mozilla/5.0 (Windows NT 10.0; Win64; x64) AppleWebKit/537.36 (KHTML, like Gecko) Chrome/148.0.0.0 Safari/537.36"}	login	\N	2026-05-15 09:01:01.472	\N
205	1	103.110.48.127	2026-05-15	{"success": true, "user_agent": "Mozilla/5.0 (Windows NT 10.0; Win64; x64) AppleWebKit/537.36 (KHTML, like Gecko) Chrome/148.0.0.0 Safari/537.36"}	login	\N	2026-05-15 10:24:22.955	\N
206	1	103.110.48.127	2026-05-15	{"success": true, "user_agent": "Mozilla/5.0 (Windows NT 10.0; Win64; x64) AppleWebKit/537.36 (KHTML, like Gecko) Chrome/148.0.0.0 Safari/537.36"}	login	\N	2026-05-15 14:10:11.43	\N
207	1	216.123.212.251	2026-05-16	{"success": true, "user_agent": "Mozilla/5.0 (Macintosh; Intel Mac OS X 10_15_7) AppleWebKit/605.1.15 (KHTML, like Gecko) Version/26.4 Safari/605.1.15"}	login	\N	2026-05-16 20:41:21.273	\N
208	1	103.110.48.127	2026-05-18	{"success": true, "user_agent": "Mozilla/5.0 (Windows NT 10.0; Win64; x64) AppleWebKit/537.36 (KHTML, like Gecko) Chrome/148.0.0.0 Safari/537.36"}	login	\N	2026-05-18 05:13:37.232	\N
209	1	103.110.48.127	2026-05-18	{"success": true, "user_agent": "Mozilla/5.0 (Windows NT 10.0; Win64; x64) AppleWebKit/537.36 (KHTML, like Gecko) Chrome/148.0.0.0 Safari/537.36"}	login	\N	2026-05-18 05:53:01.516	\N
210	1	103.110.48.127	2026-05-18	{"success": true, "user_agent": "Mozilla/5.0 (Windows NT 10.0; Win64; x64) AppleWebKit/537.36 (KHTML, like Gecko) Chrome/148.0.0.0 Safari/537.36"}	login	\N	2026-05-18 06:16:39.936	\N
211	1	216.123.212.251	2026-05-19	{"success": true, "user_agent": "Mozilla/5.0 (Macintosh; Intel Mac OS X 10_15_7) AppleWebKit/605.1.15 (KHTML, like Gecko) Version/26.4 Safari/605.1.15"}	login	\N	2026-05-19 01:44:04.718	\N
212	1	103.110.48.127	2026-05-19	{"success": true, "user_agent": "Mozilla/5.0 (Windows NT 10.0; Win64; x64) AppleWebKit/537.36 (KHTML, like Gecko) Chrome/148.0.0.0 Safari/537.36"}	login	\N	2026-05-19 08:13:13.895	\N
213	1	103.110.48.127	2026-05-19	{"success": true, "user_agent": "Mozilla/5.0 (Windows NT 10.0; Win64; x64) AppleWebKit/537.36 (KHTML, like Gecko) Chrome/148.0.0.0 Safari/537.36"}	login	\N	2026-05-19 08:58:01.661	\N
214	1	103.110.48.127	2026-05-19	{"success": true, "user_agent": "Mozilla/5.0 (Windows NT 10.0; Win64; x64) AppleWebKit/537.36 (KHTML, like Gecko) Chrome/148.0.0.0 Safari/537.36"}	login	\N	2026-05-19 09:57:45.981	\N
215	1	103.110.48.127	2026-05-19	{"success": true, "user_agent": "Mozilla/5.0 (Windows NT 10.0; Win64; x64) AppleWebKit/537.36 (KHTML, like Gecko) Chrome/148.0.0.0 Safari/537.36"}	login	\N	2026-05-19 11:25:23.169	\N
216	1	103.110.48.91	2026-05-20	{"success": true, "user_agent": "Mozilla/5.0 (Windows NT 10.0; Win64; x64) AppleWebKit/537.36 (KHTML, like Gecko) Chrome/148.0.0.0 Safari/537.36"}	login	\N	2026-05-20 08:03:40.22	\N
217	1	103.110.48.91	2026-05-20	{"success": true, "user_agent": "Mozilla/5.0 (Windows NT 10.0; Win64; x64) AppleWebKit/537.36 (KHTML, like Gecko) Chrome/148.0.0.0 Safari/537.36"}	login	\N	2026-05-20 08:38:34.033	\N
218	1	103.110.48.91	2026-05-20	{"success": true, "user_agent": "Mozilla/5.0 (Windows NT 10.0; Win64; x64) AppleWebKit/537.36 (KHTML, like Gecko) Chrome/148.0.0.0 Safari/537.36"}	login	\N	2026-05-20 09:03:48.38	\N
219	1	103.110.48.91	2026-05-20	{"success": true, "user_agent": "Mozilla/5.0 (Windows NT 10.0; Win64; x64) AppleWebKit/537.36 (KHTML, like Gecko) Chrome/148.0.0.0 Safari/537.36"}	login	\N	2026-05-20 09:31:52.136	\N
220	1	103.110.48.91	2026-05-20	{"success": true, "user_agent": "Mozilla/5.0 (Windows NT 10.0; Win64; x64) AppleWebKit/537.36 (KHTML, like Gecko) Chrome/148.0.0.0 Safari/537.36"}	login	\N	2026-05-20 10:41:30.302	\N
221	1	103.110.48.91	2026-05-20	{"success": true, "user_agent": "Mozilla/5.0 (Windows NT 10.0; Win64; x64) AppleWebKit/537.36 (KHTML, like Gecko) Chrome/148.0.0.0 Safari/537.36"}	login	\N	2026-05-20 12:07:57.636	\N
222	1017	103.110.48.91	2026-05-20	{"success": true, "user_agent": "Mozilla/5.0 (Windows NT 10.0; Win64; x64) AppleWebKit/537.36 (KHTML, like Gecko) Chrome/148.0.0.0 Safari/537.36"}	login	\N	2026-05-20 12:18:40.423	\N
223	1	216.123.212.251	2026-05-20	{"success": true, "user_agent": "Mozilla/5.0 (Macintosh; Intel Mac OS X 10_15_7) AppleWebKit/605.1.15 (KHTML, like Gecko) Version/26.4 Safari/605.1.15"}	login	\N	2026-05-20 13:08:27.534	\N
224	1	103.110.48.91	2026-05-21	{"success": true, "user_agent": "Mozilla/5.0 (Windows NT 10.0; Win64; x64) AppleWebKit/537.36 (KHTML, like Gecko) Chrome/148.0.0.0 Safari/537.36"}	login	\N	2026-05-21 05:50:25.632	\N
225	1	103.110.48.91	2026-05-21	{"success": true, "user_agent": "Mozilla/5.0 (Windows NT 10.0; Win64; x64) AppleWebKit/537.36 (KHTML, like Gecko) Chrome/148.0.0.0 Safari/537.36"}	login	\N	2026-05-21 08:20:33.761	\N
226	1	103.110.48.91	2026-05-21	{"success": true, "user_agent": "Mozilla/5.0 (Windows NT 10.0; Win64; x64) AppleWebKit/537.36 (KHTML, like Gecko) Chrome/148.0.0.0 Safari/537.36"}	login	\N	2026-05-21 08:40:55.515	\N
227	1	103.110.48.91	2026-05-21	{"success": true, "user_agent": "Mozilla/5.0 (Windows NT 10.0; Win64; x64) AppleWebKit/537.36 (KHTML, like Gecko) Chrome/148.0.0.0 Safari/537.36"}	login	\N	2026-05-21 15:15:34.724	\N
228	1	103.110.48.91	2026-05-21	{"success": true, "user_agent": "Mozilla/5.0 (Windows NT 10.0; Win64; x64) AppleWebKit/537.36 (KHTML, like Gecko) Chrome/148.0.0.0 Safari/537.36"}	login	\N	2026-05-21 17:52:40.113	\N
229	1	103.110.48.91	2026-05-22	{"success": true, "user_agent": "Mozilla/5.0 (Windows NT 10.0; Win64; x64) AppleWebKit/537.36 (KHTML, like Gecko) Chrome/148.0.0.0 Safari/537.36"}	login	\N	2026-05-22 07:22:47.694	\N
230	1	103.110.48.91	2026-05-22	{"success": true, "user_agent": "Mozilla/5.0 (Windows NT 10.0; Win64; x64) AppleWebKit/537.36 (KHTML, like Gecko) Chrome/148.0.0.0 Safari/537.36"}	login	\N	2026-05-22 09:03:18.648	\N
231	1043	103.110.48.91	2026-05-22	{"success": true, "user_agent": "Mozilla/5.0 (Windows NT 10.0; Win64; x64) AppleWebKit/537.36 (KHTML, like Gecko) Chrome/148.0.0.0 Safari/537.36"}	login	\N	2026-05-22 09:11:37.883	\N
232	1043	103.110.48.91	2026-05-22	{"success": true, "user_agent": "Mozilla/5.0 (Windows NT 10.0; Win64; x64) AppleWebKit/537.36 (KHTML, like Gecko) Chrome/148.0.0.0 Safari/537.36"}	login	\N	2026-05-22 09:34:43.637	\N
233	1	103.110.48.91	2026-05-22	{"success": true, "user_agent": "Mozilla/5.0 (Windows NT 10.0; Win64; x64) AppleWebKit/537.36 (KHTML, like Gecko) Chrome/148.0.0.0 Safari/537.36"}	login	\N	2026-05-22 10:09:38.542	\N
234	1	103.110.48.91	2026-05-22	{"success": true, "user_agent": "Mozilla/5.0 (Windows NT 10.0; Win64; x64) AppleWebKit/537.36 (KHTML, like Gecko) Chrome/148.0.0.0 Safari/537.36"}	login	\N	2026-05-22 11:00:22.076	\N
235	1	103.110.48.91	2026-05-22	{"success": true, "user_agent": "Mozilla/5.0 (Windows NT 10.0; Win64; x64) AppleWebKit/537.36 (KHTML, like Gecko) Chrome/148.0.0.0 Safari/537.36"}	login	\N	2026-05-22 11:16:53.769	\N
236	1043	103.110.48.91	2026-05-22	{"success": true, "user_agent": "Mozilla/5.0 (Windows NT 10.0; Win64; x64) AppleWebKit/537.36 (KHTML, like Gecko) Chrome/148.0.0.0 Safari/537.36"}	login	\N	2026-05-22 12:08:55.301	\N
237	1	103.110.48.91	2026-05-23	{"success": true, "user_agent": "Mozilla/5.0 (Windows NT 10.0; Win64; x64) AppleWebKit/537.36 (KHTML, like Gecko) Chrome/148.0.0.0 Safari/537.36"}	login	\N	2026-05-23 07:36:44.998	\N
238	1	103.110.48.91	2026-05-25	{"success": true, "user_agent": "Mozilla/5.0 (Windows NT 10.0; Win64; x64) AppleWebKit/537.36 (KHTML, like Gecko) Chrome/148.0.0.0 Safari/537.36"}	login	\N	2026-05-25 10:35:30.047	\N
239	1	103.110.48.91	2026-05-25	{"success": true, "user_agent": "Mozilla/5.0 (Windows NT 10.0; Win64; x64) AppleWebKit/537.36 (KHTML, like Gecko) Chrome/148.0.0.0 Safari/537.36"}	login	\N	2026-05-25 11:29:46.827	\N
240	1	103.110.48.91	2026-05-25	{"success": true, "user_agent": "Mozilla/5.0 (Windows NT 10.0; Win64; x64) AppleWebKit/537.36 (KHTML, like Gecko) Chrome/148.0.0.0 Safari/537.36"}	login	\N	2026-05-25 16:13:55.206	\N
241	1	103.110.48.73	2026-05-26	{"success": true, "user_agent": "Mozilla/5.0 (Windows NT 10.0; Win64; x64) AppleWebKit/537.36 (KHTML, like Gecko) Chrome/148.0.0.0 Safari/537.36"}	login	\N	2026-05-26 07:22:17.043	\N
242	1	103.110.48.73	2026-05-26	{"success": true, "user_agent": "Mozilla/5.0 (Windows NT 10.0; Win64; x64) AppleWebKit/537.36 (KHTML, like Gecko) Chrome/148.0.0.0 Safari/537.36"}	login	\N	2026-05-26 09:25:06.504	\N
243	1045	103.110.48.73	2026-05-26	{"success": true, "user_agent": "Mozilla/5.0 (Windows NT 10.0; Win64; x64) AppleWebKit/537.36 (KHTML, like Gecko) Chrome/148.0.0.0 Safari/537.36"}	login	\N	2026-05-26 09:26:18.562	\N
244	1046	103.110.48.73	2026-05-26	{"success": true, "user_agent": "Mozilla/5.0 (Windows NT 10.0; Win64; x64) AppleWebKit/537.36 (KHTML, like Gecko) Chrome/148.0.0.0 Safari/537.36"}	login	\N	2026-05-26 09:28:23.458	\N
245	1	103.110.48.73	2026-05-26	{"success": true, "user_agent": "Mozilla/5.0 (Windows NT 10.0; Win64; x64) AppleWebKit/537.36 (KHTML, like Gecko) Chrome/148.0.0.0 Safari/537.36"}	login	\N	2026-05-26 12:11:14.637	\N
246	1	103.110.48.73	2026-05-26	{"success": true, "user_agent": "Mozilla/5.0 (Windows NT 10.0; Win64; x64) AppleWebKit/537.36 (KHTML, like Gecko) Chrome/148.0.0.0 Safari/537.36"}	login	\N	2026-05-26 12:32:31.421	\N
247	1045	174.219.53.235	2026-05-26	{"success": true, "user_agent": "Mozilla/5.0 (iPhone; CPU iPhone OS 18_7 like Mac OS X) AppleWebKit/605.1.15 (KHTML, like Gecko) Version/26.5 Mobile/15E148 Safari/604.1"}	login	\N	2026-05-26 13:42:49.004	\N
248	1045	142.44.73.133	2026-05-26	{"success": true, "user_agent": "Mozilla/5.0 (Macintosh; Intel Mac OS X 10_15_7) AppleWebKit/605.1.15 (KHTML, like Gecko) Version/26.5 Safari/605.1.15"}	login	\N	2026-05-26 14:09:04.914	\N
249	1	103.110.48.73	2026-05-27	{"success": true, "user_agent": "Mozilla/5.0 (Windows NT 10.0; Win64; x64) AppleWebKit/537.36 (KHTML, like Gecko) Chrome/148.0.0.0 Safari/537.36"}	login	\N	2026-05-27 09:28:46.895	\N
250	1	103.110.48.73	2026-05-27	{"success": true, "user_agent": "Mozilla/5.0 (Windows NT 10.0; Win64; x64) AppleWebKit/537.36 (KHTML, like Gecko) Chrome/148.0.0.0 Safari/537.36"}	login	\N	2026-05-27 11:15:45.488	\N
251	1	103.110.48.73	2026-05-27	{"success": true, "user_agent": "Mozilla/5.0 (Windows NT 10.0; Win64; x64) AppleWebKit/537.36 (KHTML, like Gecko) Chrome/148.0.0.0 Safari/537.36"}	login	\N	2026-05-27 13:40:06.024	\N
252	1	103.110.48.92	2026-05-28	{"success": true, "user_agent": "Mozilla/5.0 (Windows NT 10.0; Win64; x64) AppleWebKit/537.36 (KHTML, like Gecko) Chrome/148.0.0.0 Safari/537.36"}	login	\N	2026-05-28 05:28:49.853	\N
253	1	103.110.48.92	2026-05-28	{"success": true, "user_agent": "Mozilla/5.0 (Windows NT 10.0; Win64; x64) AppleWebKit/537.36 (KHTML, like Gecko) Chrome/148.0.0.0 Safari/537.36"}	login	\N	2026-05-28 06:58:51.914	\N
254	1	103.110.48.92	2026-05-28	{"success": true, "user_agent": "Mozilla/5.0 (Windows NT 10.0; Win64; x64) AppleWebKit/537.36 (KHTML, like Gecko) Chrome/148.0.0.0 Safari/537.36"}	login	\N	2026-05-28 07:03:34.715	\N
255	1	103.110.48.92	2026-05-28	{"success": true, "user_agent": "Mozilla/5.0 (Windows NT 10.0; Win64; x64) AppleWebKit/537.36 (KHTML, like Gecko) Chrome/148.0.0.0 Safari/537.36"}	login	\N	2026-05-28 09:16:46.254	\N
256	1	103.110.48.92	2026-05-28	{"success": true, "user_agent": "Mozilla/5.0 (Windows NT 10.0; Win64; x64) AppleWebKit/537.36 (KHTML, like Gecko) Chrome/148.0.0.0 Safari/537.36"}	login	\N	2026-05-28 10:39:43.705	\N
257	1	103.110.48.92	2026-05-28	{"success": true, "user_agent": "Mozilla/5.0 (Windows NT 10.0; Win64; x64) AppleWebKit/537.36 (KHTML, like Gecko) Chrome/148.0.0.0 Safari/537.36"}	login	\N	2026-05-28 10:41:23.918	\N
258	1	103.110.48.92	2026-05-28	{"success": true, "user_agent": "Mozilla/5.0 (Windows NT 10.0; Win64; x64) AppleWebKit/537.36 (KHTML, like Gecko) Chrome/148.0.0.0 Safari/537.36"}	login	\N	2026-05-28 11:47:11.571	\N
259	1	12.188.169.2	2026-05-29	{"success": true, "user_agent": "Mozilla/5.0 (Macintosh; Intel Mac OS X 10_15_7) AppleWebKit/605.1.15 (KHTML, like Gecko) Version/26.5 Safari/605.1.15"}	login	\N	2026-05-29 03:38:05.907	\N
260	1	106.219.208.17	2026-05-29	{"success": true, "user_agent": "Mozilla/5.0 (Windows NT 10.0; Win64; x64) AppleWebKit/537.36 (KHTML, like Gecko) Chrome/148.0.0.0 Safari/537.36"}	login	\N	2026-05-29 04:01:10.784	\N
261	1	103.110.48.79	2026-05-29	{"success": true, "user_agent": "Mozilla/5.0 (Windows NT 10.0; Win64; x64) AppleWebKit/537.36 (KHTML, like Gecko) Chrome/148.0.0.0 Safari/537.36"}	login	\N	2026-05-29 08:28:08.484	\N
262	1	103.110.48.25	2026-05-29	{"success": true, "user_agent": "Mozilla/5.0 (Windows NT 10.0; Win64; x64) AppleWebKit/537.36 (KHTML, like Gecko) Chrome/148.0.0.0 Safari/537.36"}	login	\N	2026-05-29 10:12:48.24	\N
263	1	103.110.48.25	2026-05-29	{"success": true, "user_agent": "Mozilla/5.0 (Windows NT 10.0; Win64; x64) AppleWebKit/537.36 (KHTML, like Gecko) Chrome/148.0.0.0 Safari/537.36"}	login	\N	2026-05-29 13:40:17.846	\N
264	1	103.110.48.122	2026-06-01	{"success": true, "user_agent": "Mozilla/5.0 (Windows NT 10.0; Win64; x64) AppleWebKit/537.36 (KHTML, like Gecko) Chrome/148.0.0.0 Safari/537.36"}	login	\N	2026-06-01 13:32:26.585	\N
265	1	103.110.48.122	2026-06-01	{"success": true, "user_agent": "Mozilla/5.0 (Windows NT 10.0; Win64; x64) AppleWebKit/537.36 (KHTML, like Gecko) Chrome/148.0.0.0 Safari/537.36"}	login	\N	2026-06-01 17:02:04.753	\N
266	1	103.110.48.122	2026-06-02	{"success": true, "user_agent": "Mozilla/5.0 (Windows NT 10.0; Win64; x64) AppleWebKit/537.36 (KHTML, like Gecko) Chrome/148.0.0.0 Safari/537.36"}	login	\N	2026-06-02 08:12:00.641	\N
267	1052	223.188.34.96	2026-06-02	{"success": true, "user_agent": "Mozilla/5.0 (Windows NT 10.0; Win64; x64) AppleWebKit/537.36 (KHTML, like Gecko) Chrome/148.0.0.0 Safari/537.36"}	login	\N	2026-06-02 11:09:56.85	\N
268	1	223.188.34.96	2026-06-02	{"success": true, "user_agent": "Mozilla/5.0 (Windows NT 10.0; Win64; x64) AppleWebKit/537.36 (KHTML, like Gecko) Chrome/148.0.0.0 Safari/537.36"}	login	\N	2026-06-02 11:33:55.198	\N
269	1	103.110.48.23	2026-06-03	{"success": true, "user_agent": "Mozilla/5.0 (Windows NT 10.0; Win64; x64) AppleWebKit/537.36 (KHTML, like Gecko) Chrome/148.0.0.0 Safari/537.36"}	login	\N	2026-06-03 10:28:30.067	\N
270	1	32.141.199.86	2026-06-03	{"success": true, "user_agent": "Mozilla/5.0 (Macintosh; Intel Mac OS X 10_15_7) AppleWebKit/605.1.15 (KHTML, like Gecko) Version/26.5 Safari/605.1.15"}	login	\N	2026-06-03 11:45:12.126	\N
271	1	32.141.199.86	2026-06-03	{"success": true, "user_agent": "Mozilla/5.0 (Macintosh; Intel Mac OS X 10_15_7) AppleWebKit/605.1.15 (KHTML, like Gecko) Version/26.5 Safari/605.1.15"}	login	\N	2026-06-03 11:51:31.076	\N
272	1053	32.141.199.86	2026-06-03	{"success": true, "user_agent": "Mozilla/5.0 (Macintosh; Intel Mac OS X 10_15_7) AppleWebKit/605.1.15 (KHTML, like Gecko) Version/26.5 Safari/605.1.15"}	login	\N	2026-06-03 12:10:06.655	\N
273	1	143.59.188.122	2026-06-03	{"success": true, "user_agent": "Mozilla/5.0 (Macintosh; Intel Mac OS X 10_15_7) AppleWebKit/605.1.15 (KHTML, like Gecko) Version/26.5 Safari/605.1.15"}	login	\N	2026-06-03 12:23:38.216	\N
274	1053	32.141.199.86	2026-06-03	{"success": true, "user_agent": "Mozilla/5.0 (Macintosh; Intel Mac OS X 10_15_7) AppleWebKit/605.1.15 (KHTML, like Gecko) Version/26.5 Safari/605.1.15"}	login	\N	2026-06-03 12:31:44.817	\N
275	1	32.141.199.86	2026-06-03	{"success": true, "user_agent": "Mozilla/5.0 (Macintosh; Intel Mac OS X 10_15_7) AppleWebKit/605.1.15 (KHTML, like Gecko) Version/26.5 Safari/605.1.15"}	login	\N	2026-06-03 12:33:28.617	\N
276	1	32.141.199.86	2026-06-03	{"success": true, "user_agent": "Mozilla/5.0 (Macintosh; Intel Mac OS X 10_15_7) AppleWebKit/605.1.15 (KHTML, like Gecko) Version/26.5 Safari/605.1.15"}	login	\N	2026-06-03 12:33:49.491	\N
277	1	103.110.48.23	2026-06-03	{"success": true, "user_agent": "Mozilla/5.0 (Windows NT 10.0; Win64; x64) AppleWebKit/537.36 (KHTML, like Gecko) Chrome/148.0.0.0 Safari/537.36"}	login	\N	2026-06-03 13:05:36.181	\N
278	1	103.110.48.23	2026-06-03	{"success": true, "user_agent": "Mozilla/5.0 (Windows NT 10.0; Win64; x64) AppleWebKit/537.36 (KHTML, like Gecko) Chrome/148.0.0.0 Safari/537.36"}	login	\N	2026-06-03 15:39:06.494	\N
279	1	103.110.48.23	2026-06-03	{"success": true, "user_agent": "Mozilla/5.0 (Windows NT 10.0; Win64; x64) AppleWebKit/537.36 (KHTML, like Gecko) Chrome/148.0.0.0 Safari/537.36"}	login	\N	2026-06-03 15:55:33.841	\N
280	1	103.110.48.23	2026-06-04	{"success": true, "user_agent": "Mozilla/5.0 (Windows NT 10.0; Win64; x64) AppleWebKit/537.36 (KHTML, like Gecko) Chrome/148.0.0.0 Safari/537.36"}	login	\N	2026-06-04 03:09:26.144	\N
281	1	103.110.48.23	2026-06-04	{"success": true, "user_agent": "Mozilla/5.0 (Windows NT 10.0; Win64; x64) AppleWebKit/537.36 (KHTML, like Gecko) Chrome/148.0.0.0 Safari/537.36"}	login	\N	2026-06-04 03:09:49.338	\N
282	1	103.110.48.23	2026-06-04	{"success": true, "user_agent": "Mozilla/5.0 (Windows NT 10.0; Win64; x64) AppleWebKit/537.36 (KHTML, like Gecko) Chrome/148.0.0.0 Safari/537.36"}	login	\N	2026-06-04 08:34:34.182	\N
283	1	103.110.48.23	2026-06-04	{"success": true, "user_agent": "Mozilla/5.0 (Windows NT 10.0; Win64; x64) AppleWebKit/537.36 (KHTML, like Gecko) Chrome/148.0.0.0 Safari/537.36"}	login	\N	2026-06-04 09:55:47.163	\N
284	1	103.110.48.23	2026-06-04	{"success": true, "user_agent": "Mozilla/5.0 (Windows NT 10.0; Win64; x64) AppleWebKit/537.36 (KHTML, like Gecko) Chrome/148.0.0.0 Safari/537.36"}	login	\N	2026-06-04 10:14:21.639	\N
285	1	103.110.48.23	2026-06-04	{"success": true, "user_agent": "Mozilla/5.0 (Windows NT 10.0; Win64; x64) AppleWebKit/537.36 (KHTML, like Gecko) Chrome/148.0.0.0 Safari/537.36"}	login	\N	2026-06-04 10:41:52.116	\N
286	1	103.110.48.23	2026-06-04	{"success": true, "user_agent": "Mozilla/5.0 (Windows NT 10.0; Win64; x64) AppleWebKit/537.36 (KHTML, like Gecko) Chrome/148.0.0.0 Safari/537.36"}	login	\N	2026-06-04 11:29:50.119	\N
287	1	174.230.60.4	2026-06-04	{"success": true, "user_agent": "Mozilla/5.0 (Macintosh; Intel Mac OS X 10_15_7) AppleWebKit/605.1.15 (KHTML, like Gecko) Version/26.5 Safari/605.1.15"}	login	\N	2026-06-04 14:37:02.362	\N
288	1	103.110.48.23	2026-06-04	{"success": true, "user_agent": "Mozilla/5.0 (Windows NT 10.0; Win64; x64) AppleWebKit/537.36 (KHTML, like Gecko) Chrome/148.0.0.0 Safari/537.36"}	login	\N	2026-06-04 14:44:30.966	\N
289	1	103.110.48.87	2026-06-05	{"success": true, "user_agent": "Mozilla/5.0 (Windows NT 10.0; Win64; x64) AppleWebKit/537.36 (KHTML, like Gecko) Chrome/149.0.0.0 Safari/537.36"}	login	\N	2026-06-05 09:33:42.163	\N
290	1	103.110.48.87	2026-06-05	{"success": true, "user_agent": "Mozilla/5.0 (Windows NT 10.0; Win64; x64) AppleWebKit/537.36 (KHTML, like Gecko) Chrome/149.0.0.0 Safari/537.36"}	login	\N	2026-06-05 09:49:22.702	\N
291	1	103.110.48.87	2026-06-05	{"success": true, "user_agent": "Mozilla/5.0 (Windows NT 10.0; Win64; x64) AppleWebKit/537.36 (KHTML, like Gecko) Chrome/149.0.0.0 Safari/537.36"}	login	\N	2026-06-05 10:43:43.908	\N
292	1	174.219.132.92	2026-06-05	{"success": true, "user_agent": "Mozilla/5.0 (Macintosh; Intel Mac OS X 10_15_7) AppleWebKit/605.1.15 (KHTML, like Gecko) Version/26.5 Safari/605.1.15"}	login	\N	2026-06-05 12:12:11.506	\N
293	1	223.184.155.22	2026-06-07	{"success": true, "user_agent": "Mozilla/5.0 (Windows NT 10.0; Win64; x64) AppleWebKit/537.36 (KHTML, like Gecko) Chrome/149.0.0.0 Safari/537.36"}	login	\N	2026-06-07 08:56:05.432	\N
294	1	103.110.48.87	2026-06-08	{"success": true, "user_agent": "Mozilla/5.0 (Windows NT 10.0; Win64; x64) AppleWebKit/537.36 (KHTML, like Gecko) Chrome/149.0.0.0 Safari/537.36"}	login	\N	2026-06-08 05:23:05.396	\N
295	1	103.110.48.87	2026-06-08	{"success": true, "user_agent": "Mozilla/5.0 (Windows NT 10.0; Win64; x64) AppleWebKit/537.36 (KHTML, like Gecko) Chrome/149.0.0.0 Safari/537.36"}	login	\N	2026-06-08 06:28:02.179	\N
296	1	103.110.48.87	2026-06-08	{"success": true, "user_agent": "Mozilla/5.0 (Windows NT 10.0; Win64; x64) AppleWebKit/537.36 (KHTML, like Gecko) Chrome/149.0.0.0 Safari/537.36"}	login	\N	2026-06-08 07:06:46.864	\N
\.


--
-- Data for Name: marketplace_categories; Type: TABLE DATA; Schema: public; Owner: waterexpress_user
--

COPY public.marketplace_categories (id, vendor_id, name, slug, description, sort_order, is_active, created_at, updated_at) FROM stdin;
2	1	Flavors	flavors	\N	1	t	2026-06-05 09:49:05.086	2026-06-08 06:36:26.025
3	1	Coolers	coolers	\N	2	t	2026-06-05 09:49:05.089	2026-06-08 06:36:26.027
5	1	Spoons	spoons	\N	4	t	2026-06-05 09:49:05.093	2026-06-08 06:36:26.034
6	1	Napkins	napkins	\N	5	t	2026-06-05 09:49:05.095	2026-06-08 06:36:26.037
7	1	Serving Supplies	serving-supplies	\N	6	t	2026-06-05 09:49:05.098	2026-06-08 06:36:26.04
8	1	Bundles	bundles	\N	7	t	2026-06-05 09:49:05.101	2026-06-08 06:36:26.043
9	1	Seasonal Specials	seasonal-specials	\N	8	t	2026-06-05 09:49:05.104	2026-06-08 06:36:26.045
1	1	Water Ice Buckets	water-ice-buckets	\N	0	t	2026-06-05 09:49:05.078	2026-06-08 06:36:27.32
4	1	Cups	cups	\N	1	t	2026-06-05 09:49:05.091	2026-06-08 06:36:27.339
30	5	Ice Cream	ice-cream	\N	0	t	2026-06-08 06:36:27.354	\N
31	5	Toppings	toppings	\N	1	t	2026-06-08 06:36:27.368	\N
32	6	Snacks	snacks	\N	0	t	2026-06-08 06:36:27.376	\N
33	6	Supplies	supplies	\N	1	t	2026-06-08 06:36:27.388	\N
34	7	Beverages	beverages	\N	0	t	2026-06-08 06:36:27.395	\N
35	7	Supplies	supplies	\N	1	t	2026-06-08 06:36:27.408	\N
36	8	Tableware	tableware	\N	0	t	2026-06-08 06:36:27.417	\N
37	8	Decor	decor	\N	1	t	2026-06-08 06:36:27.424	\N
\.


--
-- Data for Name: marketplace_config; Type: TABLE DATA; Schema: public; Owner: waterexpress_user
--

COPY public.marketplace_config (id, key, value, created_at, updated_at) FROM stdin;
\.


--
-- Data for Name: marketplace_deliveries; Type: TABLE DATA; Schema: public; Owner: waterexpress_user
--

COPY public.marketplace_deliveries (id, order_id, queue_id, buyer_organization_id, status, assigned_to, address_line, city, state, postal_code, country, scheduled_at, delivered_at, created_at, updated_at) FROM stdin;
1	1	1	1055	assigned	Dana Rivera	Jacksonville Distribution Hub	Jacksonville	FL	\N	USA	2026-06-13 06:36:27.462	\N	2026-05-30 06:36:27.45	2026-05-30 06:36:27.45
2	2	1	1056	assigned	Dana Rivera	Jacksonville Distribution Hub	Jacksonville	FL	\N	USA	2026-06-13 06:36:27.476	\N	2026-05-31 06:36:27.47	2026-05-31 06:36:27.47
3	3	1	1055	queued	\N	Tampa Distribution Hub	Tampa	FL	\N	USA	\N	\N	2026-06-04 06:36:27.481	2026-06-04 06:36:27.481
4	4	1	1058	queued	\N	Tampa Distribution Hub	Tampa	FL	\N	USA	\N	\N	2026-06-05 06:36:27.49	2026-06-05 06:36:27.49
5	5	1	1057	queued	\N	Orlando Distribution Hub	Orlando	FL	\N	USA	\N	\N	2026-06-06 06:36:27.499	2026-06-06 06:36:27.499
6	6	1	1056	delivered	Dana Rivera	Miami Distribution Hub	Miami	FL	\N	USA	2026-06-05 06:36:27.513	2026-06-05 06:36:27.513	2026-05-19 06:36:27.508	2026-05-19 06:36:27.508
7	7	2	1059	assigned	Dana Rivera	Atlanta Distribution Hub	Atlanta	GA	\N	USA	2026-06-13 06:36:27.547	\N	2026-06-01 06:36:27.541	2026-06-01 06:36:27.541
8	8	2	1057	assigned	Dana Rivera	Atlanta Distribution Hub	Atlanta	GA	\N	USA	2026-06-13 06:36:27.557	\N	2026-06-02 06:36:27.552	2026-06-02 06:36:27.552
9	9	2	1055	queued	\N	Charlotte Distribution Hub	Charlotte	NC	\N	USA	\N	\N	2026-06-03 06:36:27.562	2026-06-03 06:36:27.562
10	10	2	1056	queued	\N	Savannah Distribution Hub	Savannah	GA	\N	USA	\N	\N	2026-06-07 06:36:27.571	2026-06-07 06:36:27.571
11	11	2	1059	delivered	Dana Rivera	Nashville Distribution Hub	Nashville	TN	\N	USA	2026-06-05 06:36:27.586	2026-06-05 06:36:27.586	2026-05-17 06:36:27.58	2026-05-17 06:36:27.58
12	12	3	1057	assigned	Dana Rivera	Philadelphia Distribution Hub	Philadelphia	PA	\N	USA	2026-06-13 06:36:27.622	\N	2026-05-29 06:36:27.616	2026-05-29 06:36:27.616
13	13	3	1058	assigned	Dana Rivera	Philadelphia Distribution Hub	Philadelphia	PA	\N	USA	2026-06-13 06:36:27.634	\N	2026-05-30 06:36:27.627	2026-05-30 06:36:27.627
14	14	3	1056	queued	\N	Boston Distribution Hub	Boston	MA	\N	USA	\N	\N	2026-06-06 06:36:27.64	2026-06-06 06:36:27.64
15	15	3	1055	delivered	Dana Rivera	New York Distribution Hub	New York	NY	\N	USA	2026-06-05 06:36:27.656	2026-06-05 06:36:27.656	2026-05-14 06:36:27.651	2026-05-14 06:36:27.651
16	16	4	1059	assigned	Dana Rivera	Chicago Distribution Hub	Chicago	IL	\N	USA	2026-06-13 06:36:27.681	\N	2026-05-31 06:36:27.676	2026-05-31 06:36:27.676
17	17	4	1055	assigned	Dana Rivera	Chicago Distribution Hub	Chicago	IL	\N	USA	2026-06-13 06:36:27.689	\N	2026-06-01 06:36:27.685	2026-06-01 06:36:27.685
18	18	4	1057	queued	\N	Detroit Distribution Hub	Detroit	MI	\N	USA	\N	\N	2026-06-04 06:36:27.692	2026-06-04 06:36:27.692
19	19	4	1058	queued	\N	Detroit Distribution Hub	Detroit	MI	\N	USA	\N	\N	2026-06-05 06:36:27.699	2026-06-05 06:36:27.699
20	20	4	1056	queued	\N	Columbus Distribution Hub	Columbus	OH	\N	USA	\N	\N	2026-06-07 06:36:27.706	2026-06-07 06:36:27.706
21	21	5	1055	assigned	Dana Rivera	Los Angeles Distribution Hub	Los Angeles	CA	\N	USA	2026-06-13 06:36:27.729	\N	2026-06-02 06:36:27.723	2026-06-02 06:36:27.723
22	22	5	1059	assigned	Dana Rivera	Los Angeles Distribution Hub	Los Angeles	CA	\N	USA	2026-06-13 06:36:27.738	\N	2026-06-03 06:36:27.732	2026-06-03 06:36:27.732
23	23	5	1056	queued	\N	Phoenix Distribution Hub	Phoenix	AZ	\N	USA	\N	\N	2026-06-06 06:36:27.741	2026-06-06 06:36:27.741
24	24	5	1057	delivered	Dana Rivera	Seattle Distribution Hub	Seattle	WA	\N	USA	2026-06-05 06:36:27.756	2026-06-05 06:36:27.756	2026-05-21 06:36:27.75	2026-05-21 06:36:27.75
\.


--
-- Data for Name: marketplace_delivery_events; Type: TABLE DATA; Schema: public; Owner: waterexpress_user
--

COPY public.marketplace_delivery_events (id, delivery_id, status, note, created_by_user_id, created_at) FROM stdin;
1	1	queued	Order received and queued.	\N	2026-05-30 06:36:27.45
2	1	assigned	Assigned to delivery route.	\N	2026-05-30 06:36:27.45
3	2	queued	Order received and queued.	\N	2026-05-31 06:36:27.47
4	2	assigned	Assigned to delivery route.	\N	2026-05-31 06:36:27.47
5	3	queued	Order received and queued.	\N	2026-06-04 06:36:27.481
6	4	queued	Order received and queued.	\N	2026-06-05 06:36:27.49
7	5	queued	Order received and queued.	\N	2026-06-06 06:36:27.499
8	6	queued	Order received and queued.	\N	2026-05-19 06:36:27.508
9	6	assigned	Assigned to delivery route.	\N	2026-05-19 06:36:27.508
10	6	in_transit	Out for delivery.	\N	2026-05-19 06:36:27.508
11	6	delivered	Delivered successfully.	\N	2026-05-19 06:36:27.508
12	7	queued	Order received and queued.	\N	2026-06-01 06:36:27.541
13	7	assigned	Assigned to delivery route.	\N	2026-06-01 06:36:27.541
14	8	queued	Order received and queued.	\N	2026-06-02 06:36:27.552
15	8	assigned	Assigned to delivery route.	\N	2026-06-02 06:36:27.552
16	9	queued	Order received and queued.	\N	2026-06-03 06:36:27.562
17	10	queued	Order received and queued.	\N	2026-06-07 06:36:27.571
18	11	queued	Order received and queued.	\N	2026-05-17 06:36:27.58
19	11	assigned	Assigned to delivery route.	\N	2026-05-17 06:36:27.58
20	11	in_transit	Out for delivery.	\N	2026-05-17 06:36:27.58
21	11	delivered	Delivered successfully.	\N	2026-05-17 06:36:27.58
22	12	queued	Order received and queued.	\N	2026-05-29 06:36:27.616
23	12	assigned	Assigned to delivery route.	\N	2026-05-29 06:36:27.616
24	13	queued	Order received and queued.	\N	2026-05-30 06:36:27.627
25	13	assigned	Assigned to delivery route.	\N	2026-05-30 06:36:27.627
26	14	queued	Order received and queued.	\N	2026-06-06 06:36:27.64
27	15	queued	Order received and queued.	\N	2026-05-14 06:36:27.651
28	15	assigned	Assigned to delivery route.	\N	2026-05-14 06:36:27.651
29	15	in_transit	Out for delivery.	\N	2026-05-14 06:36:27.651
30	15	delivered	Delivered successfully.	\N	2026-05-14 06:36:27.651
31	16	queued	Order received and queued.	\N	2026-05-31 06:36:27.676
32	16	assigned	Assigned to delivery route.	\N	2026-05-31 06:36:27.676
33	17	queued	Order received and queued.	\N	2026-06-01 06:36:27.685
34	17	assigned	Assigned to delivery route.	\N	2026-06-01 06:36:27.685
35	18	queued	Order received and queued.	\N	2026-06-04 06:36:27.692
36	19	queued	Order received and queued.	\N	2026-06-05 06:36:27.699
37	20	queued	Order received and queued.	\N	2026-06-07 06:36:27.706
38	21	queued	Order received and queued.	\N	2026-06-02 06:36:27.723
39	21	assigned	Assigned to delivery route.	\N	2026-06-02 06:36:27.723
40	22	queued	Order received and queued.	\N	2026-06-03 06:36:27.732
41	22	assigned	Assigned to delivery route.	\N	2026-06-03 06:36:27.732
42	23	queued	Order received and queued.	\N	2026-06-06 06:36:27.741
43	24	queued	Order received and queued.	\N	2026-05-21 06:36:27.75
44	24	assigned	Assigned to delivery route.	\N	2026-05-21 06:36:27.75
45	24	in_transit	Out for delivery.	\N	2026-05-21 06:36:27.75
46	24	delivered	Delivered successfully.	\N	2026-05-21 06:36:27.75
\.


--
-- Data for Name: marketplace_delivery_queues; Type: TABLE DATA; Schema: public; Owner: waterexpress_user
--

COPY public.marketplace_delivery_queues (id, name, description, region, status, created_at, updated_at) FROM stdin;
1	Water Ice Express - Florida Route	[demo-seed] Demo delivery queue for Water Ice Express (Florida).	Florida	active	2026-06-08 06:36:27.447	\N
2	Frosty Treats Co - Southeast Route	[demo-seed] Demo delivery queue for Frosty Treats Co (Southeast).	Southeast	active	2026-06-08 06:36:27.54	\N
3	Sweet Snacks Supply - Northeast Route	[demo-seed] Demo delivery queue for Sweet Snacks Supply (Northeast).	Northeast	active	2026-06-08 06:36:27.614	\N
4	Beverage Bros - Midwest Route	[demo-seed] Demo delivery queue for Beverage Bros (Midwest).	Midwest	active	2026-06-08 06:36:27.675	\N
5	Party Supplies Direct - West Route	[demo-seed] Demo delivery queue for Party Supplies Direct (West).	West	active	2026-06-08 06:36:27.723	\N
\.


--
-- Data for Name: marketplace_order_items; Type: TABLE DATA; Schema: public; Owner: waterexpress_user
--

COPY public.marketplace_order_items (id, order_id, product_id, product_name, quantity, unit_price, total_price, bucket_count_value, created_at) FROM stdin;
1	1	1	Cherry Water Ice Bucket	30	24.99	749.70	1	2026-06-08 06:36:27.451
2	1	6	Cups Pack	1	12.99	12.99	0	2026-06-08 06:36:27.451
3	2	1	Cherry Water Ice Bucket	25	24.99	624.75	1	2026-06-08 06:36:27.471
4	3	1	Cherry Water Ice Bucket	30	24.99	749.70	1	2026-06-08 06:36:27.482
5	3	6	Cups Pack	1	12.99	12.99	0	2026-06-08 06:36:27.482
6	4	1	Cherry Water Ice Bucket	20	24.99	499.80	1	2026-06-08 06:36:27.491
7	5	1	Cherry Water Ice Bucket	20	24.99	499.80	1	2026-06-08 06:36:27.501
8	5	6	Cups Pack	1	12.99	12.99	0	2026-06-08 06:36:27.501
9	6	1	Cherry Water Ice Bucket	50	24.99	1249.50	1	2026-06-08 06:36:27.509
10	6	6	Cups Pack	2	12.99	25.98	0	2026-06-08 06:36:27.509
11	7	29	Vanilla Ice Cream Tub	28	29.99	839.72	1	2026-06-08 06:36:27.543
12	7	32	Rainbow Sprinkles Pack	2	8.99	17.98	0	2026-06-08 06:36:27.543
13	8	29	Vanilla Ice Cream Tub	24	29.99	719.76	1	2026-06-08 06:36:27.554
14	9	29	Vanilla Ice Cream Tub	50	29.99	1499.50	1	2026-06-08 06:36:27.563
15	9	32	Rainbow Sprinkles Pack	1	8.99	8.99	0	2026-06-08 06:36:27.563
16	10	29	Vanilla Ice Cream Tub	18	29.99	539.82	1	2026-06-08 06:36:27.572
17	10	32	Rainbow Sprinkles Pack	1	8.99	8.99	0	2026-06-08 06:36:27.572
18	11	29	Vanilla Ice Cream Tub	55	29.99	1649.45	1	2026-06-08 06:36:27.581
19	11	32	Rainbow Sprinkles Pack	3	8.99	26.97	0	2026-06-08 06:36:27.581
20	12	33	Soft Pretzel Box	32	18.50	592.00	1	2026-06-08 06:36:27.618
21	12	36	Napkins Pack	2	4.99	9.98	0	2026-06-08 06:36:27.618
22	13	33	Soft Pretzel Box	26	18.50	481.00	1	2026-06-08 06:36:27.628
23	13	36	Napkins Pack	1	4.99	4.99	0	2026-06-08 06:36:27.628
24	14	33	Soft Pretzel Box	22	18.50	407.00	1	2026-06-08 06:36:27.641
25	15	33	Soft Pretzel Box	50	18.50	925.00	1	2026-06-08 06:36:27.652
26	15	36	Napkins Pack	4	4.99	19.96	0	2026-06-08 06:36:27.652
27	16	37	Lemonade Concentrate	30	22.00	660.00	1	2026-06-08 06:36:27.677
28	16	40	Cup Lids Pack	2	6.50	13.00	0	2026-06-08 06:36:27.677
29	17	37	Lemonade Concentrate	25	22.00	550.00	1	2026-06-08 06:36:27.686
30	17	40	Cup Lids Pack	1	6.50	6.50	0	2026-06-08 06:36:27.686
31	18	37	Lemonade Concentrate	30	22.00	660.00	1	2026-06-08 06:36:27.693
32	18	40	Cup Lids Pack	1	6.50	6.50	0	2026-06-08 06:36:27.693
33	19	37	Lemonade Concentrate	20	22.00	440.00	1	2026-06-08 06:36:27.7
34	20	37	Lemonade Concentrate	15	22.00	330.00	1	2026-06-08 06:36:27.707
35	20	40	Cup Lids Pack	1	6.50	6.50	0	2026-06-08 06:36:27.707
36	21	41	Table Cover Pack	35	12.00	420.00	1	2026-06-08 06:36:27.724
37	21	44	Plastic Forks Pack	3	5.25	15.75	0	2026-06-08 06:36:27.724
38	22	41	Table Cover Pack	20	12.00	240.00	1	2026-06-08 06:36:27.734
39	22	44	Plastic Forks Pack	1	5.25	5.25	0	2026-06-08 06:36:27.734
40	23	41	Table Cover Pack	28	12.00	336.00	1	2026-06-08 06:36:27.743
41	23	44	Plastic Forks Pack	2	5.25	10.50	0	2026-06-08 06:36:27.743
42	24	41	Table Cover Pack	50	12.00	600.00	1	2026-06-08 06:36:27.751
43	24	44	Plastic Forks Pack	5	5.25	26.25	0	2026-06-08 06:36:27.751
\.


--
-- Data for Name: marketplace_order_lines; Type: TABLE DATA; Schema: public; Owner: waterexpress_user
--

COPY public.marketplace_order_lines (id, order_id, product_id, vendor_id, title, unit_price, quantity, line_total) FROM stdin;
1	1	1	1	Cherry Water Ice Bucket	24.99	30	749.70
2	1	6	1	Cups Pack	12.99	1	12.99
3	2	1	1	Cherry Water Ice Bucket	24.99	25	624.75
4	3	1	1	Cherry Water Ice Bucket	24.99	30	749.70
5	3	6	1	Cups Pack	12.99	1	12.99
6	4	1	1	Cherry Water Ice Bucket	24.99	20	499.80
7	5	1	1	Cherry Water Ice Bucket	24.99	20	499.80
8	5	6	1	Cups Pack	12.99	1	12.99
9	6	1	1	Cherry Water Ice Bucket	24.99	50	1249.50
10	6	6	1	Cups Pack	12.99	2	25.98
11	7	29	5	Vanilla Ice Cream Tub	29.99	28	839.72
12	7	32	5	Rainbow Sprinkles Pack	8.99	2	17.98
13	8	29	5	Vanilla Ice Cream Tub	29.99	24	719.76
14	9	29	5	Vanilla Ice Cream Tub	29.99	50	1499.50
15	9	32	5	Rainbow Sprinkles Pack	8.99	1	8.99
16	10	29	5	Vanilla Ice Cream Tub	29.99	18	539.82
17	10	32	5	Rainbow Sprinkles Pack	8.99	1	8.99
18	11	29	5	Vanilla Ice Cream Tub	29.99	55	1649.45
19	11	32	5	Rainbow Sprinkles Pack	8.99	3	26.97
20	12	33	6	Soft Pretzel Box	18.50	32	592.00
21	12	36	6	Napkins Pack	4.99	2	9.98
22	13	33	6	Soft Pretzel Box	18.50	26	481.00
23	13	36	6	Napkins Pack	4.99	1	4.99
24	14	33	6	Soft Pretzel Box	18.50	22	407.00
25	15	33	6	Soft Pretzel Box	18.50	50	925.00
26	15	36	6	Napkins Pack	4.99	4	19.96
27	16	37	7	Lemonade Concentrate	22.00	30	660.00
28	16	40	7	Cup Lids Pack	6.50	2	13.00
29	17	37	7	Lemonade Concentrate	22.00	25	550.00
30	17	40	7	Cup Lids Pack	6.50	1	6.50
31	18	37	7	Lemonade Concentrate	22.00	30	660.00
32	18	40	7	Cup Lids Pack	6.50	1	6.50
33	19	37	7	Lemonade Concentrate	22.00	20	440.00
34	20	37	7	Lemonade Concentrate	22.00	15	330.00
35	20	40	7	Cup Lids Pack	6.50	1	6.50
36	21	41	8	Table Cover Pack	12.00	35	420.00
37	21	44	8	Plastic Forks Pack	5.25	3	15.75
38	22	41	8	Table Cover Pack	12.00	20	240.00
39	22	44	8	Plastic Forks Pack	5.25	1	5.25
40	23	41	8	Table Cover Pack	12.00	28	336.00
41	23	44	8	Plastic Forks Pack	5.25	2	10.50
42	24	41	8	Table Cover Pack	12.00	50	600.00
43	24	44	8	Plastic Forks Pack	5.25	5	26.25
\.


--
-- Data for Name: marketplace_orders; Type: TABLE DATA; Schema: public; Owner: waterexpress_user
--

COPY public.marketplace_orders (id, order_number, buyer_organization_id, placed_by_user_id, status, payment_status, subtotal, total, currency, notes, created_at, updated_at, company_id, vendor_id, order_status, delivery_status, city, state, total_bucket_count, tax, delivery_fee, total_amount, stripe_payment_intent_id, partner_id, referral_source, accounting_revenue_id, accounting_customer_payment_id) FROM stdin;
1	MP-DEMO-0001	1055	1055	scheduled	paid	762.69	762.69	USD	Demo order seeded for marketplace flow walkthrough.	2026-05-30 06:36:27.45	2026-05-30 06:36:27.45	1055	1	scheduled	scheduled	Jacksonville	FL	30	0.00	0.00	762.69	pi_demo_mp-demo-0001	\N	\N	\N	\N
2	MP-DEMO-0002	1056	1056	scheduled	paid	624.75	624.75	USD	Demo order seeded for marketplace flow walkthrough.	2026-05-31 06:36:27.47	2026-05-31 06:36:27.47	1056	1	scheduled	scheduled	Jacksonville	FL	25	0.00	0.00	624.75	pi_demo_mp-demo-0002	\N	\N	\N	\N
3	MP-DEMO-0003	1055	1055	paid	paid	762.69	762.69	USD	Demo order seeded for marketplace flow walkthrough.	2026-06-04 06:36:27.481	2026-06-04 06:36:27.481	1055	1	paid	waiting_for_city_minimum	Tampa	FL	30	0.00	0.00	762.69	pi_demo_mp-demo-0003	\N	\N	\N	\N
4	MP-DEMO-0004	1058	1058	paid	paid	499.80	499.80	USD	Demo order seeded for marketplace flow walkthrough.	2026-06-05 06:36:27.49	2026-06-05 06:36:27.49	1058	1	paid	waiting_for_city_minimum	Tampa	FL	20	0.00	0.00	499.80	pi_demo_mp-demo-0004	\N	\N	\N	\N
5	MP-DEMO-0005	1057	1057	paid	paid	512.79	512.79	USD	Demo order seeded for marketplace flow walkthrough.	2026-06-06 06:36:27.499	2026-06-06 06:36:27.499	1057	1	paid	waiting_for_city_minimum	Orlando	FL	20	0.00	0.00	512.79	pi_demo_mp-demo-0005	\N	\N	\N	\N
6	MP-DEMO-0006	1056	1056	delivered	paid	1275.48	1275.48	USD	Demo order seeded for marketplace flow walkthrough.	2026-05-19 06:36:27.508	2026-05-19 06:36:27.508	1056	1	delivered	delivered	Miami	FL	50	0.00	0.00	1275.48	pi_demo_mp-demo-0006	\N	\N	\N	\N
7	MP-DEMO-0007	1059	1059	scheduled	paid	857.70	857.70	USD	Demo order seeded for marketplace flow walkthrough.	2026-06-01 06:36:27.541	2026-06-01 06:36:27.541	1059	5	scheduled	scheduled	Atlanta	GA	28	0.00	0.00	857.70	pi_demo_mp-demo-0007	\N	\N	\N	\N
8	MP-DEMO-0008	1057	1057	scheduled	paid	719.76	719.76	USD	Demo order seeded for marketplace flow walkthrough.	2026-06-02 06:36:27.552	2026-06-02 06:36:27.552	1057	5	scheduled	scheduled	Atlanta	GA	24	0.00	0.00	719.76	pi_demo_mp-demo-0008	\N	\N	\N	\N
9	MP-DEMO-0009	1055	1055	paid	paid	1508.49	1508.49	USD	Demo order seeded for marketplace flow walkthrough.	2026-06-03 06:36:27.562	2026-06-03 06:36:27.562	1055	5	paid	waiting_for_city_minimum	Charlotte	NC	50	0.00	0.00	1508.49	pi_demo_mp-demo-0009	\N	\N	\N	\N
10	MP-DEMO-0010	1056	1056	paid	paid	548.81	548.81	USD	Demo order seeded for marketplace flow walkthrough.	2026-06-07 06:36:27.571	2026-06-07 06:36:27.571	1056	5	paid	waiting_for_city_minimum	Savannah	GA	18	0.00	0.00	548.81	pi_demo_mp-demo-0010	\N	\N	\N	\N
11	MP-DEMO-0011	1059	1059	delivered	paid	1676.42	1676.42	USD	Demo order seeded for marketplace flow walkthrough.	2026-05-17 06:36:27.58	2026-05-17 06:36:27.58	1059	5	delivered	delivered	Nashville	TN	55	0.00	0.00	1676.42	pi_demo_mp-demo-0011	\N	\N	\N	\N
12	MP-DEMO-0012	1057	1057	scheduled	paid	601.98	601.98	USD	Demo order seeded for marketplace flow walkthrough.	2026-05-29 06:36:27.616	2026-05-29 06:36:27.616	1057	6	scheduled	scheduled	Philadelphia	PA	32	0.00	0.00	601.98	pi_demo_mp-demo-0012	\N	\N	\N	\N
13	MP-DEMO-0013	1058	1058	scheduled	paid	485.99	485.99	USD	Demo order seeded for marketplace flow walkthrough.	2026-05-30 06:36:27.627	2026-05-30 06:36:27.627	1058	6	scheduled	scheduled	Philadelphia	PA	26	0.00	0.00	485.99	pi_demo_mp-demo-0013	\N	\N	\N	\N
14	MP-DEMO-0014	1056	1056	paid	paid	407.00	407.00	USD	Demo order seeded for marketplace flow walkthrough.	2026-06-06 06:36:27.64	2026-06-06 06:36:27.64	1056	6	paid	waiting_for_city_minimum	Boston	MA	22	0.00	0.00	407.00	pi_demo_mp-demo-0014	\N	\N	\N	\N
15	MP-DEMO-0015	1055	1055	delivered	paid	944.96	944.96	USD	Demo order seeded for marketplace flow walkthrough.	2026-05-14 06:36:27.651	2026-05-14 06:36:27.651	1055	6	delivered	delivered	New York	NY	50	0.00	0.00	944.96	pi_demo_mp-demo-0015	\N	\N	\N	\N
16	MP-DEMO-0016	1059	1059	scheduled	paid	673.00	673.00	USD	Demo order seeded for marketplace flow walkthrough.	2026-05-31 06:36:27.676	2026-05-31 06:36:27.676	1059	7	scheduled	scheduled	Chicago	IL	30	0.00	0.00	673.00	pi_demo_mp-demo-0016	\N	\N	\N	\N
17	MP-DEMO-0017	1055	1055	scheduled	paid	556.50	556.50	USD	Demo order seeded for marketplace flow walkthrough.	2026-06-01 06:36:27.685	2026-06-01 06:36:27.685	1055	7	scheduled	scheduled	Chicago	IL	25	0.00	0.00	556.50	pi_demo_mp-demo-0017	\N	\N	\N	\N
18	MP-DEMO-0018	1057	1057	paid	paid	666.50	666.50	USD	Demo order seeded for marketplace flow walkthrough.	2026-06-04 06:36:27.692	2026-06-04 06:36:27.692	1057	7	paid	waiting_for_city_minimum	Detroit	MI	30	0.00	0.00	666.50	pi_demo_mp-demo-0018	\N	\N	\N	\N
19	MP-DEMO-0019	1058	1058	paid	paid	440.00	440.00	USD	Demo order seeded for marketplace flow walkthrough.	2026-06-05 06:36:27.699	2026-06-05 06:36:27.699	1058	7	paid	waiting_for_city_minimum	Detroit	MI	20	0.00	0.00	440.00	pi_demo_mp-demo-0019	\N	\N	\N	\N
20	MP-DEMO-0020	1056	1056	paid	paid	336.50	336.50	USD	Demo order seeded for marketplace flow walkthrough.	2026-06-07 06:36:27.706	2026-06-07 06:36:27.706	1056	7	paid	waiting_for_city_minimum	Columbus	OH	15	0.00	0.00	336.50	pi_demo_mp-demo-0020	\N	\N	\N	\N
21	MP-DEMO-0021	1055	1055	scheduled	paid	435.75	435.75	USD	Demo order seeded for marketplace flow walkthrough.	2026-06-02 06:36:27.723	2026-06-02 06:36:27.723	1055	8	scheduled	scheduled	Los Angeles	CA	35	0.00	0.00	435.75	pi_demo_mp-demo-0021	\N	\N	\N	\N
22	MP-DEMO-0022	1059	1059	scheduled	paid	245.25	245.25	USD	Demo order seeded for marketplace flow walkthrough.	2026-06-03 06:36:27.732	2026-06-03 06:36:27.732	1059	8	scheduled	scheduled	Los Angeles	CA	20	0.00	0.00	245.25	pi_demo_mp-demo-0022	\N	\N	\N	\N
23	MP-DEMO-0023	1056	1056	paid	paid	346.50	346.50	USD	Demo order seeded for marketplace flow walkthrough.	2026-06-06 06:36:27.741	2026-06-06 06:36:27.741	1056	8	paid	waiting_for_city_minimum	Phoenix	AZ	28	0.00	0.00	346.50	pi_demo_mp-demo-0023	\N	\N	\N	\N
24	MP-DEMO-0024	1057	1057	delivered	paid	626.25	626.25	USD	Demo order seeded for marketplace flow walkthrough.	2026-05-21 06:36:27.75	2026-05-21 06:36:27.75	1057	8	delivered	delivered	Seattle	WA	50	0.00	0.00	626.25	pi_demo_mp-demo-0024	\N	\N	\N	\N
\.


--
-- Data for Name: marketplace_products; Type: TABLE DATA; Schema: public; Owner: waterexpress_user
--

COPY public.marketplace_products (id, vendor_id, name, slug, sku, description, price, currency, image_url, category, stock, status, created_at, updated_at, category_id, image, bucket_count_value, inventory_count, is_active) FROM stdin;
4	1	Mango Water Ice Bucket	mango-water-ice-bucket	WIE-BUCKET-MANGO	Sweet tropical mango water ice in a ready-to-serve bucket. Approx. 3 gallons.	26.99	USD	\N	Water Ice Buckets	80	active	2026-06-05 09:49:05.121	2026-06-08 06:36:26.06	1	\N	1	80	t
5	1	Cooler	cooler	WIE-COOLER	Insulated cooler to keep water ice buckets frozen during transport and events.	49.99	USD	\N	Coolers	40	active	2026-06-05 09:49:05.124	2026-06-08 06:36:26.063	3	\N	0	40	t
7	1	Spoons Pack	spoons-pack	WIE-SPOONS-100	Pack of 100 disposable spoons for serving water ice.	6.99	USD	\N	Spoons	200	active	2026-06-05 09:49:05.132	2026-06-08 06:36:26.069	5	\N	0	200	t
8	1	Napkins Pack	napkins-pack	WIE-NAPKINS-250	Pack of 250 napkins for events and serving stations.	4.99	USD	\N	Napkins	200	active	2026-06-05 09:49:05.135	2026-06-08 06:36:26.072	6	\N	0	200	t
1	1	Cherry Water Ice Bucket	cherry-water-ice-bucket	WIE-BUCKET-CHERRY	Classic cherry water ice in a ready-to-serve bucket. Approx. 3 gallons.	24.99	USD	\N	Water Ice Buckets	500	active	2026-06-05 09:49:05.107	2026-06-08 06:36:27.324	1	\N	1	500	t
2	1	Lemon Water Ice Bucket	lemon-water-ice-bucket	WIE-BUCKET-LEMON	Tart and refreshing lemon water ice in a ready-to-serve bucket. Approx. 3 gallons.	24.99	USD	\N	Water Ice Buckets	500	active	2026-06-05 09:49:05.115	2026-06-08 06:36:27.329	1	\N	1	500	t
3	1	Blue Raspberry Water Ice Bucket	blue-raspberry-water-ice-bucket	WIE-BUCKET-BLUERASP	Bold blue raspberry water ice in a ready-to-serve bucket. Approx. 3 gallons.	25.99	USD	\N	Water Ice Buckets	500	active	2026-06-05 09:49:05.118	2026-06-08 06:36:27.334	1	\N	1	500	t
6	1	Cups Pack	cups-pack	WIE-CUPS-100	Pack of 100 disposable serving cups sized for water ice.	12.99	USD	\N	Cups	500	active	2026-06-05 09:49:05.128	2026-06-08 06:36:27.343	4	\N	0	500	t
29	5	Vanilla Ice Cream Tub	vanilla-ice-cream-tub	FT-TUB-VANILLA	\N	29.99	USD	\N	Ice Cream	500	active	2026-06-08 06:36:27.357	\N	30	\N	1	500	t
30	5	Chocolate Ice Cream Tub	chocolate-ice-cream-tub	FT-TUB-CHOC	\N	29.99	USD	\N	Ice Cream	500	active	2026-06-08 06:36:27.361	\N	30	\N	1	500	t
31	5	Strawberry Ice Cream Tub	strawberry-ice-cream-tub	FT-TUB-STRAW	\N	31.99	USD	\N	Ice Cream	500	active	2026-06-08 06:36:27.365	\N	30	\N	1	500	t
32	5	Rainbow Sprinkles Pack	rainbow-sprinkles-pack	FT-SPRINKLES	\N	8.99	USD	\N	Toppings	500	active	2026-06-08 06:36:27.371	\N	31	\N	0	500	t
33	6	Soft Pretzel Box	soft-pretzel-box	SS-PRETZEL	\N	18.50	USD	\N	Snacks	500	active	2026-06-08 06:36:27.379	\N	32	\N	1	500	t
34	6	Gourmet Popcorn Crate	gourmet-popcorn-crate	SS-POPCORN	\N	21.00	USD	\N	Snacks	500	active	2026-06-08 06:36:27.382	\N	32	\N	1	500	t
35	6	Cotton Candy Pack	cotton-candy-pack	SS-COTTONCANDY	\N	15.75	USD	\N	Snacks	500	active	2026-06-08 06:36:27.385	\N	32	\N	1	500	t
36	6	Napkins Pack	snack-napkins-pack	SS-NAPKINS	\N	4.99	USD	\N	Supplies	500	active	2026-06-08 06:36:27.39	\N	33	\N	0	500	t
37	7	Lemonade Concentrate	lemonade-concentrate	BB-LEMONADE	\N	22.00	USD	\N	Beverages	500	active	2026-06-08 06:36:27.398	\N	34	\N	1	500	t
38	7	Iced Tea Concentrate	iced-tea-concentrate	BB-ICEDTEA	\N	22.00	USD	\N	Beverages	500	active	2026-06-08 06:36:27.402	\N	34	\N	1	500	t
39	7	Cola Soda Syrup	cola-soda-syrup	BB-COLA	\N	24.50	USD	\N	Beverages	500	active	2026-06-08 06:36:27.405	\N	34	\N	1	500	t
40	7	Cup Lids Pack	cup-lids-pack	BB-LIDS	\N	6.50	USD	\N	Supplies	500	active	2026-06-08 06:36:27.41	\N	35	\N	0	500	t
41	8	Table Cover Pack	table-cover-pack	PS-TABLECOVER	\N	12.00	USD	\N	Tableware	500	active	2026-06-08 06:36:27.419	\N	36	\N	1	500	t
42	8	Balloon Bundle	balloon-bundle	PS-BALLOONS	\N	9.50	USD	\N	Decor	500	active	2026-06-08 06:36:27.428	\N	37	\N	1	500	t
43	8	Serving Trays Set	serving-trays-set	PS-TRAYS	\N	16.00	USD	\N	Tableware	500	active	2026-06-08 06:36:27.433	\N	36	\N	1	500	t
44	8	Plastic Forks Pack	plastic-forks-pack	PS-FORKS	\N	5.25	USD	\N	Tableware	500	active	2026-06-08 06:36:27.436	\N	36	\N	0	500	t
\.


--
-- Data for Name: marketplace_settings; Type: TABLE DATA; Schema: public; Owner: waterexpress_user
--

COPY public.marketplace_settings (id, title, subtitle, module, config_sections, created_at, updated_at) FROM stdin;
\.


--
-- Data for Name: marketplace_vendor_permissions; Type: TABLE DATA; Schema: public; Owner: waterexpress_user
--

COPY public.marketplace_vendor_permissions (id, vendor_id, user_id, permission_key, enabled, created_at, updated_at) FROM stdin;
\.


--
-- Data for Name: marketplace_vendor_staff; Type: TABLE DATA; Schema: public; Owner: waterexpress_user
--

COPY public.marketplace_vendor_staff (id, vendor_id, user_id, role, status, created_at, updated_at) FROM stdin;
\.


--
-- Data for Name: marketplace_vendors; Type: TABLE DATA; Schema: public; Owner: waterexpress_user
--

COPY public.marketplace_vendors (id, name, slug, contact_email, phone, description, logo_url, commission_rate, status, created_at, updated_at, logo, banner_image, primary_user_id) FROM stdin;
1	Water Ice Express	water-ice-express	\N	\N	Water ice buckets, coolers, cups, spoons, napkins and event-ready frozen products.	\N	\N	active	2026-06-05 09:49:05.068	2026-06-08 06:36:27.314	\N	\N	\N
5	Frosty Treats Co	frosty-treats-co	\N	\N	Premium ice cream tubs, gelato and dessert toppings for events and resellers.	\N	\N	active	2026-06-08 06:36:27.348	\N	\N	\N	\N
6	Sweet Snacks Supply	sweet-snacks-supply	\N	\N	Soft pretzels, popcorn, cotton candy and concession-stand snack supplies.	\N	\N	active	2026-06-08 06:36:27.374	\N	\N	\N	\N
7	Beverage Bros	beverage-bros	\N	\N	Lemonade, iced tea and soda concentrates plus cups, lids and dispensing supplies.	\N	\N	active	2026-06-08 06:36:27.393	\N	\N	\N	\N
8	Party Supplies Direct	party-supplies-direct	\N	\N	Table covers, balloons, serving trays and disposable tableware for events.	\N	\N	active	2026-06-08 06:36:27.414	\N	\N	\N	\N
\.


--
-- Data for Name: media; Type: TABLE DATA; Schema: public; Owner: waterexpress_user
--

COPY public.media (id, model_type, model_id, uuid, collection_name, name, file_name, mime_type, disk, conversions_disk, size, manipulations, custom_properties, generated_conversions, responsive_images, order_column, directory_id, creator_id, created_by, created_at, updated_at) FROM stdin;
3	App\\Models\\User	1	2f9db256-5e44-48b3-a540-eb8f1b043f9c	files	expirix	media-1773150214672-0bde34a3b348c.png	image/png	cloudinary	\N	158949	{}	{"cloudinary_url": "https://res.cloudinary.com/dpe1qqrig/image/upload/v1773150215/media/qfrfq7jfe5fsmpxnx4cg.png"}	{}	{}	\N	\N	1	1	2026-03-10 13:43:35.556	\N
4	App\\Models\\User	1	d507333a-bf5d-42c5-982b-a4721291fe0a	files	powered_by_dark	media-1773150233882-9969d0ab7839f.png	image/png	cloudinary	\N	49870	{}	{"cloudinary_url": "https://res.cloudinary.com/dpe1qqrig/image/upload/v1773150234/media/xisla0exaxezkfsx08gt.png"}	{}	{}	\N	\N	1	1	2026-03-10 13:43:54.635	\N
5	App\\Models\\User	1	445ab1f8-aff8-490e-adfe-35087481244f	files	powered_by_white	media-1773150234665-c63332a9093fb.png	image/png	cloudinary	\N	53866	{}	{"cloudinary_url": "https://res.cloudinary.com/dpe1qqrig/image/upload/v1773150235/media/ijfmcpt5rl5lzxn8vsof.png"}	{}	{}	\N	\N	1	1	2026-03-10 13:43:55.591	\N
6	App\\Models\\User	1	78de80dc-2aad-4b09-8d4b-f17c858f2004	files	paper_flight_blank	media-1773150235622-f8784f4e4505a.png	image/png	cloudinary	\N	88032	{}	{"cloudinary_url": "https://res.cloudinary.com/dpe1qqrig/image/upload/v1773150235/media/kpuvc1v0wj1tptbs4bvc.png"}	{}	{}	\N	\N	1	1	2026-03-10 13:43:56.349	\N
7	App\\Models\\User	1	075d74ea-1e6e-4ee4-a496-32a117d917cf	files	paper_flight_white	media-1773150236380-aefc09216ed7b.png	image/png	cloudinary	\N	48399	{}	{"cloudinary_url": "https://res.cloudinary.com/dpe1qqrig/image/upload/v1773150237/media/niob725vh9zgj9gafz3p.png"}	{}	{}	\N	\N	1	1	2026-03-10 13:43:58.141	\N
8	App\\Models\\User	1	b0d79892-41e1-4816-8197-95a48b86837c	files	PaperFlightIcon	media-1773307208656-a8cc4e1811db5.png	image/png	cloudinary	\N	20326	{}	{"cloudinary_url": "https://res.cloudinary.com/dpe1qqrig/image/upload/v1773307209/media/yri4xobh1djwjqibg5zq.png"}	{}	{}	\N	\N	1	1	2026-03-12 09:20:09.58	\N
9	App\\Models\\User	1005	70663a87-de4e-4647-ab35-5d2e87650e1a	files	PF_logo_dark	media-1773868610158-c11498be8b762.png	image/png	cloudinary	\N	22199	{}	{"cloudinary_url": "https://res.cloudinary.com/dpe1qqrig/image/upload/v1773868610/media/pwpzn6yqivggrrghi8m0.png"}	{}	{}	\N	\N	1005	1005	2026-03-18 21:16:50.949	\N
10	App\\Models\\User	1005	8b7aa9e2-31b8-4e32-8053-00ee5a4f3d2d	files	PF_logo_light	media-1773868647353-5d7053d5e1da5.png	image/png	cloudinary	\N	22498	{}	{"cloudinary_url": "https://res.cloudinary.com/dpe1qqrig/image/upload/v1773868647/media/kvecgtltjv8q227phnmj.png"}	{}	{}	\N	\N	1005	1005	2026-03-18 21:17:28.092	\N
11	App\\Models\\User	1	519aa105-0820-4891-9409-42d12d3fa0c6	files	PaperFlight_login	media-1774931194362-feadf304ddfec.png	image/png	cloudinary	\N	72858	{}	{"cloudinary_url": "https://res.cloudinary.com/dpe1qqrig/image/upload/v1774931194/media/cn9ktafyfjc7yerhqqs0.png"}	{}	{}	\N	\N	1	1	2026-03-31 04:26:35.237	\N
12	App\\Models\\User	1014	02d95c29-d59f-46c6-8a6b-d51631f4e90b	files	PF_logo_dark	media-1774963775326-2056de4a7ad11.png	image/png	cloudinary	\N	22199	{}	{"cloudinary_url": "https://res.cloudinary.com/dpe1qqrig/image/upload/v1774963775/media/pzco8hr4uar0enslsbmr.png"}	{}	{}	\N	\N	1014	1014	2026-03-31 13:29:36.709	\N
13	App\\Models\\User	1	01a42587-ae16-442e-9767-cb823ad060a1	files	PaperFlight_login	media-1775045400198-4873acacaa469.png	image/png	cloudinary	\N	72858	{}	{"cloudinary_url": "https://res.cloudinary.com/dpe1qqrig/image/upload/v1775045400/media/ozzfpvxxsiqcv8yvbuza.png"}	{}	{}	\N	\N	1	1	2026-04-01 12:10:00.936	\N
14	App\\Models\\User	1	27353338-5b33-462e-9037-aceec7d0a1f6	files	expirix	media-1775045416600-7497175b36867.png	image/png	cloudinary	\N	158949	{}	{"cloudinary_url": "https://res.cloudinary.com/dpe1qqrig/image/upload/v1775045416/media/xabg2csurnkg2aan45iw.png"}	{}	{}	\N	\N	1	1	2026-04-01 12:10:17.539	\N
15	App\\Models\\User	1	3c612ecf-6727-4984-a6b9-407c059e6d09	files	CRIMSONicon (1)	media-1775045423748-a26dc13d12c94.png	image/png	cloudinary	\N	54512	{}	{"cloudinary_url": "https://res.cloudinary.com/dpe1qqrig/image/upload/v1775045424/media/u4qkdofnoxk20dwsjuwp.png"}	{}	{}	\N	\N	1	1	2026-04-01 12:10:24.568	\N
1	App\\Models\\User	1	c4360397-bf2e-4969-aebd-8066a59f8a18	files	3	media-1776421917983-3d1e3424f4af.png	image/png	cloudinary	\N	13102	{}	{"cloudinary_url": "https://res.cloudinary.com/dpe1qqrig/image/upload/v1776421918/media/queatavktferfuwcrwat.png"}	{}	{}	\N	\N	1	1	2026-04-17 10:31:59.101	\N
2	App\\Models\\User	1	585f3c11-5941-47b0-b9c4-71690941b3aa	files	Screenshot 2026-04-21 at 5.02.24 PM	media-1776894420047-709b494605f1.png	image/png	cloudinary	\N	154837	{}	{"cloudinary_url": "https://res.cloudinary.com/dpe1qqrig/image/upload/v1776894420/media/ip2pwy9gcvu6nb1p5c1i.png"}	{}	{}	\N	1	1	1	2026-04-22 21:47:01.17	\N
16	App\\Models\\User	1000	6d76ea58-e30a-40d8-910e-4ffb3ba9ed39	files	Burry_Mike_607-2	media-1780049646548-010f65691ff4f.png	image/png	cloudinary	\N	96786	{}	{"cloudinary_url": "https://res.cloudinary.com/dpe1qqrig/image/upload/v1780049647/media/p8exfp5scgrhuyfmy8cc.png"}	{}	{}	\N	\N	1000	1000	2026-05-29 10:14:07.686	\N
17	App\\Models\\User	1000	257f7c24-4606-4ac1-bf5d-5fa8fc331a52	files	Burry_Mike_607-2	media-1780049669747-acaf892f0f934.png	image/png	cloudinary	\N	96786	{}	{"cloudinary_url": "https://res.cloudinary.com/dpe1qqrig/image/upload/v1780049670/media/nzkxrwtetmss4bgypcmr.png"}	{}	{}	\N	\N	1000	1000	2026-05-29 10:14:30.636	\N
18	App\\Models\\User	1000	5b4d000d-1418-4c92-8c72-dad7b157f5ba	files	Burry_Mike_607-2	media-1780062042664-7f9b48750c3c2.png	image/png	cloudinary	\N	96786	{}	{"cloudinary_url": "https://res.cloudinary.com/dpe1qqrig/image/upload/v1780062043/media/ljwgeqdtdibwgonhjrkb.png"}	{}	{}	\N	\N	1000	1000	2026-05-29 13:40:43.835	\N
19	App\\Models\\User	1	15a15557-3f5e-426a-b1e9-8dd3f02e41ff	files	PB_white_WaterIce	media-1780321752915-97be3e3d43209.png	image/png	cloudinary	\N	788182	{}	{"cloudinary_url": "https://res.cloudinary.com/dpe1qqrig/image/upload/v1780321753/media/hcthd83rmidsqg3gjvp2.png"}	{}	{}	\N	\N	1	1	2026-06-01 13:49:14.463	\N
20	App\\Models\\User	1	8b66407c-b44f-4ea1-9e35-4548b0896236	files	PB_dark_WaterIce	media-1780321764821-079fa6062d293.png	image/png	cloudinary	\N	785659	{}	{"cloudinary_url": "https://res.cloudinary.com/dpe1qqrig/image/upload/v1780321765/media/ohqpsnd4ozbxl0wuddkw.png"}	{}	{}	\N	\N	1	1	2026-06-01 13:49:26.217	\N
21	App\\Models\\User	1	713867c0-a6ea-4cbb-b99f-9c0a44c2d8c1	files	image (7)	media-1780321771618-c3b22aa727f51.png	image/png	cloudinary	\N	2193898	{}	{"cloudinary_url": "https://res.cloudinary.com/dpe1qqrig/image/upload/v1780321772/media/avlqdtjx4s8j5wmozoj6.png"}	{}	{}	\N	\N	1	1	2026-06-01 13:49:33.478	\N
22	App\\Models\\User	1	f7b89ec6-abbc-43f0-962c-099f7faa8d5c	files	logo_PB	media-1780321797574-c6ca6405cf15.png	image/png	cloudinary	\N	610778	{}	{"cloudinary_url": "https://res.cloudinary.com/dpe1qqrig/image/upload/v1780321798/media/o0lvcme0lohfc7cmlje1.png"}	{}	{}	\N	\N	1	1	2026-06-01 13:49:59.256	\N
23	App\\Models\\User	1	1fc37dbb-736a-40f1-bb2c-37c9b2940ea3	files	PB_dark-1	media-1780321818733-badb7b7f466ea.png	image/png	cloudinary	\N	559631	{}	{"cloudinary_url": "https://res.cloudinary.com/dpe1qqrig/image/upload/v1780321819/media/qcwc3ipgidvhmqgesbn9.png"}	{}	{}	\N	\N	1	1	2026-06-01 13:50:19.887	\N
24	App\\Models\\User	1	cd59a92e-d298-4d39-a5f0-b9aa58f83753	files	PB_light-1	media-1780321819891-1921a4ca610b2.png	image/png	cloudinary	\N	571729	{}	{"cloudinary_url": "https://res.cloudinary.com/dpe1qqrig/image/upload/v1780321820/media/lajwjn9ni89eswkuyzye.png"}	{}	{}	\N	\N	1	1	2026-06-01 13:50:20.727	\N
\.


--
-- Data for Name: media_directories; Type: TABLE DATA; Schema: public; Owner: waterexpress_user
--

COPY public.media_directories (id, name, slug, parent_id, creator_id, created_by, created_at, updated_at) FROM stdin;
1	test	test-1776894395580	\N	1	1	2026-04-22 21:46:35.58	\N
\.


--
-- Data for Name: model_has_roles; Type: TABLE DATA; Schema: public; Owner: waterexpress_user
--

COPY public.model_has_roles (model_id, role_id, model_type) FROM stdin;
1	1	App\\Models\\User
1000	2	App\\Models\\User
1001	3	App\\Models\\User
1002	4	App\\Models\\User
1003	5	App\\Models\\User
1010	3	App\\Models\\User
1011	3	App\\Models\\User
1012	3	App\\Models\\User
1013	3	App\\Models\\User
1004	2	App\\Models\\User
1019	4	App\\Models\\User
1021	4	App\\Models\\User
1022	5	App\\Models\\User
1023	4	App\\Models\\User
1024	4	App\\Models\\User
1025	5	App\\Models\\User
1027	2	App\\Models\\User
1029	4	App\\Models\\User
1030	3	App\\Models\\User
1031	3	App\\Models\\User
1032	4	App\\Models\\User
1033	4	App\\Models\\User
1017	4	App\\Models\\User
1034	3	App\\Models\\User
1035	3	App\\Models\\User
1036	3	App\\Models\\User
1037	3	App\\Models\\User
1038	3	App\\Models\\User
1039	3	App\\Models\\User
1040	3	App\\Models\\User
1041	3	App\\Models\\User
1042	3	App\\Models\\User
1043	3	App\\Models\\User
1044	7	App\\Models\\User
1045	7	App\\Models\\User
1046	8	App\\Models\\User
1047	12	App\\Models\\User
1052	4	App\\Models\\User
1053	2	App\\Models\\User
1055	2	App\\Models\\User
1056	2	App\\Models\\User
1057	2	App\\Models\\User
1058	2	App\\Models\\User
1059	2	App\\Models\\User
\.


--
-- Data for Name: newsletter_subscribers; Type: TABLE DATA; Schema: public; Owner: waterexpress_user
--

COPY public.newsletter_subscribers (id, email, subscribed_at, ip_address, country, city, region, country_code, isp, org, timezone, latitude, longitude, user_agent, browser, os, device, created_at, updated_at) FROM stdin;
\.


--
-- Data for Name: notification_template_langs; Type: TABLE DATA; Schema: public; Owner: waterexpress_user
--

COPY public.notification_template_langs (id, parent_id, lang, module, content, variables, created_at, updated_at) FROM stdin;
1	950	en	\N	Email for Marketplace Order Confirmation	\N	2026-06-05 09:49:05.44	\N
2	951	en	\N	Email for Marketplace City Ready To Schedule	\N	2026-06-05 09:49:05.45	\N
3	952	en	\N	Email for Marketplace Delivery Scheduled	\N	2026-06-05 09:49:05.458	\N
4	953	en	\N	Email for Marketplace Delivery Reminder	\N	2026-06-05 09:49:05.465	\N
\.


--
-- Data for Name: notifications; Type: TABLE DATA; Schema: public; Owner: waterexpress_user
--

COPY public.notifications (id, module, type, action, status, permissions, created_at, updated_at) FROM stdin;
2	general	mail	Customer Invoice Send	on	invoice send	2026-03-10 13:53:19.837	2026-03-20 05:19:33.066
3	general	mail	Payment Reminder	on	invoice manage	2026-03-10 13:53:19.857	2026-03-20 05:19:33.094
4	general	mail	Invoice Payment Create	on	invoice payment create	2026-03-10 13:53:19.877	2026-03-20 05:19:33.122
5	general	mail	Proposal Status Updated	on	proposal send	2026-03-10 13:53:19.897	2026-03-20 05:19:33.149
6	general	mail	New Helpdesk Ticket	on	helpdesk manage	2026-03-10 13:53:19.917	2026-03-20 05:19:33.176
7	general	mail	New Helpdesk Ticket Reply	on	helpdesk manage	2026-03-10 13:53:19.938	2026-03-20 05:19:33.204
8	general	mail	Purchase Send	on	purchase send	2026-03-10 13:53:19.958	2026-03-20 05:19:33.232
9	general	mail	Purchase Payment Create	on	purchase payment create	2026-03-10 13:53:19.978	2026-03-20 05:19:33.26
10	Lead	mail	Deal Assigned	on	manage-deals	2026-03-10 13:53:19.998	2026-03-20 05:19:33.288
11	Lead	mail	Deal Moved	on	deal-move	2026-03-10 13:53:20.019	2026-03-20 05:19:33.316
12	Lead	mail	New Task	on	create-deal-tasks	2026-03-10 13:53:20.039	2026-03-20 05:19:33.343
13	Lead	mail	Lead Assigned	on	manage-leads	2026-03-10 13:53:20.059	2026-03-20 05:19:33.37
14	Lead	mail	Lead Moved	on	lead-move	2026-03-10 13:53:20.079	2026-03-20 05:19:33.397
15	Lead	mail	Lead Emails	on	edit-leads	2026-03-10 13:53:20.099	2026-03-20 05:19:33.425
16	Lead	mail	Deal Emails	on	edit-deals	2026-03-10 13:53:20.119	2026-03-20 05:19:33.452
17	Appointment	mail	Appointment Booked	on	manage-appointment	2026-03-10 13:53:20.139	2026-03-20 05:19:33.479
18	Appointment	mail	Appointment Callback	on	manage-appointment	2026-03-10 13:53:20.159	2026-03-20 05:19:33.506
19	Appointment	mail	Appointment Status Update	on	manage-appointment	2026-03-10 13:53:20.179	2026-03-20 05:19:33.534
20	Appointment	mail	Appointment Callback Status Update	on	manage-appointment	2026-03-10 13:53:20.199	2026-03-20 05:19:33.561
1	general	mail	New User	on	manage-users	2026-03-10 13:53:19.795	2026-03-20 05:19:33.012
950	Marketplace	mail	Marketplace Order Confirmation	on	marketplace.orders.view	2026-06-05 09:49:05.43	\N
951	Marketplace	mail	Marketplace City Ready To Schedule	on	marketplace.delivery_queue.view	2026-06-05 09:49:05.447	\N
952	Marketplace	mail	Marketplace Delivery Scheduled	on	marketplace.orders.view	2026-06-05 09:49:05.456	\N
953	Marketplace	mail	Marketplace Delivery Reminder	on	marketplace.orders.view	2026-06-05 09:49:05.462	\N
\.


--
-- Data for Name: offer_letters; Type: TABLE DATA; Schema: public; Owner: waterexpress_user
--

COPY public.offer_letters (id, lang, content, creator_id, created_by, created_at, updated_at) FROM stdin;
\.


--
-- Data for Name: offers; Type: TABLE DATA; Schema: public; Owner: waterexpress_user
--

COPY public.offers (id, candidate_id, job_id, offer_date, "position", department_id, salary, bonus, equity, benefits, start_date, expiration_date, offer_letter_path, status, response_date, decline_reason, converted_to_employee, employee_id, approved_by, approval_status, creator_id, created_by, created_at, updated_at) FROM stdin;
2001	2005	2001	2026-03-10	Senior Full-Stack Developer	\N	115000.00	10000.00	\N	Health, 401k, Remote, 20 PTO days	2026-04-01	2026-03-20	\N	1	2026-03-12	\N	f	\N	\N	approved	1000	1000	2026-03-19 10:05:14.443	2026-03-19 10:05:14.443
2002	2003	2002	2026-03-15	Product Manager	\N	110000.00	8000.00	\N	Health, stock options, Hybrid	2026-04-15	2026-03-28	\N	0	\N	\N	f	\N	\N	approved	1000	1000	2026-03-19 10:05:14.443	2026-03-19 10:05:14.443
\.


--
-- Data for Name: onboarding_checklists; Type: TABLE DATA; Schema: public; Owner: waterexpress_user
--

COPY public.onboarding_checklists (id, name, description, is_default, status, creator_id, created_by, created_at, updated_at) FROM stdin;
2001	Standard Developer Onboarding	Default checklist for new engineering hires	t	t	1000	1000	2026-03-19 10:05:14.527	2026-03-19 10:05:14.527
2002	Management Onboarding	Checklist for management-level hires	f	t	1000	1000	2026-03-19 10:05:14.527	2026-03-19 10:05:14.527
1	Profile		f	t	1028	1028	2026-04-25 10:12:24.954	2026-04-25 10:12:24.954
2	Background		f	t	1028	1028	2026-04-25 10:12:34.564	2026-04-25 10:12:34.564
3	Drug Test		f	t	1028	1028	2026-04-25 10:12:40.899	2026-04-25 10:12:40.899
4	Licenses		f	t	1028	1028	2026-04-25 10:12:49.304	2026-04-25 10:12:49.304
\.


--
-- Data for Name: orders; Type: TABLE DATA; Schema: public; Owner: waterexpress_user
--

COPY public.orders (id, user_id, plan_id, amount, status, payment_method, transaction_id, metadata, order_id, name, email, card_number, card_exp_month, card_exp_year, plan_name, price, discount_amount, currency, txn_id, payment_status, payment_type, receipt, created_by, created_at, updated_at) FROM stdin;
17737629015907840	1005	3	25.00	succeeded	\N	\N	\N	ORD-MMUSMU6U-RMZLWL	Test	testes@gmail.com	\N	\N	\N	Starter Plan	25.00	0.00	USD	\N	succeeded	checkout	\N	1005	2026-03-17 15:55:01.592	\N
17738684818504632	1005	4	99.00	succeeded	\N	\N	\N	ORD-MMWJHSFU-WQEAM4	Test	testes@gmail.com	\N	\N	\N	Professional Plan	99.00	0.00	USD	\N	succeeded	checkout	\N	1005	2026-03-18 21:14:41.852	\N
17738684818504633	1000	4	990.00	success	demo	\N	\N	ORD-DEMO-1773915900812	PaperFlight Inc.	company@example.com	\N	\N	\N	Professional Plan	990.00	0.00	USD	\N	paid	yearly	\N	1	2026-03-19 10:25:00.813	\N
\.


--
-- Data for Name: partner_commissions; Type: TABLE DATA; Schema: public; Owner: waterexpress_user
--

COPY public.partner_commissions (id, partner_id, company_id, subscription_id, invoice_id, order_ref, amount, commission_rate, commission_amount, status, payout_id, paid_at, created_at, updated_at) FROM stdin;
1	1	1048	\N	\N	TEST-ORD-1001	200.00	15.00	30.00	paid	1	2026-06-01 13:35:02.683	2026-06-01 13:35:02.686	\N
2	1	1048	\N	\N	TEST-ORD-1002	200.00	15.00	30.00	approved	\N	\N	2026-06-01 13:35:02.695	\N
3	1	1049	\N	\N	TEST-ORD-1003	120.00	15.00	18.00	pending	\N	\N	2026-06-01 13:35:02.702	\N
4	1	1049	\N	\N	TEST-ORD-1004	120.00	15.00	18.00	paid	1	2026-06-01 13:35:02.707	2026-06-01 13:35:02.709	\N
\.


--
-- Data for Name: partner_landing_pages; Type: TABLE DATA; Schema: public; Owner: waterexpress_user
--

COPY public.partner_landing_pages (id, partner_id, title, slug, headline, subheadline, industry_module, logo, description, call_to_action_text, status, created_at, updated_at) FROM stdin;
1	1	Mobile Detailing Software	mobile-detailing	Run your detailing business on autopilot	Booking, invoicing, and CRM built for mobile detailers.	mobile-detailing	\N	Everything Acme Growth recommends to grow your detailing shop.	Start free trial	active	2026-06-01 13:35:02.739	\N
\.


--
-- Data for Name: partner_payouts; Type: TABLE DATA; Schema: public; Owner: waterexpress_user
--

COPY public.partner_payouts (id, partner_id, total_amount, status, payout_method, payout_reference, notes, paid_at, created_at, updated_at) FROM stdin;
1	1	48.00	paid	paypal	TEST-PAYOUT-1	Seeded paid payout batch.	2026-06-01 13:35:02.675	2026-06-01 13:35:02.675	\N
2	1	30.00	pending	paypal	TEST-PAYOUT-2	Seeded pending payout.	\N	2026-06-01 13:35:02.724	\N
\.


--
-- Data for Name: partner_referrals; Type: TABLE DATA; Schema: public; Owner: waterexpress_user
--

COPY public.partner_referrals (id, partner_id, company_id, referral_code, partner_slug, source_url, signup_date, referral_status, created_at, updated_at) FROM stdin;
1	1	1048	ACME-GROWTH	acme-growth	https://app.local/p/acme-growth	2026-06-01 13:35:02.586	active	2026-06-01 13:35:02.586	\N
2	1	1049	ACME-GROWTH	acme-growth	https://app.local/p/acme-growth	2026-06-01 13:35:02.61	active	2026-06-01 13:35:02.61	\N
3	1	1050	ACME-GROWTH	acme-growth	https://app.local/p/acme-growth	2026-06-01 13:35:02.64	trial	2026-06-01 13:35:02.64	\N
4	1	1051	ACME-GROWTH	acme-growth	https://app.local/p/acme-growth	2026-06-01 13:35:02.664	cancelled	2026-06-01 13:35:02.664	\N
\.


--
-- Data for Name: partners; Type: TABLE DATA; Schema: public; Owner: waterexpress_user
--

COPY public.partners (id, user_id, name, email, phone, brand_name, slug, referral_code, commission_rate, status, payout_method, payout_email, notes, created_at, updated_at) FROM stdin;
1	1047	Acme Growth Partners	testpartner@example.com	+1 555 0100	Acme Growth	acme-growth	ACME-GROWTH	15.00	active	paypal	payouts@acmegrowth.test	Seeded test partner.	2026-06-01 13:35:02.51	\N
2	\N	Bright Leads Agency	hello@brightleads.test	\N	Bright Leads	brightleads	BRIGHT-LEADS	\N	pending	\N	\N	\N	2026-06-01 13:35:02.538	\N
\.


--
-- Data for Name: permissions; Type: TABLE DATA; Schema: public; Owner: waterexpress_user
--

COPY public.permissions (id, add_on, module, label, name, guard_name, created_at, updated_at) FROM stdin;
4	general	general	Create Media	create-media	web	2026-03-05 14:30:52.223	\N
5	general	general	Download Media	download-media	web	2026-03-05 14:30:52.253	\N
6	general	general	Delete Media	delete-media	web	2026-03-05 14:30:52.288	\N
8	general	general	Manage Own Media Directories	manage-own-media-directories	web	2026-03-05 14:30:52.352	\N
9	general	general	Create Media Directories	create-media-directories	web	2026-03-05 14:30:52.383	\N
10	general	general	Edit Media Directories	edit-media-directories	web	2026-03-05 14:30:52.414	\N
11	general	general	Delete Media Directories	delete-media-directories	web	2026-03-05 14:30:52.445	\N
12	general	general	Manage Profile	manage-profile	web	2026-03-05 14:30:52.477	\N
13	general	general	Edit Profile	edit-profile	web	2026-03-05 14:30:52.511	\N
14	general	general	Change Password Profile	change-password-profile	web	2026-03-05 14:30:52.542	\N
52	general	general	Create Roles	create-roles	web	2026-03-05 14:30:53.708	\N
15	general	general	Manage Messenger	manage-messenger	web	2026-03-05 14:30:52.572	\N
16	general	general	Send Messages	send-messages	web	2026-03-05 14:30:52.603	\N
17	general	general	View Messages	view-messages	web	2026-03-05 14:30:52.633	\N
18	general	general	Toggle Favorite Messages	toggle-favorite-messages	web	2026-03-05 14:30:52.662	\N
19	general	general	Toggle Pinned Messages	toggle-pinned-messages	web	2026-03-05 14:30:52.692	\N
20	general	general	Manage Sales Invoices	manage-sales-invoices	web	2026-03-05 14:30:52.724	\N
21	general	general	Manage Own Sales Invoices	manage-own-sales-invoices	web	2026-03-05 14:30:52.755	\N
22	general	general	View Sales Invoices	view-sales-invoices	web	2026-03-05 14:30:52.785	\N
23	general	general	Print Sales Invoices	print-sales-invoices	web	2026-03-05 14:30:52.819	\N
24	general	general	Manage Sales Return Invoices	manage-sales-return-invoices	web	2026-03-05 14:30:52.848	\N
25	general	general	Manage Own Sales Return Invoices	manage-own-sales-return-invoices	web	2026-03-05 14:30:52.878	\N
26	general	general	View Sales Return Invoices	view-sales-return-invoices	web	2026-03-05 14:30:52.908	\N
27	general	general	Manage Sales Proposals	manage-sales-proposals	web	2026-03-05 14:30:52.939	\N
28	general	general	Manage Own Sales Proposals	manage-own-sales-proposals	web	2026-03-05 14:30:52.969	\N
29	general	general	View Sales Proposals	view-sales-proposals	web	2026-03-05 14:30:52.998	\N
30	general	general	Print Sales Proposals	print-sales-proposals	web	2026-03-05 14:30:53.028	\N
32	general	general	Reject Sales Proposals	reject-sales-proposals	web	2026-03-05 14:30:53.089	\N
33	general	general	Manage Purchase Invoices	manage-purchase-invoices	web	2026-03-05 14:30:53.122	\N
34	general	general	Manage Own Purchase Invoices	manage-own-purchase-invoices	web	2026-03-05 14:30:53.153	\N
35	general	general	View Purchase Invoices	view-purchase-invoices	web	2026-03-05 14:30:53.188	\N
36	general	general	Print Purchase Invoices	print-purchase-invoices	web	2026-03-05 14:30:53.22	\N
37	general	general	Manage Purchase Return Invoices	manage-purchase-return-invoices	web	2026-03-05 14:30:53.25	\N
38	general	general	Manage Own Purchase Return Invoices	manage-own-purchase-return-invoices	web	2026-03-05 14:30:53.281	\N
39	general	general	View Purchase Return Invoices	view-purchase-return-invoices	web	2026-03-05 14:30:53.311	\N
40	general	general	Manage Users	manage-users	web	2026-03-05 14:30:53.342	\N
41	general	general	Manage Any Users	manage-any-users	web	2026-03-05 14:30:53.372	\N
42	general	general	Manage Own Users	manage-own-users	web	2026-03-05 14:30:53.402	\N
43	general	general	Create Users	create-users	web	2026-03-05 14:30:53.433	\N
44	general	general	Edit Users	edit-users	web	2026-03-05 14:30:53.464	\N
45	general	general	Delete Users	delete-users	web	2026-03-05 14:30:53.496	\N
46	general	general	Change Password Users	change-password-users	web	2026-03-05 14:30:53.527	\N
47	general	general	Toggle Status Users	toggle-status-users	web	2026-03-05 14:30:53.558	\N
48	general	general	Impersonate Users	impersonate-users	web	2026-03-05 14:30:53.588	\N
49	general	general	View Login History	view-login-history	web	2026-03-05 14:30:53.618	\N
50	general	general	Manage Roles	manage-roles	web	2026-03-05 14:30:53.648	\N
51	general	general	View Roles	view-roles	web	2026-03-05 14:30:53.678	\N
53	general	general	Edit Roles	edit-roles	web	2026-03-05 14:30:53.738	\N
54	general	general	Delete Roles	delete-roles	web	2026-03-05 14:30:53.768	\N
55	general	general	Manage Warehouses	manage-warehouses	web	2026-03-05 14:30:53.798	\N
56	general	general	Manage Any Warehouses	manage-any-warehouses	web	2026-03-05 14:30:53.828	\N
57	general	general	Manage Own Warehouses	manage-own-warehouses	web	2026-03-05 14:30:53.857	\N
58	general	general	Create Warehouses	create-warehouses	web	2026-03-05 14:30:53.887	\N
59	general	general	Edit Warehouses	edit-warehouses	web	2026-03-05 14:30:53.916	\N
60	general	general	Delete Warehouses	delete-warehouses	web	2026-03-05 14:30:53.946	\N
61	general	general	Manage Transfers	manage-transfers	web	2026-03-05 14:30:53.976	\N
63	general	general	Manage Own Transfers	manage-own-transfers	web	2026-03-05 14:30:54.035	\N
64	general	general	Create Transfers	create-transfers	web	2026-03-05 14:30:54.064	\N
65	general	general	Edit Transfers	edit-transfers	web	2026-03-05 14:30:54.095	\N
66	general	general	Delete Transfers	delete-transfers	web	2026-03-05 14:30:54.125	\N
67	general	general	Manage Helpdesk Tickets	manage-helpdesk-tickets	web	2026-03-05 14:30:54.154	\N
68	general	general	Manage Own Helpdesk Tickets	manage-own-helpdesk-tickets	web	2026-03-05 14:30:54.184	\N
69	general	general	View Helpdesk Tickets	view-helpdesk-tickets	web	2026-03-05 14:30:54.215	\N
70	general	general	Create Helpdesk Tickets	create-helpdesk-tickets	web	2026-03-05 14:30:54.244	\N
71	general	general	Edit Helpdesk Tickets	edit-helpdesk-tickets	web	2026-03-05 14:30:54.274	\N
72	general	general	Manage Helpdesk Replies	manage-helpdesk-replies	web	2026-03-05 14:30:54.304	\N
73	general	general	Create Helpdesk Replies	create-helpdesk-replies	web	2026-03-05 14:30:54.335	\N
74	general	general	Manage Settings	manage-settings	web	2026-03-05 14:30:54.365	\N
75	general	general	Edit Settings	edit-settings	web	2026-03-05 14:30:54.394	\N
76	general	general	Manage Brand Settings	manage-brand-settings	web	2026-03-05 14:30:54.424	\N
2	general	general	Manage Media	manage-media	web	2026-03-05 14:30:52.162	\N
3	general	general	Manage Own Media	manage-own-media	web	2026-03-05 14:30:52.192	\N
104	general	general	Delete Purchase Invoices	delete-purchase-invoices	web	2026-03-05 14:30:55.282	\N
124	general	general	Edit Sales Proposals	edit-sales-proposals	web	2026-03-05 14:30:55.912	\N
7	general	general	Manage Media Directories	manage-media-directories	web	2026-03-05 14:30:52.321	\N
134	general	general	Manage Bank Transfers	manage-bank-transfers	web	2026-03-16 13:37:51.24	\N
135	general	general	Manage Chart Of Accounts	manage-chart-of-accounts	web	2026-03-16 13:37:51.28	\N
142	general	general	Manage Account Reports	manage-account-reports	web	2026-03-16 13:37:51.562	\N
77	general	general	Edit Brand Settings	edit-brand-settings	web	2026-03-05 14:30:54.454	\N
83	general	general	Edit Email Settings	edit-email-settings	web	2026-03-05 14:30:54.647	\N
84	general	general	Test Email	test-email	web	2026-03-05 14:30:54.677	\N
86	general	general	Manage Currency Settings	manage-currency-settings	web	2026-03-05 14:30:54.737	\N
91	general	general	View Plans	view-plans	web	2026-03-05 14:30:54.888	\N
92	general	general	Create Plans	create-plans	web	2026-03-05 14:30:54.918	\N
97	general	general	Manage Orders	manage-orders	web	2026-03-05 14:30:55.071	\N
106	general	general	Manage Any Purchase Return Invoices	manage-any-purchase-return-invoices	web	2026-03-05 14:30:55.342	\N
125	general	general	Delete Sales Proposals	delete-sales-proposals	web	2026-03-05 14:30:55.942	\N
126	general	general	Sent Sales Proposals	sent-sales-proposals	web	2026-03-05 14:30:55.975	\N
31	general	general	Accept Sales Proposals	accept-sales-proposals	web	2026-03-05 14:30:53.058	\N
129	general	general	Manage Account	manage-account	web	2026-03-16 13:37:50.977	\N
136	general	general	Manage Vendor Payments	manage-vendor-payments	web	2026-03-16 13:37:51.321	\N
93	general	general	Edit Plans	edit-plans	web	2026-03-05 14:30:54.947	\N
120	general	general	Approve Sales Returns Invoices	approve-sales-returns-invoices	web	2026-03-05 14:30:55.789	\N
127	general	general	Convert Sales Proposals	convert-sales-proposals	web	2026-03-05 14:30:56.005	\N
137	general	general	Manage Customer Payments	manage-customer-payments	web	2026-03-16 13:37:51.362	\N
78	general	general	Manage Company Settings	manage-company-settings	web	2026-03-05 14:30:54.487	\N
98	general	general	View Orders	view-orders	web	2026-03-05 14:30:55.102	\N
121	general	general	Complete Sales Returns Invoices	complete-sales-returns-invoices	web	2026-03-05 14:30:55.821	\N
138	general	general	Manage Revenues	manage-revenues	web	2026-03-16 13:37:51.402	\N
139	general	general	Manage Expenses	manage-expenses	web	2026-03-16 13:37:51.442	\N
79	general	general	Edit Company Settings	edit-company-settings	web	2026-03-05 14:30:54.518	\N
80	general	general	Manage System Settings	manage-system-settings	web	2026-03-05 14:30:54.548	\N
87	general	general	Edit Currency Settings	edit-currency-settings	web	2026-03-05 14:30:54.769	\N
88	general	general	Manage Plans	manage-plans	web	2026-03-05 14:30:54.799	\N
89	general	general	Manage Any Plans	manage-any-plans	web	2026-03-05 14:30:54.829	\N
94	general	general	Delete Plans	delete-plans	web	2026-03-05 14:30:54.977	\N
95	general	general	Manage Bank Transfer Requests	manage-bank-transfer-requests	web	2026-03-05 14:30:55.011	\N
99	general	general	Edit Messages	edit-messages	web	2026-03-05 14:30:55.133	\N
100	general	general	Delete Messages	delete-messages	web	2026-03-05 14:30:55.164	\N
101	general	general	Manage Any Purchase Invoices	manage-any-purchase-invoices	web	2026-03-05 14:30:55.193	\N
122	general	general	Manage Any Sales Proposals	manage-any-sales-proposals	web	2026-03-05 14:30:55.851	\N
123	general	general	Create Sales Proposals	create-sales-proposals	web	2026-03-05 14:30:55.881	\N
1	general	general	Manage Dashboard	manage-dashboard	web	2026-03-05 14:30:52.097	\N
128	general	general	Manage Account Dashboard	manage-account-dashboard	web	2026-03-11 11:30:15.306	\N
130	general	general	Manage Customers	manage-customers	web	2026-03-16 13:37:51.079	\N
131	general	general	Manage Vendors	manage-vendors	web	2026-03-16 13:37:51.119	\N
132	general	general	Manage Bank Accounts	manage-bank-accounts	web	2026-03-16 13:37:51.16	\N
140	general	general	Manage Debit Notes	manage-debit-notes	web	2026-03-16 13:37:51.482	\N
81	general	general	Edit System Settings	edit-system-settings	web	2026-03-05 14:30:54.577	\N
82	general	general	Manage Email Settings	manage-email-settings	web	2026-03-05 14:30:54.614	\N
90	general	general	Manage Own Plans	manage-own-plans	web	2026-03-05 14:30:54.858	\N
141	general	general	Manage Credit Notes	manage-credit-notes	web	2026-03-16 13:37:51.522	\N
96	general	general	Delete Bank Transfer Requests	delete-bank-transfer-requests	web	2026-03-05 14:30:55.042	\N
102	general	general	Create Purchase Invoices	create-purchase-invoices	web	2026-03-05 14:30:55.223	\N
103	general	general	Edit Purchase Invoices	edit-purchase-invoices	web	2026-03-05 14:30:55.253	\N
133	general	general	Manage Bank Transactions	manage-bank-transactions	web	2026-03-16 13:37:51.2	\N
105	general	general	Post Purchase Invoices	post-purchase-invoices	web	2026-03-05 14:30:55.312	\N
107	general	general	Create Purchase Return Invoices	create-purchase-return-invoices	web	2026-03-05 14:30:55.374	\N
108	general	general	Edit Purchase Return Invoices	edit-purchase-return-invoices	web	2026-03-05 14:30:55.405	\N
109	general	general	Delete Purchase Return Invoices	delete-purchase-return-invoices	web	2026-03-05 14:30:55.44	\N
110	general	general	Approve Purchase Returns Invoices	approve-purchase-returns-invoices	web	2026-03-05 14:30:55.47	\N
111	general	general	Complete Purchase Returns Invoices	complete-purchase-returns-invoices	web	2026-03-05 14:30:55.5	\N
112	general	general	Manage Any Sales Invoices	manage-any-sales-invoices	web	2026-03-05 14:30:55.536	\N
113	general	general	Create Sales Invoices	create-sales-invoices	web	2026-03-05 14:30:55.566	\N
114	general	general	Edit Sales Invoices	edit-sales-invoices	web	2026-03-05 14:30:55.596	\N
115	general	general	Delete Sales Invoices	delete-sales-invoices	web	2026-03-05 14:30:55.626	\N
116	general	general	Post Sales Invoices	post-sales-invoices	web	2026-03-05 14:30:55.656	\N
117	general	general	Manage Any Sales Return Invoices	manage-any-sales-return-invoices	web	2026-03-05 14:30:55.686	\N
118	general	general	Create Sales Return Invoices	create-sales-return-invoices	web	2026-03-05 14:30:55.728	\N
119	general	general	Delete Sales Return Invoices	delete-sales-return-invoices	web	2026-03-05 14:30:55.759	\N
226	Hrm	Hrm	Create Leave Types	create-leave-types	web	2026-03-18 17:34:09.97	\N
227	Hrm	Hrm	Edit Leave Types	edit-leave-types	web	2026-03-18 17:34:10.133	\N
228	Hrm	Hrm	Delete Leave Types	delete-leave-types	web	2026-03-18 17:34:10.294	\N
229	Hrm	Hrm	Manage Leave Applications	manage-leave-applications	web	2026-03-18 17:34:10.456	\N
230	Hrm	Hrm	Create Leave Applications	create-leave-applications	web	2026-03-18 17:34:10.62	\N
231	Hrm	Hrm	Edit Leave Applications	edit-leave-applications	web	2026-03-18 17:34:10.788	\N
232	Hrm	Hrm	Delete Leave Applications	delete-leave-applications	web	2026-03-18 17:34:10.955	\N
233	Hrm	Hrm	Manage Holidays	manage-holidays	web	2026-03-18 17:34:11.119	\N
144	Taskly	Taskly	Manage Project Dashboard	manage-project-dashboard	web	2026-03-18 10:12:50.616	\N
145	Taskly	Taskly	Manage Project	manage-project	web	2026-03-18 10:12:50.888	\N
146	Taskly	Taskly	Manage Project Report	manage-project-report	web	2026-03-18 10:12:51.052	\N
147	Taskly	Taskly	Manage Task Stages	manage-task-stages	web	2026-03-18 10:12:51.214	\N
148	Taskly	Taskly	View Project	view-project	web	2026-03-18 10:12:51.376	\N
149	Taskly	Taskly	Create Project	create-project	web	2026-03-18 10:12:51.538	\N
150	Taskly	Taskly	Edit Project	edit-project	web	2026-03-18 10:12:51.699	\N
151	Taskly	Taskly	Delete Project	delete-project	web	2026-03-18 10:12:51.862	\N
152	Taskly	Taskly	Manage Project Task	manage-project-task	web	2026-03-18 10:12:52.024	\N
153	Taskly	Taskly	Create Project Task	create-project-task	web	2026-03-18 10:12:52.185	\N
154	Taskly	Taskly	Edit Project Task	edit-project-task	web	2026-03-18 10:12:52.346	\N
155	Taskly	Taskly	Delete Project Task	delete-project-task	web	2026-03-18 10:12:52.508	\N
156	Taskly	Taskly	Manage Project Bug	manage-project-bug	web	2026-03-18 10:12:52.67	\N
157	Taskly	Taskly	Create Project Bug	create-project-bug	web	2026-03-18 10:12:52.831	\N
158	Taskly	Taskly	Edit Project Bug	edit-project-bug	web	2026-03-18 10:12:52.992	\N
159	Taskly	Taskly	Delete Project Bug	delete-project-bug	web	2026-03-18 10:12:53.154	\N
160	Taskly	Taskly	Manage Project Milestone	manage-project-milestone	web	2026-03-18 10:12:53.315	\N
161	Taskly	Taskly	Manage Project Members	manage-project-members	web	2026-03-18 10:12:53.476	\N
234	Hrm	Hrm	Create Holidays	create-holidays	web	2026-03-18 17:34:11.305	\N
235	Hrm	Hrm	Edit Holidays	edit-holidays	web	2026-03-18 17:34:11.492	\N
236	Hrm	Hrm	Delete Holidays	delete-holidays	web	2026-03-18 17:34:11.662	\N
237	Hrm	Hrm	Manage Awards	manage-awards	web	2026-03-18 17:34:11.828	\N
238	Hrm	Hrm	Create Awards	create-awards	web	2026-03-18 17:34:11.988	\N
239	Hrm	Hrm	Edit Awards	edit-awards	web	2026-03-18 17:34:12.15	\N
240	Hrm	Hrm	Delete Awards	delete-awards	web	2026-03-18 17:34:12.312	\N
241	Hrm	Hrm	Manage Promotions	manage-promotions	web	2026-03-18 17:34:12.473	\N
242	Hrm	Hrm	Create Promotions	create-promotions	web	2026-03-18 17:34:12.634	\N
243	Hrm	Hrm	Edit Promotions	edit-promotions	web	2026-03-18 17:34:12.799	\N
244	Hrm	Hrm	Delete Promotions	delete-promotions	web	2026-03-18 17:34:12.964	\N
245	Hrm	Hrm	Manage Resignations	manage-resignations	web	2026-03-18 17:34:13.128	\N
62	general	general	Manage Any Transfers	manage-any-transfers	web	2026-03-05 14:30:54.006	\N
206	general	general	Create Branches	create-branches	web	2026-03-18 17:34:06.567	\N
200	Hrm	Hrm	Manage HRM	manage-hrm	web	2026-03-18 17:34:05.466	\N
201	Hrm	Hrm	Manage Employees	manage-employees	web	2026-03-18 17:34:05.74	\N
202	Hrm	Hrm	Create Employees	create-employees	web	2026-03-18 17:34:05.903	\N
203	Hrm	Hrm	Edit Employees	edit-employees	web	2026-03-18 17:34:06.077	\N
204	Hrm	Hrm	Delete Employees	delete-employees	web	2026-03-18 17:34:06.242	\N
205	Hrm	Hrm	Manage Branches	manage-branches	web	2026-03-18 17:34:06.406	\N
209	Hrm	Hrm	Manage Departments	manage-departments	web	2026-03-18 17:34:07.076	\N
210	Hrm	Hrm	Create Departments	create-departments	web	2026-03-18 17:34:07.244	\N
211	Hrm	Hrm	Edit Departments	edit-departments	web	2026-03-18 17:34:07.415	\N
212	Hrm	Hrm	Delete Departments	delete-departments	web	2026-03-18 17:34:07.577	\N
213	Hrm	Hrm	Manage Designations	manage-designations	web	2026-03-18 17:34:07.743	\N
214	Hrm	Hrm	Create Designations	create-designations	web	2026-03-18 17:34:07.908	\N
215	Hrm	Hrm	Edit Designations	edit-designations	web	2026-03-18 17:34:08.094	\N
246	Hrm	Hrm	Create Resignations	create-resignations	web	2026-03-18 17:34:13.298	\N
247	Hrm	Hrm	Edit Resignations	edit-resignations	web	2026-03-18 17:34:13.462	\N
248	Hrm	Hrm	Delete Resignations	delete-resignations	web	2026-03-18 17:34:13.626	\N
216	Hrm	Hrm	Delete Designations	delete-designations	web	2026-03-18 17:34:08.261	\N
217	Hrm	Hrm	Manage Shifts	manage-shifts	web	2026-03-18 17:34:08.433	\N
218	Hrm	Hrm	Create Shifts	create-shifts	web	2026-03-18 17:34:08.594	\N
219	Hrm	Hrm	Edit Shifts	edit-shifts	web	2026-03-18 17:34:08.758	\N
220	Hrm	Hrm	Delete Shifts	delete-shifts	web	2026-03-18 17:34:08.921	\N
221	Hrm	Hrm	Manage Attendances	manage-attendances	web	2026-03-18 17:34:09.117	\N
222	Hrm	Hrm	Create Attendances	create-attendances	web	2026-03-18 17:34:09.301	\N
223	Hrm	Hrm	Edit Attendances	edit-attendances	web	2026-03-18 17:34:09.463	\N
224	Hrm	Hrm	Delete Attendances	delete-attendances	web	2026-03-18 17:34:09.628	\N
225	Hrm	Hrm	Manage Leave Types	manage-leave-types	web	2026-03-18 17:34:09.793	\N
249	Hrm	Hrm	Manage Terminations	manage-terminations	web	2026-03-18 17:34:13.788	\N
250	Hrm	Hrm	Create Terminations	create-terminations	web	2026-03-18 17:34:13.95	\N
251	Hrm	Hrm	Edit Terminations	edit-terminations	web	2026-03-18 17:34:14.117	\N
252	Hrm	Hrm	Delete Terminations	delete-terminations	web	2026-03-18 17:34:14.312	\N
253	Hrm	Hrm	Manage Warnings	manage-warnings	web	2026-03-18 17:34:14.489	\N
254	Hrm	Hrm	Create Warnings	create-warnings	web	2026-03-18 17:34:14.663	\N
255	Hrm	Hrm	Edit Warnings	edit-warnings	web	2026-03-18 17:34:14.842	\N
256	Hrm	Hrm	Delete Warnings	delete-warnings	web	2026-03-18 17:34:15.009	\N
257	Hrm	Hrm	Manage Complaints	manage-complaints	web	2026-03-18 17:34:15.17	\N
258	Hrm	Hrm	Create Complaints	create-complaints	web	2026-03-18 17:34:15.331	\N
259	Hrm	Hrm	Edit Complaints	edit-complaints	web	2026-03-18 17:34:15.495	\N
260	Hrm	Hrm	Delete Complaints	delete-complaints	web	2026-03-18 17:34:15.662	\N
265	Hrm	Hrm	Manage Documents	manage-documents	web	2026-03-18 17:34:16.509	\N
266	Hrm	Hrm	Create Documents	create-documents	web	2026-03-18 17:34:16.672	\N
207	general	general	Edit Branches	edit-branches	web	2026-03-18 17:34:06.739	\N
208	general	general	Delete Branches	delete-branches	web	2026-03-18 17:34:06.908	\N
267	Hrm	Hrm	Edit Documents	edit-documents	web	2026-03-18 17:34:16.833	\N
268	Hrm	Hrm	Delete Documents	delete-documents	web	2026-03-18 17:34:17.007	\N
269	Hrm	Hrm	Manage Payroll	manage-payroll	web	2026-03-18 17:34:17.179	\N
270	Hrm	Hrm	Create Payroll	create-payroll	web	2026-03-18 17:34:17.353	\N
271	Hrm	Hrm	Edit Payroll	edit-payroll	web	2026-03-18 17:34:17.52	\N
272	Hrm	Hrm	Delete Payroll	delete-payroll	web	2026-03-18 17:34:17.684	\N
273	Hrm	Hrm	Edit Salary	edit-salary	web	2026-03-18 17:34:17.852	\N
274	Hrm	Hrm	Delete Salary	delete-salary	web	2026-03-18 17:34:18.024	\N
434	Recruitment	Recruitment	Manage Candidate Onboardings	manage-candidate-onboardings	web	2026-03-19 10:12:13.814	\N
300	Appointment	Appointment	Manage Appointment Dashboard	manage-appointment-dashboard	web	2026-03-19 10:11:58.358	\N
301	Appointment	Appointment	Manage Appointment	manage-appointment	web	2026-03-19 10:11:58.556	\N
302	Appointment	Appointment	Manage Appointments	manage-appointments	web	2026-03-19 10:11:58.712	\N
303	Appointment	Appointment	Create Appointments	create-appointments	web	2026-03-19 10:11:58.868	\N
304	Appointment	Appointment	Edit Appointments	edit-appointments	web	2026-03-19 10:11:59.026	\N
305	Appointment	Appointment	Delete Appointments	delete-appointments	web	2026-03-19 10:11:59.184	\N
306	Appointment	Appointment	View Appointments	view-appointments	web	2026-03-19 10:11:59.341	\N
307	Appointment	Appointment	Manage Appointment Hours	manage-appointment-hours	web	2026-03-19 10:11:59.5	\N
308	Appointment	Appointment	Create Appointment Hours	create-appointment-hours	web	2026-03-19 10:11:59.688	\N
309	Appointment	Appointment	Manage Questions	manage-questions	web	2026-03-19 10:11:59.844	\N
310	Appointment	Appointment	Create Questions	create-questions	web	2026-03-19 10:12:00.002	\N
311	Appointment	Appointment	Edit Questions	edit-questions	web	2026-03-19 10:12:00.159	\N
312	Appointment	Appointment	Delete Questions	delete-questions	web	2026-03-19 10:12:00.315	\N
313	Appointment	Appointment	Manage Schedules	manage-schedules	web	2026-03-19 10:12:00.474	\N
314	Appointment	Appointment	View Schedules	view-schedules	web	2026-03-19 10:12:00.635	\N
315	Appointment	Appointment	Delete Schedules	delete-schedules	web	2026-03-19 10:12:00.795	\N
316	Appointment	Appointment	Schedule Actions	schedule-actions	web	2026-03-19 10:12:00.951	\N
317	Appointment	Appointment	Manage Appointment Callbacks	manage-appointment-callbacks	web	2026-03-19 10:12:01.107	\N
318	Appointment	Appointment	View Appointment Callbacks	view-appointment-callbacks	web	2026-03-19 10:12:01.262	\N
319	Appointment	Appointment	Delete Appointment Callbacks	delete-appointment-callbacks	web	2026-03-19 10:12:01.418	\N
320	Appointment	Appointment	Manage Appointment Settings	manage-appointment-settings	web	2026-03-19 10:12:01.574	\N
400	Recruitment	Recruitment	Manage Recruitment	manage-recruitment	web	2026-03-19 10:12:08.503	\N
401	Recruitment	Recruitment	Manage Recruitment Dashboard	manage-recruitment-dashboard	web	2026-03-19 10:12:08.659	\N
402	Recruitment	Recruitment	Manage System Setup	manage-recruitment-system-setup	web	2026-03-19 10:12:08.815	\N
403	Recruitment	Recruitment	Manage Job Locations	manage-job-locations	web	2026-03-19 10:12:08.971	\N
404	Recruitment	Recruitment	Create Job Locations	create-job-locations	web	2026-03-19 10:12:09.127	\N
405	Recruitment	Recruitment	Edit Job Locations	edit-job-locations	web	2026-03-19 10:12:09.284	\N
406	Recruitment	Recruitment	Delete Job Locations	delete-job-locations	web	2026-03-19 10:12:09.44	\N
407	Recruitment	Recruitment	Manage Custom Questions	manage-custom-questions	web	2026-03-19 10:12:09.595	\N
408	Recruitment	Recruitment	Create Custom Questions	create-custom-questions	web	2026-03-19 10:12:09.752	\N
409	Recruitment	Recruitment	Edit Custom Questions	edit-custom-questions	web	2026-03-19 10:12:09.909	\N
410	Recruitment	Recruitment	Delete Custom Questions	delete-custom-questions	web	2026-03-19 10:12:10.065	\N
411	Recruitment	Recruitment	Manage Job Postings	manage-job-postings	web	2026-03-19 10:12:10.221	\N
412	Recruitment	Recruitment	Create Job Postings	create-job-postings	web	2026-03-19 10:12:10.377	\N
413	Recruitment	Recruitment	Edit Job Postings	edit-job-postings	web	2026-03-19 10:12:10.533	\N
414	Recruitment	Recruitment	Delete Job Postings	delete-job-postings	web	2026-03-19 10:12:10.689	\N
415	Recruitment	Recruitment	Publish Job Postings	publish-job-postings	web	2026-03-19 10:12:10.845	\N
416	Recruitment	Recruitment	View Job Postings	view-job-postings	web	2026-03-19 10:12:11.001	\N
417	Recruitment	Recruitment	Manage Candidates	manage-candidates	web	2026-03-19 10:12:11.157	\N
418	Recruitment	Recruitment	Create Candidates	create-candidates	web	2026-03-19 10:12:11.316	\N
419	Recruitment	Recruitment	Edit Candidates	edit-candidates	web	2026-03-19 10:12:11.473	\N
420	Recruitment	Recruitment	Delete Candidates	delete-candidates	web	2026-03-19 10:12:11.629	\N
421	Recruitment	Recruitment	View Candidates	view-candidates	web	2026-03-19 10:12:11.785	\N
422	Recruitment	Recruitment	Manage Interview Rounds	manage-interview-rounds	web	2026-03-19 10:12:11.941	\N
423	Recruitment	Recruitment	Create Interview Rounds	create-interview-rounds	web	2026-03-19 10:12:12.096	\N
424	Recruitment	Recruitment	Edit Interview Rounds	edit-interview-rounds	web	2026-03-19 10:12:12.252	\N
425	Recruitment	Recruitment	Delete Interview Rounds	delete-interview-rounds	web	2026-03-19 10:12:12.409	\N
426	Recruitment	Recruitment	Manage Interviews	manage-interviews	web	2026-03-19 10:12:12.565	\N
427	Recruitment	Recruitment	Create Interviews	create-interviews	web	2026-03-19 10:12:12.721	\N
428	Recruitment	Recruitment	Edit Interviews	edit-interviews	web	2026-03-19 10:12:12.877	\N
429	Recruitment	Recruitment	Delete Interviews	delete-interviews	web	2026-03-19 10:12:13.034	\N
430	Recruitment	Recruitment	View Interviews	view-interviews	web	2026-03-19 10:12:13.189	\N
431	Recruitment	Recruitment	Manage Interview Feedbacks	manage-interview-feedbacks	web	2026-03-19 10:12:13.346	\N
432	Recruitment	Recruitment	Manage Candidate Assessments	manage-candidate-assessments	web	2026-03-19 10:12:13.502	\N
433	Recruitment	Recruitment	Manage Offers	manage-offers	web	2026-03-19 10:12:13.659	\N
435	Recruitment	Recruitment	Create Job Types	create-job-types	web	2026-03-19 10:12:13.971	\N
436	Recruitment	Recruitment	Edit Job Types	edit-job-types	web	2026-03-19 10:12:14.127	\N
437	Recruitment	Recruitment	Delete Job Types	delete-job-types	web	2026-03-19 10:12:14.283	\N
438	Recruitment	Recruitment	Create Candidate Sources	create-candidate-sources	web	2026-03-19 10:12:14.44	\N
439	Recruitment	Recruitment	Edit Candidate Sources	edit-candidate-sources	web	2026-03-19 10:12:14.596	\N
440	Recruitment	Recruitment	Delete Candidate Sources	delete-candidate-sources	web	2026-03-19 10:12:14.784	\N
441	Recruitment	Recruitment	Create Interview Types	create-interview-types	web	2026-03-19 10:12:14.942	\N
442	Recruitment	Recruitment	Edit Interview Types	edit-interview-types	web	2026-03-19 10:12:15.103	\N
443	Recruitment	Recruitment	Delete Interview Types	delete-interview-types	web	2026-03-19 10:12:15.26	\N
458	general	general	Create Pipelines	create-pipelines	web	2026-03-19 16:23:26.453	\N
459	general	general	Edit Pipelines	edit-pipelines	web	2026-03-19 16:23:26.493	\N
460	general	general	Delete Pipelines	delete-pipelines	web	2026-03-19 16:23:26.533	\N
461	general	general	Manage Lead Activities	manage-lead-activities	web	2026-03-19 16:23:26.573	\N
462	general	general	Manage Deal Activities	manage-deal-activities	web	2026-03-19 16:23:26.613	\N
486	general	general	Create Sales	create-sales	web	2026-03-19 17:41:30.555	\N
487	general	general	Edit Sales	edit-sales	web	2026-03-19 17:41:30.596	\N
488	general	general	Delete Sales	delete-sales	web	2026-03-19 17:41:30.635	\N
489	general	general	Create Purchases	create-purchases	web	2026-03-19 17:41:30.675	\N
447	general	general	Create Leads	create-leads	web	2026-03-19 16:23:20.989	\N
448	general	general	Edit Leads	edit-leads	web	2026-03-19 16:23:21.029	\N
449	general	general	View Leads	view-leads	web	2026-03-19 16:23:21.069	\N
450	general	general	Manage Deals	manage-deals	web	2026-03-19 16:23:21.113	\N
451	general	general	Create Deals	create-deals	web	2026-03-19 16:23:21.153	\N
452	general	general	Edit Deals	edit-deals	web	2026-03-19 16:23:21.193	\N
453	general	general	View Deals	view-deals	web	2026-03-19 16:23:21.233	\N
454	general	general	View Reports	view-reports	web	2026-03-19 16:23:21.273	\N
463	general	general	Manage Pos Dashboard	manage-pos-dashboard	web	2026-03-19 17:41:24.343	\N
464	general	general	View Pos	view-pos	web	2026-03-19 17:41:24.404	\N
465	general	general	View Sales	view-sales	web	2026-03-19 17:41:24.444	\N
466	general	general	View Purchases	view-purchases	web	2026-03-19 17:41:24.483	\N
467	general	general	View Quotations	view-quotations	web	2026-03-19 17:41:24.524	\N
468	general	general	View Products	view-products	web	2026-03-19 17:41:24.564	\N
469	general	general	View Categories	view-categories	web	2026-03-19 17:41:24.604	\N
470	general	general	View Brands	view-brands	web	2026-03-19 17:41:24.643	\N
471	general	general	View Units	view-units	web	2026-03-19 17:41:24.684	\N
472	general	general	View Taxes	view-taxes	web	2026-03-19 17:41:24.724	\N
473	general	general	View Customers	view-customers	web	2026-03-19 17:41:24.763	\N
474	general	general	View Vendors	view-vendors	web	2026-03-19 17:41:24.803	\N
475	general	general	View Expenses	view-expenses	web	2026-03-19 17:41:24.842	\N
476	general	general	View Expense Categories	view-expense-categories	web	2026-03-19 17:41:24.882	\N
477	general	general	View Branches	view-branches	web	2026-03-19 17:41:24.922	\N
478	general	general	View Cash Registers	view-cash-registers	web	2026-03-19 17:41:24.962	\N
479	general	general	View Branch Sales Targets	view-branch-sales-targets	web	2026-03-19 17:41:25.002	\N
480	general	general	Manage Pos Sessions	manage-pos-sessions	web	2026-03-19 17:41:25.042	\N
481	general	general	View Sale Returns	view-sale-returns	web	2026-03-19 17:41:25.081	\N
482	general	general	View Purchase Returns	view-purchase-returns	web	2026-03-19 17:41:25.121	\N
483	general	general	View Barcode	view-barcode	web	2026-03-19 17:41:25.161	\N
484	general	general	View Referrals	view-referrals	web	2026-03-19 17:41:25.2	\N
485	general	general	View Calendar	view-calendar	web	2026-03-19 17:41:25.24	\N
143	general	general	Manage Account Types	manage-account-types	web	2026-03-16 13:37:51.602	\N
455	general	general	Delete Leads	delete-leads	web	2026-03-19 16:23:26.333	\N
456	general	general	Delete Deals	delete-deals	web	2026-03-19 16:23:26.373	\N
457	general	general	Manage Pipelines	manage-pipelines	web	2026-03-19 16:23:26.413	\N
490	general	general	Edit Purchases	edit-purchases	web	2026-03-19 17:41:30.715	\N
491	general	general	Delete Purchases	delete-purchases	web	2026-03-19 17:41:30.755	\N
492	general	general	Create Quotations	create-quotations	web	2026-03-19 17:41:30.795	\N
493	general	general	Edit Quotations	edit-quotations	web	2026-03-19 17:41:30.834	\N
494	general	general	Delete Quotations	delete-quotations	web	2026-03-19 17:41:30.873	\N
495	general	general	Create Products	create-products	web	2026-03-19 17:41:30.917	\N
496	general	general	Edit Products	edit-products	web	2026-03-19 17:41:30.957	\N
497	general	general	Delete Products	delete-products	web	2026-03-19 17:41:30.997	\N
498	general	general	Create Categories	create-categories	web	2026-03-19 17:41:31.037	\N
499	general	general	Edit Categories	edit-categories	web	2026-03-19 17:41:31.076	\N
500	general	general	Delete Categories	delete-categories	web	2026-03-19 17:41:31.116	\N
501	general	general	Create Brands	create-brands	web	2026-03-19 17:41:31.156	\N
502	general	general	Edit Brands	edit-brands	web	2026-03-19 17:41:31.195	\N
503	general	general	Delete Brands	delete-brands	web	2026-03-19 17:41:31.236	\N
504	general	general	Create Units	create-units	web	2026-03-19 17:41:31.276	\N
505	general	general	Edit Units	edit-units	web	2026-03-19 17:41:31.315	\N
506	general	general	Delete Units	delete-units	web	2026-03-19 17:41:31.355	\N
507	general	general	Create Taxes	create-taxes	web	2026-03-19 17:41:31.395	\N
508	general	general	Edit Taxes	edit-taxes	web	2026-03-19 17:41:31.434	\N
509	general	general	Delete Taxes	delete-taxes	web	2026-03-19 17:41:31.474	\N
510	general	general	Create Customers	create-customers	web	2026-03-19 17:41:31.514	\N
511	general	general	Edit Customers	edit-customers	web	2026-03-19 17:41:31.554	\N
512	general	general	Delete Customers	delete-customers	web	2026-03-19 17:41:31.593	\N
513	general	general	Create Vendors	create-vendors	web	2026-03-19 17:41:31.632	\N
444	general	general	Manage Crm	manage-crm	web	2026-03-19 16:23:20.847	\N
445	general	general	Manage Crm Dashboard	manage-crm-dashboard	web	2026-03-19 16:23:20.908	\N
446	general	general	Manage Leads	manage-leads	web	2026-03-19 16:23:20.949	\N
613	ResumeBuilder	ResumeBuilder	Edit Resume	edit-resume	web	2026-03-26 10:41:09.347	\N
614	ResumeBuilder	ResumeBuilder	Delete Resume	delete-resume	web	2026-03-26 10:41:09.481	\N
615	ResumeBuilder	ResumeBuilder	Manage Resume Builder Settings	manage-resume-builder-settings	web	2026-03-26 10:41:09.616	\N
620	general	User	Manage User	manage-user	web	2026-03-26 14:12:52.21	\N
700	SupportTicket	SupportTicket	Manage Support Ticket	manage-support-ticket	web	2026-03-28 05:06:20.279	\N
701	SupportTicket	SupportTicket	Support Ticket Dashboard	manage-support-ticket-dashboard	web	2026-03-28 05:06:20.453	\N
702	SupportTicket	SupportTicket	Manage Tickets	manage-tickets	web	2026-03-28 05:06:20.597	\N
703	SupportTicket	SupportTicket	Create Tickets	create-tickets	web	2026-03-28 05:06:20.74	\N
704	SupportTicket	SupportTicket	Edit Tickets	edit-tickets	web	2026-03-28 05:06:20.884	\N
705	SupportTicket	SupportTicket	Delete Tickets	delete-tickets	web	2026-03-28 05:06:21.032	\N
706	SupportTicket	SupportTicket	View Tickets	view-tickets	web	2026-03-28 05:06:21.175	\N
707	SupportTicket	SupportTicket	Manage Knowledge Base	manage-knowledge-base	web	2026-03-28 05:06:21.32	\N
708	SupportTicket	SupportTicket	Create Knowledge Base	create-knowledge-base	web	2026-03-28 05:06:21.466	\N
709	SupportTicket	SupportTicket	Edit Knowledge Base	edit-knowledge-base	web	2026-03-28 05:06:21.611	\N
710	SupportTicket	SupportTicket	Delete Knowledge Base	delete-knowledge-base	web	2026-03-28 05:06:21.755	\N
85	general	general	Manage Email Notification Settings	manage-email-notification-settings	web	2026-03-05 14:30:54.706	\N
514	general	general	Edit Vendors	edit-vendors	web	2026-03-19 17:41:31.672	\N
515	general	general	Delete Vendors	delete-vendors	web	2026-03-19 17:41:31.713	\N
516	general	general	Create Expenses	create-expenses	web	2026-03-19 17:41:31.752	\N
517	general	general	Edit Expenses	edit-expenses	web	2026-03-19 17:41:31.791	\N
518	general	general	Delete Expenses	delete-expenses	web	2026-03-19 17:41:31.831	\N
519	general	general	Create Expense Categories	create-expense-categories	web	2026-03-19 17:41:31.87	\N
520	general	general	Edit Expense Categories	edit-expense-categories	web	2026-03-19 17:41:31.91	\N
521	general	general	Delete Expense Categories	delete-expense-categories	web	2026-03-19 17:41:31.949	\N
522	general	general	Create Cash Registers	create-cash-registers	web	2026-03-19 17:41:32.11	\N
523	general	general	Edit Cash Registers	edit-cash-registers	web	2026-03-19 17:41:32.15	\N
711	SupportTicket	SupportTicket	Manage FAQ	manage-support-faq	web	2026-03-28 05:06:21.906	\N
712	SupportTicket	SupportTicket	Create FAQ	create-support-faq	web	2026-03-28 05:06:22.052	\N
713	SupportTicket	SupportTicket	Edit FAQ	edit-support-faq	web	2026-03-28 05:06:22.198	\N
714	SupportTicket	SupportTicket	Delete FAQ	delete-support-faq	web	2026-03-28 05:06:22.341	\N
715	SupportTicket	SupportTicket	Manage Contact	manage-support-contact	web	2026-03-28 05:06:22.484	\N
716	SupportTicket	SupportTicket	Delete Contact	delete-support-contact	web	2026-03-28 05:06:22.627	\N
717	SupportTicket	SupportTicket	View Contact	view-support-contact	web	2026-03-28 05:06:22.771	\N
718	SupportTicket	SupportTicket	Manage Support Ticket Settings	manage-support-ticket-settings	web	2026-03-28 05:06:22.914	\N
720	Assets	Assets	Manage Assets	manage-assets	web	2026-03-28 05:06:29.532	\N
721	Assets	Assets	Assets Dashboard	manage-asset-dashboard	web	2026-03-28 05:06:29.676	\N
722	Assets	Assets	Create Asset	create-asset	web	2026-03-28 05:06:29.82	\N
723	Assets	Assets	Edit Asset	edit-asset	web	2026-03-28 05:06:29.963	\N
724	Assets	Assets	Delete Asset	delete-asset	web	2026-03-28 05:06:30.106	\N
725	Assets	Assets	View Asset	view-asset	web	2026-03-28 05:06:30.25	\N
726	Assets	Assets	Manage Assignments	manage-asset-assignments	web	2026-03-28 05:06:30.393	\N
727	Assets	Assets	Create Assignment	create-asset-assignment	web	2026-03-28 05:06:30.536	\N
728	Assets	Assets	Edit Assignment	edit-asset-assignment	web	2026-03-28 05:06:30.679	\N
729	Assets	Assets	Delete Assignment	delete-asset-assignment	web	2026-03-28 05:06:30.822	\N
730	Assets	Assets	View Assignment	view-asset-assignment	web	2026-03-28 05:06:30.966	\N
731	Assets	Assets	Manage Locations	manage-asset-locations	web	2026-03-28 05:06:31.11	\N
732	Assets	Assets	Create Location	create-asset-location	web	2026-03-28 05:06:31.254	\N
524	general	general	Delete Cash Registers	delete-cash-registers	web	2026-03-19 17:41:32.189	\N
525	general	general	Create Branch Sales Targets	create-branch-sales-targets	web	2026-03-19 17:41:32.23	\N
526	general	general	Edit Branch Sales Targets	edit-branch-sales-targets	web	2026-03-19 17:41:32.269	\N
527	general	general	Delete Branch Sales Targets	delete-branch-sales-targets	web	2026-03-19 17:41:32.309	\N
528	general	general	Create Sale Returns	create-sale-returns	web	2026-03-19 17:41:32.349	\N
529	general	general	Delete Sale Returns	delete-sale-returns	web	2026-03-19 17:41:32.388	\N
530	general	general	Create Purchase Returns	create-purchase-returns	web	2026-03-19 17:41:32.431	\N
531	general	general	Delete Purchase Returns	delete-purchase-returns	web	2026-03-19 17:41:32.47	\N
532	general	general	Print Barcode	print-barcode	web	2026-03-19 17:41:32.51	\N
533	general	general	Manage Referrals	manage-referrals	web	2026-03-19 17:41:32.55	\N
600	FormBuilder	FormBuilder	Manage Form Builder	manage-formbuilder	web	2026-03-26 09:57:00.333	\N
601	FormBuilder	FormBuilder	Create Form	create-formbuilder	web	2026-03-26 09:57:00.511	\N
602	FormBuilder	FormBuilder	Edit Form	edit-formbuilder-form	web	2026-03-26 09:57:00.655	\N
603	FormBuilder	FormBuilder	Delete Form	delete-formbuilder-form	web	2026-03-26 09:57:00.801	\N
604	FormBuilder	FormBuilder	View Forms	view-formbuilder-form	web	2026-03-26 09:57:00.945	\N
605	FormBuilder	FormBuilder	View Form Responses	view-formbuilder-form-responses	web	2026-03-26 09:57:01.091	\N
610	ResumeBuilder	ResumeBuilder	Manage Resume Builder	manage-resume-builder	web	2026-03-26 10:41:08.912	\N
611	ResumeBuilder	ResumeBuilder	View Resumes	view-resumes	web	2026-03-26 10:41:09.076	\N
612	ResumeBuilder	ResumeBuilder	Create Resume	create-resume	web	2026-03-26 10:41:09.212	\N
733	Assets	Assets	Edit Location	edit-asset-location	web	2026-03-28 05:06:31.399	\N
734	Assets	Assets	Delete Location	delete-asset-location	web	2026-03-28 05:06:31.543	\N
735	Assets	Assets	View Location	view-asset-location	web	2026-03-28 05:06:31.686	\N
736	Assets	Assets	Manage Maintenance	manage-asset-maintenance	web	2026-03-28 05:06:31.831	\N
737	Assets	Assets	Create Maintenance	create-asset-maintenance	web	2026-03-28 05:06:31.974	\N
738	Assets	Assets	Edit Maintenance	edit-asset-maintenance	web	2026-03-28 05:06:32.125	\N
739	Assets	Assets	Delete Maintenance	delete-asset-maintenance	web	2026-03-28 05:06:32.269	\N
740	Assets	Assets	Manage Depreciation	manage-asset-depreciation	web	2026-03-28 05:06:32.414	\N
741	Assets	Assets	Create Depreciation	create-asset-depreciation	web	2026-03-28 05:06:32.562	\N
742	Assets	Assets	Edit Depreciation	edit-asset-depreciation	web	2026-03-28 05:06:32.708	\N
743	Assets	Assets	Delete Depreciation	delete-asset-depreciation	web	2026-03-28 05:06:32.87	\N
744	Assets	Assets	Manage Asset Categories	manage-asset-categories	web	2026-03-28 05:06:33.014	\N
745	Assets	Assets	Create Asset Category	create-asset-category	web	2026-03-28 05:06:33.16	\N
746	Assets	Assets	Edit Asset Category	edit-asset-category	web	2026-03-28 05:06:33.304	\N
747	Assets	Assets	Delete Asset Category	delete-asset-category	web	2026-03-28 05:06:33.448	\N
748	Assets	Assets	Manage Borrow & Rent	manage-asset-borrow-rent	web	2026-03-28 05:06:33.592	\N
749	Assets	Assets	Create Borrow & Rent	create-asset-borrow-rent	web	2026-03-28 05:06:33.736	\N
750	Assets	Assets	Edit Borrow & Rent	edit-asset-borrow-rent	web	2026-03-28 05:06:33.88	\N
751	Assets	Assets	Delete Borrow & Rent	delete-asset-borrow-rent	web	2026-03-28 05:06:34.031	\N
752	Assets	Assets	Manage Borrow Payments	manage-borrow-payments	web	2026-03-28 05:06:34.175	\N
753	Assets	Assets	Create Borrow Payment	create-borrow-payment	web	2026-03-28 05:06:34.318	\N
754	Assets	Assets	Edit Borrow Payment	edit-borrow-payment	web	2026-03-28 05:06:34.465	\N
755	Assets	Assets	Borrow & Rent Report	manage-borrow-report	web	2026-03-28 05:06:34.61	\N
760	WhatsAppChat	WhatsAppChat	Manage WhatsApp Chat	manage-whatsapp-chat	web	2026-03-28 05:06:46.502	\N
761	WhatsAppChat	WhatsAppChat	Manage WhatsApp Contacts	manage-whatsapp-contacts	web	2026-03-28 05:06:46.644	\N
762	WhatsAppChat	WhatsAppChat	Create WhatsApp Contact	create-whatsapp-contact	web	2026-03-28 05:06:46.785	\N
763	WhatsAppChat	WhatsAppChat	Delete WhatsApp Contact	delete-whatsapp-contact	web	2026-03-28 05:06:46.927	\N
764	WhatsAppChat	WhatsAppChat	Send WhatsApp Message	send-whatsapp-message	web	2026-03-28 05:06:47.07	\N
765	WhatsAppChat	WhatsAppChat	Manage WhatsApp Settings	manage-whatsapp-settings	web	2026-03-28 05:06:47.212	\N
766	WhatsAppChat	WhatsAppChat	Manage WhatsApp Event Notifications	manage-whatsapp-events	web	2026-03-28 05:06:47.354	\N
770	Storefront	Storefront	Manage Storefront	manage-storefront	web	2026-04-02 18:52:13.581	\N
771	Storefront	Storefront	Manage Storefront Settings	manage-storefront-settings	web	2026-04-02 18:52:13.91	\N
772	Storefront	Storefront	View Storefront	storefront.view	web	2026-04-13 03:28:46.151	\N
773	Storefront	Storefront	Manage Storefront Settings	storefront.settings.manage	web	2026-04-13 03:28:46.157	\N
774	Storefront	Storefront	Manage Storefront Websites	storefront.website.manage	web	2026-04-13 03:28:46.16	\N
775	Storefront	Storefront	Manage Storefront Themes	storefront.theme.manage	web	2026-04-13 03:28:46.164	\N
776	Storefront	Storefront	Manage Storefront Pages	storefront.page.manage	web	2026-04-13 03:28:46.167	\N
777	Storefront	Storefront	Publish Storefront	storefront.publish	web	2026-04-13 03:28:46.17	\N
778	Storefront	Storefront	Manage Storefront Catalog	storefront.catalog.manage	web	2026-04-13 03:28:46.172	\N
779	Storefront	Storefront	Manage Storefront Checkout	storefront.checkout.manage	web	2026-04-13 03:28:46.175	\N
780	Storefront	Storefront	Manage Storefront Orders	storefront.order.manage	web	2026-04-13 03:28:46.177	\N
781	Storefront	Storefront	Manage Storefront Discounts	storefront.discount.manage	web	2026-04-13 03:28:46.179	\N
782	Storefront	Storefront	Manage Storefront Shipping	storefront.shipping.manage	web	2026-04-13 03:28:46.181	\N
783	Storefront	Storefront	Manage Storefront Taxes	storefront.tax.manage	web	2026-04-13 03:28:46.183	\N
784	Storefront	Storefront	Manage Storefront Customers	storefront.customer.manage	web	2026-04-13 03:28:46.186	\N
785	Storefront	Storefront	View Storefront Analytics	storefront.analytics.view	web	2026-04-13 03:28:46.188	\N
786	Storefront	Storefront	Manage Storefront Dashboard	manage-storefront-dashboard	web	2026-04-13 14:54:07.341	\N
790	ExpenseManagement	ExpenseManagement	Manage Expense Management	manage-expense-management	web	2026-05-05 09:54:35.239	\N
791	ExpenseManagement	ExpenseManagement	Expense Management Dashboard	manage-expense-management-dashboard	web	2026-05-05 09:54:35.247	\N
792	ExpenseManagement	ExpenseManagement	Manage Expense Reports	manage-expense-reports	web	2026-05-05 09:54:35.252	\N
793	ExpenseManagement	ExpenseManagement	Manage Expense Entries	manage-expense-entries	web	2026-05-05 09:54:35.256	\N
794	ExpenseManagement	ExpenseManagement	Manage Expense Receipts	manage-expense-receipts	web	2026-05-05 09:54:35.26	\N
795	ExpenseManagement	ExpenseManagement	Manage Expense Analytics	manage-expense-analytics	web	2026-05-05 09:54:35.265	\N
910	Lms	Lms	Manage LMS	manage-lms	web	2026-05-10 06:17:22.917	\N
911	Lms	Lms	LMS Dashboard	manage-lms-dashboard	web	2026-05-10 06:17:22.923	\N
912	Lms	Lms	Manage LMS Courses	manage-lms-courses	web	2026-05-10 06:17:22.929	\N
913	Lms	Lms	Manage LMS Classes	manage-lms-classes	web	2026-05-10 06:17:22.935	\N
914	Lms	Lms	Manage LMS Students	manage-lms-students	web	2026-05-10 06:17:22.941	\N
915	Lms	Lms	Manage LMS Instructors	manage-lms-instructors	web	2026-05-10 06:17:22.946	\N
916	Lms	Lms	Manage LMS Meetings	manage-lms-meetings	web	2026-05-10 06:17:22.957	\N
917	Lms	Lms	Manage LMS Subscriptions	manage-lms-subscriptions	web	2026-05-10 06:17:22.963	\N
918	Lms	Lms	Manage LMS Analytics	manage-lms-analytics	web	2026-05-10 06:17:22.968	\N
919	Lms	Lms	Manage LMS Settings	manage-lms-settings	web	2026-05-10 06:17:22.976	\N
920	Lms	Lms	LMS Instructor Dashboard	manage-lms-instructor-dashboard	web	2026-05-10 06:17:22.986	\N
921	Lms	Lms	Manage LMS Instructor Profile (self)	manage-lms-instructor-profile	web	2026-05-10 06:17:22.994	\N
922	Lms	Lms	View LMS Instructor Course Assignments	view-lms-instructor-assignments	web	2026-05-10 06:17:22.999	\N
923	Lms	Lms	Manage LMS Assigned Instructor Courses	manage-lms-instructor-courses	web	2026-05-10 06:17:23.009	\N
924	Lms	Lms	LMS Student Dashboard	manage-lms-student-dashboard	web	2026-05-21 17:51:56.619	\N
925	Lms	Lms	View LMS Student Dashboard	view-lms-student-dashboard	web	2026-05-21 17:51:56.627	\N
927	ExpenseManagement	ExpenseManagement	Approve Expense Reports	approve-expense-reports	web	2026-05-22 07:22:24.004	\N
928	ExpenseManagement	ExpenseManagement	Manage Expense Billing	manage-expense-billing	web	2026-05-22 07:22:24.025	\N
930	AffiliateBusiness	AffiliateBusiness	Manage Affiliate Business	manage-affiliate-business	web	2026-05-26 13:32:15.729	\N
931	AffiliateBusiness	AffiliateBusiness	Affiliate Business Dashboard	manage-affiliate-business-dashboard	web	2026-05-26 13:32:15.734	\N
932	AffiliateBusiness	AffiliateBusiness	Manage Affiliate Partners	manage-affiliate-partners	web	2026-05-26 13:32:15.737	\N
933	AffiliateBusiness	AffiliateBusiness	Manage Affiliate Programs	manage-affiliate-programs	web	2026-05-26 13:32:15.741	\N
934	AffiliateBusiness	AffiliateBusiness	Manage Affiliate Commissions	manage-affiliate-commissions	web	2026-05-26 13:32:15.745	\N
935	AffiliateBusiness	AffiliateBusiness	Manage Affiliate Payouts	manage-affiliate-payouts	web	2026-05-26 13:32:15.75	\N
936	AffiliateBusiness	AffiliateBusiness	Manage Affiliate Analytics	manage-affiliate-analytics	web	2026-05-26 13:32:15.756	\N
937	AffiliateBusiness	AffiliateBusiness	Manage Affiliate Settings	manage-affiliate-settings	web	2026-05-26 13:32:15.762	\N
938	AffiliateBusiness	AffiliateBusiness	Manage Affiliate Links	manage-affiliate-links	web	2026-05-26 13:32:15.766	\N
939	general	general	Access Partner Portal	access-partner-portal	web	2026-06-01 13:35:02.202	\N
940	general	general	View Partner Dashboard	view-partner-dashboard	web	2026-06-01 13:35:02.211	\N
941	general	general	Manage Partner Referrals	manage-partner-referrals	web	2026-06-01 13:35:02.222	\N
942	general	general	View Partner Commissions	view-partner-commissions	web	2026-06-01 13:35:02.227	\N
943	general	general	View Partner Payouts	view-partner-payouts	web	2026-06-01 13:35:02.236	\N
944	general	general	Edit Partner Profile	edit-partner-profile	web	2026-06-01 13:35:02.243	\N
945	general	general	Manage Partnerships	manage-partnerships	web	2026-06-01 13:35:02.252	\N
946	Marketplace	Marketplace	View Marketplace	marketplace.view	web	2026-06-03 15:38:57.923	\N
947	Marketplace	Marketplace	Manage Marketplace	marketplace.manage	web	2026-06-03 15:38:57.955	\N
948	Marketplace	Marketplace	View Marketplace Vendors	marketplace.vendor.view	web	2026-06-03 15:38:57.963	\N
949	Marketplace	Marketplace	Manage Marketplace Vendors	marketplace.vendor.manage	web	2026-06-03 15:38:57.969	\N
950	Marketplace	Marketplace	View Marketplace Orders	marketplace.orders.view	web	2026-06-03 15:38:57.979	\N
951	Marketplace	Marketplace	Manage Marketplace Orders	marketplace.orders.manage	web	2026-06-03 15:38:57.985	\N
952	Marketplace	Marketplace	View Marketplace Delivery Queues	marketplace.delivery_queue.view	web	2026-06-03 15:38:57.996	\N
953	Marketplace	Marketplace	Manage Marketplace Delivery Queues	marketplace.delivery_queue.manage	web	2026-06-03 15:38:58.013	\N
954	Marketplace	Marketplace	Create Marketplace Delivery Events	marketplace.delivery_events.create	web	2026-06-03 15:38:58.026	\N
955	Marketplace	Marketplace	View Marketplace Reports	marketplace.reports.view	web	2026-06-03 15:38:58.037	\N
956	Marketplace	Marketplace	Manage Marketplace Settings	marketplace.settings.manage	web	2026-06-03 15:38:58.047	\N
957	Marketplace	Marketplace	View dashboard	marketplace.vendor_portal.dashboard.view	web	2026-06-08 04:57:19.303	\N
958	Marketplace	Marketplace	View products	marketplace.vendor_portal.products.view	web	2026-06-08 04:57:19.311	\N
959	Marketplace	Marketplace	Add products	marketplace.vendor_portal.products.create	web	2026-06-08 04:57:19.315	\N
960	Marketplace	Marketplace	Edit products	marketplace.vendor_portal.products.edit	web	2026-06-08 04:57:19.323	\N
961	Marketplace	Marketplace	Delete products	marketplace.vendor_portal.products.delete	web	2026-06-08 04:57:19.333	\N
962	Marketplace	Marketplace	View orders	marketplace.vendor_portal.orders.view	web	2026-06-08 04:57:19.337	\N
963	Marketplace	Marketplace	Update order status	marketplace.vendor_portal.orders.update_status	web	2026-06-08 04:57:19.339	\N
964	Marketplace	Marketplace	View delivery queue	marketplace.vendor_portal.delivery_queue.view	web	2026-06-08 04:57:19.342	\N
965	Marketplace	Marketplace	Assign delivery	marketplace.vendor_portal.delivery.assign	web	2026-06-08 04:57:19.351	\N
966	Marketplace	Marketplace	View reports	marketplace.vendor_portal.reports.view	web	2026-06-08 04:57:19.361	\N
967	Marketplace	Marketplace	View customers	marketplace.vendor_portal.customers.view	web	2026-06-08 04:57:19.37	\N
968	Marketplace	Marketplace	Manage vendor profile	marketplace.vendor_portal.profile.manage	web	2026-06-08 04:57:19.378	\N
969	Marketplace	Marketplace	Manage vendor staff	marketplace.vendor_portal.staff.manage	web	2026-06-08 04:57:19.388	\N
926	general	general	Impersonate Portal Users	impersonate-portal-users	web	2026-05-21 17:51:56.805	\N
\.


--
-- Data for Name: plans; Type: TABLE DATA; Schema: public; Owner: waterexpress_user
--

COPY public.plans (id, name, description, number_of_users, custom_plan, status, free_plan, modules, package_price_yearly, package_price_monthly, price_per_user_monthly, price_per_user_yearly, storage_limit, price_per_storage_monthly, price_per_storage_yearly, trial, trial_days, created_by, created_at, updated_at) FROM stdin;
1	Custom Plan	Tailored solution for specific business needs	0	t	t	f	[]	0.00	0.00	0.00	0.00	0	0.00	0.00	f	0	1	2026-02-12 13:52:23	2026-02-12 13:52:23
3	Starter Plan	Great for small teams and growing businesses	50	f	t	f	["Taskly", "Account", "Hrm", "Lead", "Pos", "Paypal", "FormBuilder", "ResumeBuilder", "SupportTicket", "Assets", "WhatsAppChat", "Storefront", "ExpenseManagement", "Lms", "AffiliateBusiness", "Marketplace"]	240.00	25.00	0.00	0.00	0	0.00	0.00	t	30	1	2026-02-12 13:52:23	2026-03-20 05:46:36.05
2	Free Plan	Perfect for getting started with basic features	10	f	t	t	["Taskly", "Account", "Stripe", "Paypal", "Appointment", "FormBuilder", "ResumeBuilder", "SupportTicket", "Assets", "WhatsAppChat", "Storefront", "ExpenseManagement", "Lms", "AffiliateBusiness", "Marketplace"]	0.00	0.00	0.00	0.00	0	0.00	0.00	f	0	1	2026-02-12 13:52:23	2026-03-20 05:45:42.224
4	Professional Plan	Advanced features for established businesses	100	f	t	f	["hrm", "taskly", "account", "appointment", "recruitment", "lead", "pos", "messenger", "proposal", "helpdesk", "plan", "lms", "FormBuilder", "ResumeBuilder", "SupportTicket", "Assets", "WhatsAppChat", "Storefront", "ExpenseManagement", "AffiliateBusiness", "Paypal", "RecurringInvoiceBill", "Marketplace"]	960.00	99.00	0.00	0.00	0	0.00	0.00	t	30	1	2026-02-12 13:52:23	2026-06-01 13:33:07.575
\.


--
-- Data for Name: pos_branch_sales_targets; Type: TABLE DATA; Schema: public; Owner: waterexpress_user
--

COPY public.pos_branch_sales_targets (id, branch_id, target, achieved, period, year, month, created_by, created_at, updated_at) FROM stdin;
\.


--
-- Data for Name: pos_branches; Type: TABLE DATA; Schema: public; Owner: waterexpress_user
--

COPY public.pos_branches (id, name, email, phone, address, city, country, is_active, created_by, created_at, updated_at) FROM stdin;
\.


--
-- Data for Name: pos_brands; Type: TABLE DATA; Schema: public; Owner: waterexpress_user
--

COPY public.pos_brands (id, name, description, image, created_by, created_at, updated_at) FROM stdin;
\.


--
-- Data for Name: pos_cash_registers; Type: TABLE DATA; Schema: public; Owner: waterexpress_user
--

COPY public.pos_cash_registers (id, name, branch_id, is_active, created_by, created_at, updated_at) FROM stdin;
\.


--
-- Data for Name: pos_categories; Type: TABLE DATA; Schema: public; Owner: waterexpress_user
--

COPY public.pos_categories (id, name, description, image, created_by, created_at, updated_at) FROM stdin;
\.


--
-- Data for Name: pos_customers; Type: TABLE DATA; Schema: public; Owner: waterexpress_user
--

COPY public.pos_customers (id, name, email, phone, address, balance, is_active, created_by, created_at, updated_at) FROM stdin;
\.


--
-- Data for Name: pos_expense_categories; Type: TABLE DATA; Schema: public; Owner: waterexpress_user
--

COPY public.pos_expense_categories (id, name, created_by, created_at, updated_at) FROM stdin;
1	Shipping/Postage	\N	2026-03-29 16:28:26.368	2026-03-29 16:28:26.368
2	Airfare	\N	2026-03-29 16:28:35.978	2026-03-29 16:28:35.978
3	Business Meals	\N	2026-03-29 16:28:44.155	2026-03-29 16:28:44.155
4	Car Rental	\N	2026-03-29 16:28:58.713	2026-03-29 16:28:58.713
5	Client Entertainment	\N	2026-03-29 16:29:15.484	2026-03-29 16:29:15.484
6	Dues, Fees, Licenses	\N	2026-03-29 16:29:23.214	2026-03-29 16:29:23.214
7	Gas/Fuel	\N	2026-03-29 16:29:32.282	2026-03-29 16:29:32.282
8	Lodging	\N	2026-03-29 16:29:53.548	2026-03-29 16:29:53.548
9	Mileage	\N	2026-03-29 16:30:02.697	2026-03-29 16:30:02.697
10	Parking/Tolls	\N	2026-03-29 16:30:11.813	2026-03-29 16:30:11.813
11	Per Diem	\N	2026-03-29 16:30:25.583	2026-03-29 16:30:25.583
12	Transportation (Local)	\N	2026-03-29 16:30:37.2	2026-03-29 16:30:37.2
13	Travel Meals	\N	2026-03-29 16:30:51.55	2026-03-29 16:30:51.55
14	Others	\N	2026-03-29 16:31:02.212	2026-03-29 16:31:02.212
15	Luggage	\N	2026-03-29 16:32:48.075	2026-03-29 16:32:48.075
\.


--
-- Data for Name: pos_expenses; Type: TABLE DATA; Schema: public; Owner: waterexpress_user
--

COPY public.pos_expenses (id, title, amount, category_id, branch_id, date, note, created_by, created_at, updated_at) FROM stdin;
\.


--
-- Data for Name: pos_products; Type: TABLE DATA; Schema: public; Owner: waterexpress_user
--

COPY public.pos_products (id, name, description, barcode, price, cost, stock, stock_alert, category_id, brand_id, unit_id, tax_id, image, is_active, created_by, created_at, updated_at, organization_id, slug, sku, compare_at_price, storefront_published, storefront_publish_at, storefront_seo_title, storefront_seo_description, gallery_images, related_product_ids, page_template_key, variants, inventory_policy, storefront_featured, storefront_highlights, flavor_meta, ebook_meta) FROM stdin;
4	Fresh Banana	<p>Fresh Banana Ice Cream</p>	\N	15.0000	0.0000	20	5	\N	\N	\N	\N	https://res.cloudinary.com/dpe1qqrig/image/upload/v1778237530/media/storefront-products/1000/rwodoxzfvqlsf3ktrqyo.png	t	\N	2026-05-08 10:47:15.345	2026-05-11 10:16:31.644	1000	fresh-banana-ice-cream	\N	\N	t	\N	\N	\N	\N	\N	product	null	track	f	null	\N	\N
5	Fresh Lime Ice Cream	<p>Fresh Lime Ice Cream</p>	\N	15.0000	0.0000	20	5	\N	\N	\N	\N	https://res.cloudinary.com/dpe1qqrig/image/upload/v1778237421/media/storefront-products/1000/nulzjrjsm8rhwifdpe2p.png	t	\N	2026-05-08 10:49:17.735	2026-05-09 15:44:29.177	1000	fresh-lime-ice-cream	\N	\N	t	\N	\N	\N	\N	\N	product	null	track	f	\N	\N	\N
3	Fresh Mango Ice Cream	<p>Fresh Mango Ice Cream</p>	\N	0.0000	0.0000	20	5	\N	\N	\N	\N	https://res.cloudinary.com/dpe1qqrig/image/upload/v1778237432/media/storefront-products/1000/pjustqydv8cgqv4x3xxj.png	t	\N	2026-05-08 10:46:31.056	2026-05-09 15:44:36.258	1000	fresh-mango-ice-cream	\N	\N	t	\N	\N	\N	\N	\N	product	null	track	f	\N	\N	\N
1	Apple Fresh	<p>Apple Fresh</p>	\N	20.0000	0.0000	20	5	\N	\N	\N	\N	https://res.cloudinary.com/dpe1qqrig/image/upload/v1778237390/media/storefront-products/1000/fpnkc7hk3voqvsyc3rsx.png	t	\N	2026-05-08 09:23:45.751	2026-05-10 06:23:52.71	1000	apple-fresh	\N	\N	t	\N	\N	\N	\N	\N	product	null	track	t	\N	\N	\N
2	Fresh Blueberry	<p>Fresh Blueberry</p>	\N	0.0000	0.0000	20	5	\N	\N	\N	\N	https://res.cloudinary.com/dpe1qqrig/image/upload/v1778237476/media/storefront-products/1000/lbqhavtjtqdol8a1q9r8.png	t	\N	2026-05-08 10:45:40.346	2026-06-03 12:34:46.173	1000	fresh-blueberry	\N	\N	f	\N	\N	\N	\N	\N	product	null	track	f	\N	\N	\N
7	Black Cherry	Dark, jammy black cherries cooked low and slow, then folded into our signature water-ice base for a deep ruby scoop.	\N	45.0000	0.0000	100	5	\N	\N	\N	\N	/waterice/flavors/black-cherry.png	t	\N	2026-06-03 15:38:32.461	2026-06-04 08:40:11.836	1054	black-cherry	WIE-BLACK-CHERRY	52.0000	t	\N	\N	\N	\N	\N	waterice-flavor	\N	continue	f	\N	{"rating": 5, "reviews": 172, "category": "Fruit", "packSizes": [{"qty": 1, "label": "2.5 Gal Tub", "perTub": 1}, {"qty": 2, "label": "5 Gal Case (2×2.5 Gal)", "perTub": 0.97}, {"qty": 40, "label": "Pallet (40 Tubs)", "perTub": 0.88}], "pairsWith": ["Vanilla custard", "Chocolate chips", "Almond crunch"], "highlights": ["Real black cherry puree", "No artificial coloring", "Adult-favorite flavor"], "ingredients": ["Filtered water", "Pure cane sugar", "Natural flavor", "Citric acid", "Black cherry puree", "Tart cherry juice"], "tastingNotes": "Rich, slightly tart, with a wine-like depth."}	\N
9	Blueberry Blast	Wild blueberries cold-pressed into an intense, deep-purple ice that tastes like a fresh-picked pint in summer.	\N	45.0000	0.0000	100	5	\N	\N	\N	\N	/waterice/flavors/blueberry-blast.png	t	\N	2026-06-03 15:38:32.475	2026-06-04 08:40:11.85	1054	blueberry-blast	WIE-BLUEBERRY-BLAST	52.0000	t	\N	\N	\N	\N	\N	waterice-flavor	\N	continue	f	\N	{"rating": 5, "reviews": 147, "category": "Fruit", "packSizes": [{"qty": 1, "label": "2.5 Gal Tub", "perTub": 1}, {"qty": 2, "label": "5 Gal Case (2×2.5 Gal)", "perTub": 0.97}, {"qty": 40, "label": "Pallet (40 Tubs)", "perTub": 0.88}], "pairsWith": ["Lemon", "Vanilla custard", "Cheesecake bites"], "highlights": ["Made with wild blueberries", "High-antioxidant fruit", "Vegan-friendly"], "ingredients": ["Filtered water", "Pure cane sugar", "Natural flavor", "Citric acid", "Wild blueberry puree", "Blueberry juice concentrate"], "tastingNotes": "Bold, juicy, with bright berry tang."}	\N
10	Bubble Gum	Pink, playful, and pure nostalgia — that classic gumball-machine flavor in a smooth scoop kids and adults can't resist.	\N	45.0000	0.0000	100	5	\N	\N	\N	\N	/waterice/flavors/bubble-gum.png	t	\N	2026-06-03 15:38:32.484	2026-06-04 08:40:11.856	1054	bubble-gum	WIE-BUBBLE-GUM	52.0000	t	\N	\N	\N	\N	\N	waterice-flavor	\N	continue	f	\N	{"rating": 5, "reviews": 189, "category": "Candy", "packSizes": [{"qty": 1, "label": "2.5 Gal Tub", "perTub": 1}, {"qty": 2, "label": "5 Gal Case (2×2.5 Gal)", "perTub": 0.97}, {"qty": 40, "label": "Pallet (40 Tubs)", "perTub": 0.88}], "pairsWith": ["Rainbow ice", "Cotton candy", "Sprinkles"], "highlights": ["Kid-favorite flavor", "No artificial pink dye", "Top seller at events"], "ingredients": ["Filtered water", "Pure cane sugar", "Natural flavor", "Citric acid", "Natural bubble gum flavor", "Beet juice (for color)"], "tastingNotes": "Sweet, candy-shop pink, with that signature gum finish."}	\N
11	Cherry	The flavor that built Philly water ice. Sweet-tart red cherries in a glossy, ruby-red scoop that defines a category.	\N	45.0000	0.0000	100	5	\N	\N	\N	\N	/waterice/flavors/cherry.png	t	\N	2026-06-03 15:38:32.494	2026-06-04 08:40:11.861	1054	cherry	WIE-CHERRY	52.0000	t	\N	\N	\N	\N	\N	waterice-flavor	\N	continue	t	\N	{"rating": 5, "reviews": 211, "category": "Classic", "packSizes": [{"qty": 1, "label": "2.5 Gal Tub", "perTub": 1}, {"qty": 2, "label": "5 Gal Case (2×2.5 Gal)", "perTub": 0.97}, {"qty": 40, "label": "Pallet (40 Tubs)", "perTub": 0.88}], "pairsWith": ["Lemon", "Vanilla soft-serve", "Watermelon"], "highlights": ["Our #1 seller", "Authentic Philly recipe", "No artificial red dye"], "ingredients": ["Filtered water", "Pure cane sugar", "Natural flavor", "Citric acid", "Cherry juice concentrate", "Cherry puree"], "tastingNotes": "Classic sweet-tart cherry, refreshing and clean."}	\N
13	Coconut	Bright white coconut water-ice — light, refreshing, with the clean tropical snap of fresh young coconut.	\N	45.0000	0.0000	100	5	\N	\N	\N	\N	/waterice/flavors/coconut.png	t	\N	2026-06-03 15:38:32.512	2026-06-04 08:40:11.871	1054	coconut	WIE-COCONUT	52.0000	t	\N	\N	\N	\N	\N	waterice-flavor	\N	continue	f	\N	{"rating": 5, "reviews": 142, "category": "Fruit", "packSizes": [{"qty": 1, "label": "2.5 Gal Tub", "perTub": 1}, {"qty": 2, "label": "5 Gal Case (2×2.5 Gal)", "perTub": 0.97}, {"qty": 40, "label": "Pallet (40 Tubs)", "perTub": 0.88}], "pairsWith": ["Mango", "Pineapple", "Strawberry"], "highlights": ["Made with real coconut water", "Naturally hydrating", "Vegan-friendly"], "ingredients": ["Filtered water", "Pure cane sugar", "Natural flavor", "Citric acid", "Coconut water", "Coconut puree"], "tastingNotes": "Light, clean, lightly sweet with a tropical finish."}	\N
15	Cry Baby	Mouth-puckering sour-candy flavor that hits hard, then mellows into a sweet finish. Inspired by the classic sour gumball.	\N	45.0000	0.0000	100	5	\N	\N	\N	\N	/waterice/flavors/cry-baby.png	t	\N	2026-06-03 15:38:32.53	2026-06-04 08:40:11.881	1054	cry-baby	WIE-CRY-BABY	52.0000	t	\N	\N	\N	\N	\N	waterice-flavor	\N	continue	f	\N	{"rating": 5, "reviews": 167, "category": "Candy", "packSizes": [{"qty": 1, "label": "2.5 Gal Tub", "perTub": 1}, {"qty": 2, "label": "5 Gal Case (2×2.5 Gal)", "perTub": 0.97}, {"qty": 40, "label": "Pallet (40 Tubs)", "perTub": 0.88}], "pairsWith": ["Sour Green Apple", "Lemon", "Watermelon"], "highlights": ["Extreme sour profile", "Teen & tween favorite", "No artificial coloring"], "ingredients": ["Filtered water", "Pure cane sugar", "Natural flavor", "Citric acid", "Sour candy flavor blend", "Malic acid", "Beet juice (for color)"], "tastingNotes": "Intensely sour up front, sweet on the back end."}	\N
16	Dragon Berry	Hot-pink dragon fruit blended with mixed berries for an Instagram-worthy scoop with bright, exotic flavor.	\N	45.0000	0.0000	100	5	\N	\N	\N	\N	/waterice/flavors/dragon-berry.png	t	\N	2026-06-03 15:38:32.537	2026-06-04 08:40:11.884	1054	dragon-berry	WIE-DRAGON-BERRY	52.0000	t	\N	\N	\N	\N	\N	waterice-flavor	\N	continue	f	\N	{"rating": 5, "reviews": 119, "category": "Fruit", "packSizes": [{"qty": 1, "label": "2.5 Gal Tub", "perTub": 1}, {"qty": 2, "label": "5 Gal Case (2×2.5 Gal)", "perTub": 0.97}, {"qty": 40, "label": "Pallet (40 Tubs)", "perTub": 0.88}], "pairsWith": ["Coconut", "Mango", "Lemonade"], "highlights": ["Real dragon fruit puree", "Vivid natural color", "Vegan-friendly"], "ingredients": ["Filtered water", "Pure cane sugar", "Natural flavor", "Citric acid", "Dragon fruit puree", "Strawberry puree", "Raspberry juice"], "tastingNotes": "Bright, berry-forward, lightly floral."}	\N
18	Grape	Concord grape juice in a deep purple scoop — that grape-soda nostalgia in a refreshing frozen form.	\N	45.0000	0.0000	100	5	\N	\N	\N	\N	/waterice/flavors/grape.png	t	\N	2026-06-03 15:38:32.551	2026-06-04 08:40:11.893	1054	grape	WIE-GRAPE	52.0000	t	\N	\N	\N	\N	\N	waterice-flavor	\N	continue	f	\N	{"rating": 5, "reviews": 181, "category": "Fruit", "packSizes": [{"qty": 1, "label": "2.5 Gal Tub", "perTub": 1}, {"qty": 2, "label": "5 Gal Case (2×2.5 Gal)", "perTub": 0.97}, {"qty": 40, "label": "Pallet (40 Tubs)", "perTub": 0.88}], "pairsWith": ["Lemon", "Cherry", "Vanilla"], "highlights": ["Real concord grape juice", "Kid-favorite flavor", "No artificial coloring"], "ingredients": ["Filtered water", "Pure cane sugar", "Natural flavor", "Citric acid", "Concord grape juice", "Grape puree"], "tastingNotes": "Bold concord grape, lightly tart finish."}	\N
19	Island Breeze	Pineapple, mango, and passion fruit swirled into a tropical escape. Like a vacation in every scoop.	\N	45.0000	0.0000	100	5	\N	\N	\N	\N	/waterice/flavors/island-breeze.png	t	\N	2026-06-03 15:38:32.557	2026-06-04 08:40:11.898	1054	island-breeze	WIE-ISLAND-BREEZE	52.0000	t	\N	\N	\N	\N	\N	waterice-flavor	\N	continue	f	\N	{"rating": 5, "reviews": 143, "category": "Tropical", "packSizes": [{"qty": 1, "label": "2.5 Gal Tub", "perTub": 1}, {"qty": 2, "label": "5 Gal Case (2×2.5 Gal)", "perTub": 0.97}, {"qty": 40, "label": "Pallet (40 Tubs)", "perTub": 0.88}], "pairsWith": ["Coconut", "Strawberry", "Piña Colada"], "highlights": ["Triple-fruit tropical blend", "Beach & event favorite", "Vegan-friendly"], "ingredients": ["Filtered water", "Pure cane sugar", "Natural flavor", "Citric acid", "Pineapple juice", "Mango puree", "Passion fruit puree"], "tastingNotes": "Bright tropical blend, sweet with tart edges."}	\N
20	Lemon	The original. Fresh-squeezed lemon juice in a snowy white scoop — the Philly water-ice benchmark since day one.	\N	45.0000	0.0000	100	5	\N	\N	\N	\N	/waterice/flavors/lemon.png	t	\N	2026-06-03 15:38:32.564	2026-06-04 08:40:11.902	1054	lemon	WIE-LEMON	52.0000	t	\N	\N	\N	\N	\N	waterice-flavor	\N	continue	f	\N	{"rating": 5, "reviews": 176, "category": "Classic", "packSizes": [{"qty": 1, "label": "2.5 Gal Tub", "perTub": 1}, {"qty": 2, "label": "5 Gal Case (2×2.5 Gal)", "perTub": 0.97}, {"qty": 40, "label": "Pallet (40 Tubs)", "perTub": 0.88}], "pairsWith": ["Cherry", "Strawberry", "Blueberry"], "highlights": ["Fresh-squeezed lemon juice", "Real lemon zest", "The original Philly water ice"], "ingredients": ["Filtered water", "Pure cane sugar", "Natural flavor", "Citric acid", "Fresh lemon juice", "Lemon zest"], "tastingNotes": "Bright, tart, perfectly balanced sweet-sour."}	\N
22	Passion Fruit	Intense, tangy passion fruit pulp in a sunset-orange scoop. Sophisticated, bright, and unmistakably tropical.	\N	45.0000	0.0000	100	5	\N	\N	\N	\N	/waterice/flavors/passion-fruit.png	t	\N	2026-06-03 15:38:32.58	2026-06-04 08:40:11.911	1054	passion-fruit	WIE-PASSION-FRUIT	52.0000	t	\N	\N	\N	\N	\N	waterice-flavor	\N	continue	f	\N	{"rating": 5, "reviews": 134, "category": "Tropical", "packSizes": [{"qty": 1, "label": "2.5 Gal Tub", "perTub": 1}, {"qty": 2, "label": "5 Gal Case (2×2.5 Gal)", "perTub": 0.97}, {"qty": 40, "label": "Pallet (40 Tubs)", "perTub": 0.88}], "pairsWith": ["Mango", "Coconut", "Pineapple"], "highlights": ["Real passion fruit pulp", "Bright tropical tang", "Vegan-friendly"], "ingredients": ["Filtered water", "Pure cane sugar", "Natural flavor", "Citric acid", "Passion fruit puree", "Passion fruit juice concentrate"], "tastingNotes": "Tart, floral, intensely tropical."}	\N
23	Peach	Georgia peaches at peak ripeness, pureed into a soft-pink ice with that orchard-fresh aroma.	\N	45.0000	0.0000	100	5	\N	\N	\N	\N	/waterice/flavors/peach.png	t	\N	2026-06-03 15:38:32.59	2026-06-04 08:40:11.917	1054	peach	WIE-PEACH	52.0000	t	\N	\N	\N	\N	\N	waterice-flavor	\N	continue	f	\N	{"rating": 5, "reviews": 165, "category": "Fruit", "packSizes": [{"qty": 1, "label": "2.5 Gal Tub", "perTub": 1}, {"qty": 2, "label": "5 Gal Case (2×2.5 Gal)", "perTub": 0.97}, {"qty": 40, "label": "Pallet (40 Tubs)", "perTub": 0.88}], "pairsWith": ["Strawberry", "Vanilla custard", "Raspberry"], "highlights": ["Made with Georgia peaches", "Real fruit puree", "Summer best-seller"], "ingredients": ["Filtered water", "Pure cane sugar", "Natural flavor", "Citric acid", "Peach puree", "Peach juice concentrate"], "tastingNotes": "Sweet, juicy, ripe summer-peach finish."}	\N
25	Pineapple	Golden pineapple juice in a bright yellow scoop — sweet, juicy, with that signature tropical tang.	\N	45.0000	0.0000	100	5	\N	\N	\N	\N	/waterice/flavors/pineapple.png	t	\N	2026-06-03 15:38:32.609	2026-06-04 08:40:11.934	1054	pineapple	WIE-PINEAPPLE	52.0000	t	\N	\N	\N	\N	\N	waterice-flavor	\N	continue	f	\N	{"rating": 5, "reviews": 168, "category": "Tropical", "packSizes": [{"qty": 1, "label": "2.5 Gal Tub", "perTub": 1}, {"qty": 2, "label": "5 Gal Case (2×2.5 Gal)", "perTub": 0.97}, {"qty": 40, "label": "Pallet (40 Tubs)", "perTub": 0.88}], "pairsWith": ["Coconut", "Mango", "Strawberry"], "highlights": ["Real pineapple juice & puree", "Bright tropical flavor", "Vegan-friendly"], "ingredients": ["Filtered water", "Pure cane sugar", "Natural flavor", "Citric acid", "Pineapple juice", "Pineapple puree"], "tastingNotes": "Sweet-tart, juicy, sun-ripened pineapple."}	\N
26	Pistachio	Roasted pistachios ground into a creamy, pale-green scoop with bits of nut folded throughout. An old-world favorite.	\N	45.0000	0.0000	100	5	\N	\N	\N	\N	/waterice/flavors/pistachio.png	t	\N	2026-06-03 15:38:32.619	2026-06-04 08:40:11.938	1054	pistachio	WIE-PISTACHIO	52.0000	t	\N	\N	\N	\N	\N	waterice-flavor	\N	continue	f	\N	{"rating": 5, "reviews": 129, "category": "Cream-Based", "packSizes": [{"qty": 1, "label": "2.5 Gal Tub", "perTub": 1}, {"qty": 2, "label": "5 Gal Case (2×2.5 Gal)", "perTub": 0.97}, {"qty": 40, "label": "Pallet (40 Tubs)", "perTub": 0.88}], "pairsWith": ["Cherry", "Chocolate", "Vanilla custard"], "highlights": ["Real roasted pistachios", "Contains tree nuts", "Classic Italian-style"], "ingredients": ["Filtered water", "Pure cane sugar", "Natural flavor", "Citric acid", "Roasted pistachios", "Cream", "Almond extract"], "tastingNotes": "Nutty, creamy, lightly sweet."}	\N
28	Sour Green Apple	Crisp Granny Smith apple turned up to eleven with a sour-candy kick. Vivid green and unmistakably tart.	\N	45.0000	0.0000	100	5	\N	\N	\N	\N	/waterice/flavors/sour-green-apple.png	t	\N	2026-06-03 15:38:32.635	2026-06-04 08:40:11.949	1054	sour-green-apple	WIE-SOUR-GREEN-APPLE	52.0000	t	\N	\N	\N	\N	\N	waterice-flavor	\N	continue	f	\N	{"rating": 5, "reviews": 187, "category": "Candy", "packSizes": [{"qty": 1, "label": "2.5 Gal Tub", "perTub": 1}, {"qty": 2, "label": "5 Gal Case (2×2.5 Gal)", "perTub": 0.97}, {"qty": 40, "label": "Pallet (40 Tubs)", "perTub": 0.88}], "pairsWith": ["Cry Baby", "Watermelon", "Lemon"], "highlights": ["Real Granny Smith juice", "Sour-candy intensity", "Natural green color"], "ingredients": ["Filtered water", "Pure cane sugar", "Natural flavor", "Citric acid", "Granny Smith apple juice", "Malic acid", "Spirulina (for color)"], "tastingNotes": "Sharp, tart, crisp green-apple finish."}	\N
29	Sour Peach Ring	That gummy-candy peach ring you grew up on — sour sugar-coated bite, sweet peach finish, neon-orange scoop.	\N	45.0000	0.0000	100	5	\N	\N	\N	\N	/waterice/flavors/sour-peach-ring.png	t	\N	2026-06-03 15:38:32.647	2026-06-04 08:40:11.954	1054	sour-peach-ring	WIE-SOUR-PEACH-RING	52.0000	t	\N	\N	\N	\N	\N	waterice-flavor	\N	continue	f	\N	{"rating": 5, "reviews": 173, "category": "Candy", "packSizes": [{"qty": 1, "label": "2.5 Gal Tub", "perTub": 1}, {"qty": 2, "label": "5 Gal Case (2×2.5 Gal)", "perTub": 0.97}, {"qty": 40, "label": "Pallet (40 Tubs)", "perTub": 0.88}], "pairsWith": ["Sour Green Apple", "Strawberry", "Lemonade"], "highlights": ["Candy-aisle nostalgia", "Real peach puree base", "Teen-favorite flavor"], "ingredients": ["Filtered water", "Pure cane sugar", "Natural flavor", "Citric acid", "Peach puree", "Sour candy flavor", "Malic acid"], "tastingNotes": "Sour-sweet peach, candy-shop nostalgia."}	\N
30	Strawberry	Sun-ripened strawberries pureed into a rosy-pink scoop bursting with real berry chunks and seeds.	\N	45.0000	0.0000	100	5	\N	\N	\N	\N	/waterice/flavors/strawberry.png	t	\N	2026-06-03 15:38:32.657	2026-06-04 08:40:11.96	1054	strawberry	WIE-STRAWBERRY	52.0000	t	\N	\N	\N	\N	\N	waterice-flavor	\N	continue	t	\N	{"rating": 5, "reviews": 215, "category": "Fruit", "packSizes": [{"qty": 1, "label": "2.5 Gal Tub", "perTub": 1}, {"qty": 2, "label": "5 Gal Case (2×2.5 Gal)", "perTub": 0.97}, {"qty": 40, "label": "Pallet (40 Tubs)", "perTub": 0.88}], "pairsWith": ["Lemon", "Banana", "Vanilla custard"], "highlights": ["Real strawberry chunks", "Made with whole fruit puree", "Vegan-friendly"], "ingredients": ["Filtered water", "Pure cane sugar", "Natural flavor", "Citric acid", "Strawberry puree", "Strawberry pieces"], "tastingNotes": "Sweet, juicy, real-berry forward."}	\N
32	Strawberry Lemonade	Fresh-squeezed lemonade swirled with ripe strawberry puree — summer-stand refreshment in a tub.	\N	45.0000	0.0000	100	5	\N	\N	\N	\N	/waterice/flavors/strawberry-lemonade.png	t	\N	2026-06-03 15:38:32.677	2026-06-04 08:40:11.972	1054	strawberry-lemonade	WIE-STRAWBERRY-LEMONADE	52.0000	t	\N	\N	\N	\N	\N	waterice-flavor	\N	continue	f	\N	{"rating": 5, "reviews": 192, "category": "Classic", "packSizes": [{"qty": 1, "label": "2.5 Gal Tub", "perTub": 1}, {"qty": 2, "label": "5 Gal Case (2×2.5 Gal)", "perTub": 0.97}, {"qty": 40, "label": "Pallet (40 Tubs)", "perTub": 0.88}], "pairsWith": ["Peach", "Watermelon", "Mango"], "highlights": ["Real lemon juice & strawberry", "Summer-stand classic", "Top warm-weather seller"], "ingredients": ["Filtered water", "Pure cane sugar", "Natural flavor", "Citric acid", "Fresh lemon juice", "Strawberry puree", "Lemon zest"], "tastingNotes": "Sweet-tart lemonade with juicy berry finish."}	\N
33	Twisted Mango	Alphonso mango puree twisted with a chili-lime edge for sweet-heat tropical flavor that turns heads.	\N	45.0000	0.0000	100	5	\N	\N	\N	\N	/waterice/flavors/twisted-mango.png	t	\N	2026-06-03 15:38:32.683	2026-06-04 08:40:11.978	1054	twisted-mango	WIE-TWISTED-MANGO	52.0000	t	\N	\N	\N	\N	\N	waterice-flavor	\N	continue	f	\N	{"rating": 5, "reviews": 161, "category": "Tropical", "packSizes": [{"qty": 1, "label": "2.5 Gal Tub", "perTub": 1}, {"qty": 2, "label": "5 Gal Case (2×2.5 Gal)", "perTub": 0.97}, {"qty": 40, "label": "Pallet (40 Tubs)", "perTub": 0.88}], "pairsWith": ["Coconut", "Pineapple", "Passion Fruit"], "highlights": ["Made with Alphonso mango", "Tajín-inspired twist", "Vegan-friendly"], "ingredients": ["Filtered water", "Pure cane sugar", "Natural flavor", "Citric acid", "Alphonso mango puree", "Lime juice", "Chili powder"], "tastingNotes": "Sweet mango with a gentle chili-lime kick."}	\N
35	Coolers to CEO	Coolers To CEO was created to help entrepreneurs move beyond simply selling products and start building a structured, scalable business with long-term growth potential.\n\nWhether you are just starting your journey or looking to take your operation to the next level, this program provides the tools, education, support, and community needed to help you build a profitable future within the water ice industry.	\N	29.0000	0.0000	100	5	\N	\N	\N	\N	/waterice/ebook-coolers-to-ceo.png	t	\N	2026-06-04 08:39:53.167	2026-06-04 08:39:53.167	1054	coolers-to-ceo	WIE-EBOOK-COOLERS-TO-CEO	39.0000	t	\N	\N	\N	\N	\N	waterice-ebook	\N	continue	f	\N	\N	{"pages": 120, "author": {"name": "Water Ice Express LLC", "role": "Publisher"}, "rating": 5, "reviews": 48, "tagline": "Move beyond selling product — build a structured, scalable water ice business with long-term growth potential.", "category": "Starter Guides", "chapters": ["Monthly business growth & strategy trainings designed to help entrepreneurs scale smarter", "Live group coaching sessions with real-world guidance and operational insights", "Proven pricing systems and profit-maximization strategies to increase revenue", "Professional marketing resources, promotional materials, and customizable Canva templates", "Exclusive wholesale pricing and vendor discounts on products, supplies, and equipment", "Access to a private community of motivated entrepreneurs focused on growth and collaboration", "Priority opportunities for events, vending locations, catering, and business expansion"], "highlights": ["Monthly business growth & strategy trainings", "Live group coaching sessions", "Proven pricing & profit-maximization systems", "Marketing resources & Canva templates", "Exclusive wholesale pricing & vendor discounts", "Private community of motivated entrepreneurs", "Priority access to events, vending & catering opportunities"]}
36	Frozen Fortune	Frozen Fortune is more than just an eBook — it is a complete entrepreneurial blueprint designed to help aspiring business owners successfully enter and thrive within the rapidly growing water ice industry. Created by Water Ice Express LLC, this step-by-step guide provides the knowledge, strategies, and real-world insights needed to launch, operate, and scale a profitable water ice business with confidence.\n\nFrom understanding the fundamentals of the industry to building a recognizable brand and creating long-term growth opportunities, Frozen Fortune walks entrepreneurs through every stage of the business journey. Whether you are starting with a simple setup, a mobile operation, or planning to expand into multiple locations and events, this guide was designed to help you build a strong foundation for lasting success.\n\nInside, readers will discover practical business strategies, operational guidance, marketing insights, equipment recommendations, and proven methods for turning a small investment into a scalable business opportunity. Each chapter was carefully developed to address both the challenges and opportunities unique to the water ice market, giving entrepreneurs the tools and confidence needed to move forward with purpose.\n\nThe water ice industry continues to create exciting opportunities for motivated individuals looking to build additional income, financial independence, and long-term business growth within their communities. The potential is real, the market is growing, and the opportunity is waiting.\n\nThe only question left is: Will you take the first step toward building your own Frozen Fortune?	\N	29.0000	0.0000	100	5	\N	\N	\N	\N	/waterice/ebook-frozen-fortune.png	t	\N	2026-06-04 08:39:53.188	2026-06-04 08:39:53.188	1054	frozen-fortune	WIE-EBOOK-FROZEN-FORTUNE	39.0000	t	\N	\N	\N	\N	\N	waterice-ebook	\N	continue	f	\N	\N	{"pages": 132, "author": {"name": "Water Ice Express LLC", "role": "Publisher"}, "rating": 5, "reviews": 36, "tagline": "The Entrepreneur's Blueprint to the Water Ice Industry — build your water ice empire from the ground up.", "category": "Business Growth", "chapters": ["Understanding the water ice industry", "Laying the business foundation", "Equipment, setup, and sourcing", "Operations & day-to-day systems", "Marketing and building your brand", "Scaling: events, mobile, and multi-location"], "highlights": ["Step-by-step launch blueprint", "Equipment & setup recommendations", "Branding & marketing strategies", "Scalable growth & expansion paths"]}
37	The Holy Grail	If you are serious about building, growing, and mastering a successful water ice business, The Holy Grail Package was created for you.\n\nThis all-in-one collection combines every major strategy, system, and blueprint from our complete eBook series into one powerful entrepreneurial resource designed to help you start, operate, market, scale, and expand your business with confidence.\n\nInside The Holy Grail, you will receive all five Water Ice Express eBooks: Frozen Fortune — launch your water ice business from the ground up with a complete step-by-step startup blueprint covering business foundations, operations, branding, equipment, and growth strategies. The Scoop Formula — discover the systems, structure, and operational methods needed to streamline your business, improve efficiency, and create a more professional customer experience. Coolers To CEO — gain access to business-building strategies, coaching insights, marketing systems, pricing methods, vendor opportunities, and entrepreneurial development designed to help you scale beyond daily sales. The Profit Playbook — master the financial side of the business by learning how to structure your company properly, track profits, manage inventory, maximize margins, and build long-term sustainability. Ice Cold Bookings — unlock advanced growth strategies through catering, prepaid event bookings, wholesale bucket sales, and distribution opportunities designed to help you create recurring revenue and expand your market reach.\n\nTogether, these guides create the ultimate blueprint for entrepreneurs looking to move from startup to scalable business owner within the water ice industry. Whether your goal is to operate locally, expand regionally, build a distribution network, or create a recognizable brand, The Holy Grail Package provides the education, systems, and strategies needed to help you get there.\n\nThis is more than a collection of eBooks. It is a complete entrepreneurial roadmap designed to help motivated individuals turn opportunity into income and transform a simple concept into a long-term business empire.	\N	119.0000	0.0000	100	5	\N	\N	\N	\N	/waterice/ebook-holy-grail.png	t	\N	2026-06-04 08:39:53.204	2026-06-04 08:39:53.204	1054	holy-grail	WIE-EBOOK-HOLY-GRAIL	195.0000	t	\N	\N	\N	\N	\N	waterice-ebook	\N	continue	f	\N	\N	{"pages": 168, "author": {"name": "Water Ice Express LLC", "role": "Publisher"}, "rating": 5, "reviews": 27, "tagline": "The Complete Water Ice Business Collection — every strategy, system, and blueprint in one entrepreneurial resource.", "category": "Business Growth", "chapters": ["Frozen Fortune — startup blueprint & foundations", "The Scoop Formula — operations & systems", "Coolers To CEO — growth & coaching strategies", "The Profit Playbook — financial mastery & margins", "Ice Cold Bookings — catering, wholesale & distribution"], "highlights": ["All five Water Ice Express eBooks in one package", "Complete startup-to-scale blueprint", "Operations, marketing, and financial systems", "Catering, wholesale, and distribution strategies", "The ultimate entrepreneurial roadmap"]}
38	Ice Cold Bookings	Welcome to Ice Cold Bookings — the ultimate guide for entrepreneurs ready to move beyond daily cup sales and start building a scalable, high-volume water ice business.\n\nThis playbook was created for motivated business owners who want to expand their opportunities through catering, prepaid event bookings, wholesale bucket sales, and distribution partnerships. While many vendors focus only on day-to-day transactions, the real growth comes from building recurring revenue streams, securing larger contracts, and positioning yourself as a trusted supplier within your market.\n\nInside Ice Cold Bookings, you will learn proven strategies for generating consistent bookings, structuring profitable catering packages, building strong customer relationships, and creating systems that allow your business to grow beyond a single location or setup. The guide also explores how to develop your own distribution network, manage larger orders efficiently, and position your business for long-term expansion.\n\nWhether your goal is to serve private events, schools, corporate functions, festivals, vendors, or wholesale clients, this playbook provides practical guidance designed to help you scale smarter and operate more professionally.\n\nThis is more than just selling water ice. This is about building a brand, creating multiple income streams, and establishing a business that can continue growing year after year.\n\nFrom vendor to distributor to empire builder, Ice Cold Bookings provides the blueprint to help you take your business to the next level with real strategies, real systems, and real opportunities for growth.	\N	29.0000	0.0000	100	5	\N	\N	\N	\N	/waterice/ebook-ice-cold-bookings.png	t	\N	2026-06-04 08:39:53.216	2026-06-04 08:39:53.216	1054	ice-cold-bookings	WIE-EBOOK-ICE-COLD-BOOKINGS	39.0000	t	\N	\N	\N	\N	\N	waterice-ebook	\N	continue	f	\N	\N	{"pages": 110, "author": {"name": "Water Ice Express LLC", "role": "Publisher"}, "rating": 5, "reviews": 41, "tagline": "The Catering & Distribution Playbook — scale beyond daily cup sales into recurring, high-volume revenue.", "category": "Marketing", "chapters": ["Moving beyond daily cup sales", "Structuring profitable catering packages", "Prepaid event bookings & contracts", "Wholesale bucket sales & pricing", "Building a distribution network", "Managing high-volume orders", "Long-term expansion & brand building"], "highlights": ["Catering & event booking systems", "Wholesale bucket & distribution sales", "Recurring revenue strategies", "Larger contracts & vendor partnerships"]}
39	The Profit Playbook	The wait is almost over. On March 20, 2026, Water Ice Express officially releases The Profit Playbook — a powerful step-by-step guide designed to help entrepreneurs turn hard work, hustle, and ambition into a profitable and scalable business.\n\nThis is more than just another eBook. The Profit Playbook was created to provide aspiring business owners with the systems, strategies, and operational knowledge needed to build a successful water ice business the right way from the very beginning.\n\nInside the guide, you will learn how to properly structure your business, manage daily operations, track revenue and expenses, maximize profits, organize inventory efficiently, and position your company for long-term growth. The book also covers important business fundamentals including permits, licensing, insurance requirements, and the key operational systems needed to run a professional and sustainable business.\n\nWhether you are just getting started or looking to take your existing operation to the next level, The Profit Playbook delivers practical insights and real-world strategies designed to help entrepreneurs scale smarter and operate with confidence.\n\nPre-sale pricing is available now for $19.99, with the regular launch price increasing to $29.99 upon release. Early supporters will have the opportunity to lock in discounted access before the official launch and gain an early advantage in building their business foundation.\n\nSuccess does not happen by accident. It happens through strategy, preparation, and execution.\n\nThe Profit Playbook is your blueprint to building a profitable future in the water ice industry.	\N	19.9900	0.0000	100	5	\N	\N	\N	\N	/waterice/ebook-profit-playbook.png	t	\N	2026-06-04 08:39:53.223	2026-06-04 08:39:53.223	1054	profit-playbook	WIE-EBOOK-PROFIT-PLAYBOOK	29.9900	t	\N	\N	\N	\N	\N	waterice-ebook	\N	continue	f	\N	\N	{"pages": 142, "author": {"name": "Water Ice Express LLC", "role": "Publisher"}, "rating": 5, "reviews": 33, "tagline": "Scoop It. Track It. Scale It. — releasing March 20, 2026. Pre-sale pricing available now.", "category": "Operations", "chapters": ["Structuring your business the right way", "Permits, licensing, and insurance", "Daily operations & owner workflows", "Tracking revenue and expenses", "Inventory management & organization", "Maximizing profit margins", "Positioning for long-term growth"], "highlights": ["Pre-sale price — $19.99 (regular $29.99)", "Business structure, permits & licensing", "Revenue, expense & inventory tracking", "Operational systems built to scale"]}
40	The Scoop Formula	This could be the move that changes your summer income. The Scoop Formula Recipe eBook is a proven blueprint behind one of the most profitable summer businesses.\n\nFor $47.99, you get the real recipes, formulas, and production methods — no guessing.	\N	47.9900	0.0000	100	5	\N	\N	\N	\N	/waterice/ebook-scoop-formula.png	t	\N	2026-06-04 08:39:53.233	2026-06-04 08:39:53.233	1054	scoop-formula	WIE-EBOOK-SCOOP-FORMULA	67.9900	t	\N	\N	\N	\N	\N	waterice-ebook	\N	continue	t	\N	\N	{"pages": 124, "author": {"name": "Water Ice Express LLC", "role": "Publisher"}, "rating": 5, "reviews": 52, "tagline": "Mastering the art of making water ice — real recipes, formulas, and production methods.", "category": "Starter Guides", "chapters": ["The fundamentals of water ice", "Building your signature base", "Core flavor recipes", "Texture, consistency, and freezing", "Production methods & batch scaling", "Quality control and consistency"], "highlights": ["Proven, tested recipes", "Exact formulas & ratios", "Production methods that scale", "No guessing — step-by-step instructions"]}
6	Banana	Ripe yellow banana pureed into a silky, soft-yellow ice. Mellow, creamy on the tongue without a drop of dairy.	\N	45.0000	0.0000	100	5	\N	\N	\N	\N	/waterice/flavors/banana.png	t	\N	2026-06-03 15:38:32.447	2026-06-04 08:40:11.827	1054	banana	WIE-BANANA	52.0000	t	\N	\N	\N	\N	\N	waterice-flavor	\N	continue	f	\N	{"rating": 5, "reviews": 138, "category": "Fruit", "packSizes": [{"qty": 1, "label": "2.5 Gal Tub", "perTub": 1}, {"qty": 2, "label": "5 Gal Case (2×2.5 Gal)", "perTub": 0.97}, {"qty": 40, "label": "Pallet (40 Tubs)", "perTub": 0.88}], "pairsWith": ["Strawberry", "Chocolate sauce", "Vanilla soft-serve"], "highlights": ["Made with real banana puree", "No artificial yellow dye", "Naturally gluten-free"], "ingredients": ["Filtered water", "Pure cane sugar", "Natural flavor", "Citric acid", "Real banana puree", "Lemon juice concentrate"], "tastingNotes": "Sweet, mellow, with a clean banana-bread finish."}	\N
8	Blueberry Cheesecake	Tart blueberry swirl marbled through a tangy cheesecake base with bits of graham cracker for that bakery-counter bite.	\N	45.0000	0.0000	100	5	\N	\N	\N	\N	/waterice/flavors/blueberry-cheesecake.png	t	\N	2026-06-03 15:38:32.468	2026-06-04 08:40:11.84	1054	blueberry-cheesecake	WIE-BLUEBERRY-CHEESECAKE	52.0000	t	\N	\N	\N	\N	\N	waterice-flavor	\N	continue	f	\N	{"rating": 5, "reviews": 156, "category": "Cream-Based", "packSizes": [{"qty": 1, "label": "2.5 Gal Tub", "perTub": 1}, {"qty": 2, "label": "5 Gal Case (2×2.5 Gal)", "perTub": 0.97}, {"qty": 40, "label": "Pallet (40 Tubs)", "perTub": 0.88}], "pairsWith": ["Lemon ice", "Whipped cream", "Fresh berries"], "highlights": ["Real cream cheese", "Hand-swirled blueberry ribbon", "Crushed graham inclusions"], "ingredients": ["Filtered water", "Pure cane sugar", "Natural flavor", "Citric acid", "Cream cheese", "Blueberry puree", "Graham cracker crumbs", "Vanilla extract"], "tastingNotes": "Tangy, creamy, with a buttery graham finish."}	\N
12	Coconut Dream	Toasted coconut cream blended into a velvety scoop with shaved coconut flakes folded throughout.	\N	45.0000	0.0000	100	5	\N	\N	\N	\N	/waterice/flavors/coconut-dream.png	t	\N	2026-06-03 15:38:32.502	2026-06-04 08:40:11.866	1054	coconut-dream	WIE-COCONUT-DREAM	52.0000	t	\N	\N	\N	\N	\N	waterice-flavor	\N	continue	f	\N	{"rating": 5, "reviews": 124, "category": "Cream-Based", "packSizes": [{"qty": 1, "label": "2.5 Gal Tub", "perTub": 1}, {"qty": 2, "label": "5 Gal Case (2×2.5 Gal)", "perTub": 0.97}, {"qty": 40, "label": "Pallet (40 Tubs)", "perTub": 0.88}], "pairsWith": ["Piña Colada", "Chocolate sauce", "Pineapple"], "highlights": ["Real coconut cream", "Toasted flake inclusions", "Dairy-free"], "ingredients": ["Filtered water", "Pure cane sugar", "Natural flavor", "Citric acid", "Coconut cream", "Toasted coconut flakes", "Vanilla extract"], "tastingNotes": "Creamy, toasty, with chewy coconut texture."}	\N
14	Cotton Candy	Carnival in a tub. Spun-sugar sweet, fluffy pink-and-blue, the unmistakable scent of summer fairs.	\N	45.0000	0.0000	100	5	\N	\N	\N	\N	/waterice/flavors/cotton-candy.png	t	\N	2026-06-03 15:38:32.521	2026-06-04 08:40:11.876	1054	cotton-candy	WIE-COTTON-CANDY	52.0000	t	\N	\N	\N	\N	\N	waterice-flavor	\N	continue	f	\N	{"rating": 5, "reviews": 198, "category": "Candy", "packSizes": [{"qty": 1, "label": "2.5 Gal Tub", "perTub": 1}, {"qty": 2, "label": "5 Gal Case (2×2.5 Gal)", "perTub": 0.97}, {"qty": 40, "label": "Pallet (40 Tubs)", "perTub": 0.88}], "pairsWith": ["Bubble Gum", "Rainbow", "Sprinkles"], "highlights": ["Best-selling kids' flavor", "Natural plant-based colors", "Event crowd-pleaser"], "ingredients": ["Filtered water", "Pure cane sugar", "Natural flavor", "Citric acid", "Natural cotton candy flavor", "Beet & blue spirulina (for color)"], "tastingNotes": "Sugary, fluffy-sweet, pure nostalgia."}	\N
17	Fruit Punch	Our house punch blend — cherry, orange, pineapple, and berry juices swirled into one bold red scoop.	\N	45.0000	0.0000	100	5	\N	\N	\N	\N	/waterice/flavors/fruit-punch.png	t	\N	2026-06-03 15:38:32.544	2026-06-04 08:40:11.889	1054	fruit-punch	WIE-FRUIT-PUNCH	52.0000	t	\N	\N	\N	\N	\N	waterice-flavor	\N	continue	t	\N	{"rating": 5, "reviews": 203, "category": "Classic", "packSizes": [{"qty": 1, "label": "2.5 Gal Tub", "perTub": 1}, {"qty": 2, "label": "5 Gal Case (2×2.5 Gal)", "perTub": 0.97}, {"qty": 40, "label": "Pallet (40 Tubs)", "perTub": 0.88}], "pairsWith": ["Lemon", "Vanilla custard", "Watermelon"], "highlights": ["4-fruit juice blend", "Crowd-favorite at events", "No artificial dye"], "ingredients": ["Filtered water", "Pure cane sugar", "Natural flavor", "Citric acid", "Cherry juice", "Orange juice", "Pineapple juice", "Berry blend"], "tastingNotes": "Bold, juicy, multi-fruit explosion."}	\N
21	Orange Creamsicle	Sweet Valencia orange juice swirled with vanilla cream — the frozen-truck classic in a wholesale tub.	\N	45.0000	0.0000	100	5	\N	\N	\N	\N	/waterice/flavors/orange-creamsicle.png	t	\N	2026-06-03 15:38:32.572	2026-06-04 08:40:11.906	1054	orange-creamsicle	WIE-ORANGE-CREAMSICLE	52.0000	t	\N	\N	\N	\N	\N	waterice-flavor	\N	continue	f	\N	{"rating": 5, "reviews": 158, "category": "Cream-Based", "packSizes": [{"qty": 1, "label": "2.5 Gal Tub", "perTub": 1}, {"qty": 2, "label": "5 Gal Case (2×2.5 Gal)", "perTub": 0.97}, {"qty": 40, "label": "Pallet (40 Tubs)", "perTub": 0.88}], "pairsWith": ["Strawberry", "Vanilla soft-serve", "Chocolate"], "highlights": ["Real Valencia orange juice", "Vanilla cream swirl", "Throwback ice-truck flavor"], "ingredients": ["Filtered water", "Pure cane sugar", "Natural flavor", "Citric acid", "Valencia orange juice", "Cream", "Vanilla extract"], "tastingNotes": "Bright orange with smooth vanilla cream finish."}	\N
24	Piña Colada	Pineapple and coconut cream blended into the iconic beach-bar flavor — alcohol-free and family-friendly.	\N	45.0000	0.0000	100	5	\N	\N	\N	\N	/waterice/flavors/pina-colada.png	t	\N	2026-06-03 15:38:32.599	2026-06-04 08:40:11.928	1054	pina-colada	WIE-PINA-COLADA	52.0000	t	\N	\N	\N	\N	\N	waterice-flavor	\N	continue	f	\N	{"rating": 5, "reviews": 152, "category": "Tropical", "packSizes": [{"qty": 1, "label": "2.5 Gal Tub", "perTub": 1}, {"qty": 2, "label": "5 Gal Case (2×2.5 Gal)", "perTub": 0.97}, {"qty": 40, "label": "Pallet (40 Tubs)", "perTub": 0.88}], "pairsWith": ["Mango", "Strawberry", "Island Breeze"], "highlights": ["Real pineapple & coconut", "Beach-vacation flavor", "Alcohol-free"], "ingredients": ["Filtered water", "Pure cane sugar", "Natural flavor", "Citric acid", "Pineapple juice", "Coconut cream", "Coconut flakes"], "tastingNotes": "Sweet pineapple meets creamy coconut."}	\N
27	Rainbow	Cherry, blue raspberry, and lemon all swirled into one. The most photogenic scoop in the case and a top kid pick.	\N	45.0000	0.0000	100	5	\N	\N	\N	\N	/waterice/flavors/rainbow.png	t	\N	2026-06-03 15:38:32.627	2026-06-04 08:40:11.943	1054	rainbow	WIE-RAINBOW	52.0000	t	\N	\N	\N	\N	\N	waterice-flavor	\N	continue	t	\N	{"rating": 5, "reviews": 224, "category": "Classic", "packSizes": [{"qty": 1, "label": "2.5 Gal Tub", "perTub": 1}, {"qty": 2, "label": "5 Gal Case (2×2.5 Gal)", "perTub": 0.97}, {"qty": 40, "label": "Pallet (40 Tubs)", "perTub": 0.88}], "pairsWith": ["Cotton Candy", "Bubble Gum", "Sprinkles"], "highlights": ["Tri-color swirl", "#1 kids' choice", "Event showpiece"], "ingredients": ["Filtered water", "Pure cane sugar", "Natural flavor", "Citric acid", "Cherry juice", "Blue raspberry flavor", "Lemon juice"], "tastingNotes": "Three flavors in one — sweet, tart, fun."}	\N
31	Strawberry Kiwi	Sweet strawberry meets tart kiwi for a balanced two-fruit scoop with bright pink-green marbling.	\N	45.0000	0.0000	100	5	\N	\N	\N	\N	/waterice/flavors/strawberry-kiwi.png	t	\N	2026-06-03 15:38:32.668	2026-06-04 08:40:11.966	1054	strawberry-kiwi	WIE-STRAWBERRY-KIWI	52.0000	t	\N	\N	\N	\N	\N	waterice-flavor	\N	continue	f	\N	{"rating": 5, "reviews": 178, "category": "Fruit", "packSizes": [{"qty": 1, "label": "2.5 Gal Tub", "perTub": 1}, {"qty": 2, "label": "5 Gal Case (2×2.5 Gal)", "perTub": 0.97}, {"qty": 40, "label": "Pallet (40 Tubs)", "perTub": 0.88}], "pairsWith": ["Lemonade", "Coconut", "Pineapple"], "highlights": ["Two real fruits", "Bright dual color", "Vegan-friendly"], "ingredients": ["Filtered water", "Pure cane sugar", "Natural flavor", "Citric acid", "Strawberry puree", "Kiwi puree", "Lime juice"], "tastingNotes": "Sweet strawberry up front, tart kiwi finish."}	\N
34	Watermelon	Cold, juicy, pink-red watermelon ice — that first-bite-of-summer flavor with a clean refreshing finish.	\N	45.0000	0.0000	100	5	\N	\N	\N	\N	/waterice/flavors/watermelon.png	t	\N	2026-06-03 15:38:32.69	2026-06-04 08:40:11.985	1054	watermelon	WIE-WATERMELON	52.0000	t	\N	\N	\N	\N	\N	waterice-flavor	\N	continue	t	\N	{"rating": 5, "reviews": 209, "category": "Fruit", "packSizes": [{"qty": 1, "label": "2.5 Gal Tub", "perTub": 1}, {"qty": 2, "label": "5 Gal Case (2×2.5 Gal)", "perTub": 0.97}, {"qty": 40, "label": "Pallet (40 Tubs)", "perTub": 0.88}], "pairsWith": ["Lemon", "Strawberry", "Mint"], "highlights": ["Real watermelon juice", "Hydrating & refreshing", "Vegan-friendly"], "ingredients": ["Filtered water", "Pure cane sugar", "Natural flavor", "Citric acid", "Watermelon juice", "Watermelon puree"], "tastingNotes": "Light, juicy, picnic-perfect watermelon."}	\N
\.


--
-- Data for Name: pos_purchase_items; Type: TABLE DATA; Schema: public; Owner: waterexpress_user
--

COPY public.pos_purchase_items (id, purchase_id, product_id, name, qty, cost, discount, tax_rate, subtotal) FROM stdin;
\.


--
-- Data for Name: pos_purchase_return_items; Type: TABLE DATA; Schema: public; Owner: waterexpress_user
--

COPY public.pos_purchase_return_items (id, return_id, name, qty, cost, subtotal) FROM stdin;
\.


--
-- Data for Name: pos_purchase_returns; Type: TABLE DATA; Schema: public; Owner: waterexpress_user
--

COPY public.pos_purchase_returns (id, purchase_id, number, reason, total, status, date, created_by, created_at, updated_at) FROM stdin;
\.


--
-- Data for Name: pos_purchases; Type: TABLE DATA; Schema: public; Owner: waterexpress_user
--

COPY public.pos_purchases (id, number, vendor_id, branch_id, subtotal, tax_amount, discount, total, paid, status, note, date, created_by, created_at, updated_at) FROM stdin;
\.


--
-- Data for Name: pos_quotation_items; Type: TABLE DATA; Schema: public; Owner: waterexpress_user
--

COPY public.pos_quotation_items (id, quotation_id, product_id, name, qty, price, discount, tax_rate, subtotal) FROM stdin;
\.


--
-- Data for Name: pos_quotations; Type: TABLE DATA; Schema: public; Owner: waterexpress_user
--

COPY public.pos_quotations (id, number, customer_id, subtotal, tax_amount, discount, total, status, note, date, created_by, created_at, updated_at) FROM stdin;
\.


--
-- Data for Name: pos_referrals; Type: TABLE DATA; Schema: public; Owner: waterexpress_user
--

COPY public.pos_referrals (id, code, customer_id, discount, type, usage_limit, used_count, expires_at, is_active, created_by, created_at, updated_at) FROM stdin;
\.


--
-- Data for Name: pos_sale_items; Type: TABLE DATA; Schema: public; Owner: waterexpress_user
--

COPY public.pos_sale_items (id, sale_id, product_id, name, qty, price, discount, tax_rate, subtotal) FROM stdin;
\.


--
-- Data for Name: pos_sale_return_items; Type: TABLE DATA; Schema: public; Owner: waterexpress_user
--

COPY public.pos_sale_return_items (id, return_id, name, qty, price, subtotal) FROM stdin;
\.


--
-- Data for Name: pos_sale_returns; Type: TABLE DATA; Schema: public; Owner: waterexpress_user
--

COPY public.pos_sale_returns (id, sale_id, number, reason, total, status, date, created_by, created_at, updated_at) FROM stdin;
\.


--
-- Data for Name: pos_sales; Type: TABLE DATA; Schema: public; Owner: waterexpress_user
--

COPY public.pos_sales (id, number, customer_id, branch_id, cash_register_id, quotation_id, subtotal, tax_amount, discount, total, paid, payment_method, status, note, date, created_by, created_at, updated_at) FROM stdin;
\.


--
-- Data for Name: pos_sessions; Type: TABLE DATA; Schema: public; Owner: waterexpress_user
--

COPY public.pos_sessions (id, cash_register_id, user_id, opening_balance, closing_balance, status, opened_at, closed_at, note, created_at, updated_at) FROM stdin;
\.


--
-- Data for Name: pos_taxes; Type: TABLE DATA; Schema: public; Owner: waterexpress_user
--

COPY public.pos_taxes (id, name, rate, type, created_by, created_at, updated_at) FROM stdin;
\.


--
-- Data for Name: pos_units; Type: TABLE DATA; Schema: public; Owner: waterexpress_user
--

COPY public.pos_units (id, name, short_name, created_by, created_at, updated_at) FROM stdin;
\.


--
-- Data for Name: pos_vendors; Type: TABLE DATA; Schema: public; Owner: waterexpress_user
--

COPY public.pos_vendors (id, name, email, phone, address, balance, is_active, created_by, created_at, updated_at) FROM stdin;
\.


--
-- Data for Name: project_activity_logs; Type: TABLE DATA; Schema: public; Owner: waterexpress_user
--

COPY public.project_activity_logs (id, user_id, user_type, project_id, log_type, remark, created_at, updated_at) FROM stdin;
\.


--
-- Data for Name: project_bugs; Type: TABLE DATA; Schema: public; Owner: waterexpress_user
--

COPY public.project_bugs (id, project_id, title, priority, assigned_to, stage_id, description, creator_id, created_by, created_at, updated_at) FROM stdin;
1	1	not working	Medium	[]	\N	https://nextjs.paperflight.cc/project/1\n\nlink not working	1005	1005	2026-03-18 13:53:46.001	\N
1001	1001	Mobile menu does not close on link click	medium	[]	3	On mobile, clicking a nav link does not close the hamburger menu. User must manually close it.	1000	1000	2026-03-19 09:53:59.635	\N
1002	1001	Hero image does not load on Safari	high	[]	2	The WebP hero image fails on Safari < 14. Need a JPEG fallback.	1000	1000	2026-03-19 09:53:59.635	\N
1003	1002	Overtime calculation is incorrect for night shifts	urgent	[]	3	Night shift overtime (midnight crossover) calculates wrong hours. Needs timezone-aware calculation.	1000	1000	2026-03-19 09:53:59.635	\N
1004	1002	Leave balance does not deduct on approval	high	[]	1	When a leave application is approved, the employee's leave balance does not automatically reduce.	1000	1000	2026-03-19 09:53:59.635	\N
1005	1003	Chart tooltip overlaps with legend on small screens	low	[]	2	On screens < 768px, the chart tooltip and the legend text overlap, making the chart unreadable.	1000	1000	2026-03-19 09:53:59.635	\N
2	5	Tes	Medium	[]	\N	Tes	1000	1000	2026-04-20 11:44:41.526	\N
\.


--
-- Data for Name: project_clients; Type: TABLE DATA; Schema: public; Owner: waterexpress_user
--

COPY public.project_clients (id, project_id, client_id) FROM stdin;
\.


--
-- Data for Name: project_files; Type: TABLE DATA; Schema: public; Owner: waterexpress_user
--

COPY public.project_files (id, project_id, file_name, file_path, created_at, updated_at) FROM stdin;
\.


--
-- Data for Name: project_milestones; Type: TABLE DATA; Schema: public; Owner: waterexpress_user
--

COPY public.project_milestones (id, project_id, title, cost, start_date, end_date, summary, status, progress, created_at, updated_at) FROM stdin;
1001	1001	Design Mockups Approved	8000.00	2026-01-15	2026-02-15	Complete all wireframes and visual mockups for approval	complete	100	2026-03-19 07:56:50.693	\N
1002	1001	Frontend Development	15000.00	2026-02-16	2026-03-31	Build responsive frontend with all pages	ongoing	65	2026-03-19 07:56:50.693	\N
1003	1002	Payroll Engine Integration	20000.00	2026-02-01	2026-04-15	Integrate payroll calculations with HRM salary module	ongoing	40	2026-03-19 07:56:50.693	\N
1004	1002	Leave & Attendance Automation	18000.00	2026-04-16	2026-06-30	Automated leave approval workflows and attendance sync	not_started	0	2026-03-19 07:56:50.693	\N
1	4	Test	12.00	2026-04-09	2026-04-30	\N	Incomplete	45	2026-04-20 10:43:26.774	\N
\.


--
-- Data for Name: project_tasks; Type: TABLE DATA; Schema: public; Owner: waterexpress_user
--

COPY public.project_tasks (id, project_id, milestone_id, title, priority, assigned_to, duration, stage_id, description, creator_id, created_by, created_at, updated_at) FROM stdin;
1001	1001	\N	Create homepage wireframes	high	[]	\N	4	Design wireframes for the new homepage hero section and feature blocks	1000	1000	2026-03-19 09:53:59.538	\N
1002	1001	\N	Build navigation component	medium	[]	\N	3	Responsive navigation with mobile hamburger menu	1000	1000	2026-03-19 09:53:59.538	\N
1003	1001	\N	Implement blog listing page	medium	[]	\N	3	Blog index with pagination, tags, and search	1000	1000	2026-03-19 09:53:59.538	\N
1004	1001	\N	SEO meta tags implementation	low	[]	\N	2	Add dynamic meta tags, OG images, and structured data	1000	1000	2026-03-19 09:53:59.538	\N
1005	1002	\N	Design payroll calculation engine	urgent	[]	\N	3	Gross to net salary computation including tax brackets	1000	1000	2026-03-19 09:53:59.538	\N
1006	1002	\N	Build leave approval workflow	high	[]	\N	2	Multi-level approval for leave applications with email notifications	1000	1000	2026-03-19 09:53:59.538	\N
1007	1002	\N	Attendance sync with biometric	high	[]	\N	1	API integration with biometric attendance devices	1000	1000	2026-03-19 09:53:59.538	\N
1008	1003	\N	Define KPI metrics and data sources	high	[]	\N	2	Work with stakeholders to define the key metrics for the analytics board	1000	1000	2026-03-19 09:53:59.538	\N
1009	1003	\N	Design dashboard layout	medium	[]	\N	2	Chart types, widget layout, and color scheme for the BI dashboard	1000	1000	2026-03-19 09:53:59.538	\N
1	1003	\N	TESTING TASK	High	[]	2026-04-01 - 2026-04-02	1	TESTING TASK	1000	1000	2026-04-01 17:35:50.429	\N
2	4	\N	Test	Medium	[]	2026-04-02 - 2026-04-29	\N	\N	1000	1000	2026-04-20 10:43:13.043	\N
3	5	\N	Test	Medium	[]	2026-04-09 - 2026-04-29	\N	\N	1000	1000	2026-04-20 11:44:49.638	\N
4	7	\N	Test	Medium	[]	2026-04-02 - 2026-04-30	\N	\N	1000	1000	2026-04-22 08:02:55.363	\N
\.


--
-- Data for Name: project_users; Type: TABLE DATA; Schema: public; Owner: waterexpress_user
--

COPY public.project_users (id, project_id, user_id) FROM stdin;
1	2	1012
2	8	1029
\.


--
-- Data for Name: projects; Type: TABLE DATA; Schema: public; Owner: waterexpress_user
--

COPY public.projects (id, name, description, budget, start_date, end_date, status, creator_id, created_by, created_at, updated_at) FROM stdin;
1	Final Four	\N	\N	2026-03-18	2026-03-20	Not Started	1005	1005	2026-03-18 13:51:54.614	\N
1001	PaperFlight Website Redesign	Full redesign of the marketing website including new landing pages, blog, and case studies.	35000.00	2026-01-15	2026-04-30	Ongoing	1000	1000	2026-03-19 07:56:50.605	\N
1002	HR Automation System	Automate payroll, leave management, and attendance tracking integrated with HRM module.	52000.00	2026-02-01	2026-06-30	Ongoing	1000	1000	2026-03-19 07:56:50.605	\N
1003	Data Analytics Dashboard	Real-time business intelligence dashboard pulling data from all modules.	28000.00	2026-03-01	2026-05-31	Not Started	1000	1000	2026-03-19 07:56:50.605	\N
8	Wrestlemania 42	wrestlemania 42 / Las Vegas, NV	\N	2026-04-13	2026-04-20	Not Started	1028	1028	2026-04-25 10:01:15.259	\N
\.


--
-- Data for Name: questions; Type: TABLE DATA; Schema: public; Owner: waterexpress_user
--

COPY public.questions (id, question_name, question_type, available_answers, required_answer, enabled, creator_id, created_by, created_at, updated_at) FROM stdin;
1001	What is your main concern?	textarea		t	t	1000	1000	2026-03-19 10:05:13.371	\N
1002	Do you have any allergies?	radio	Yes\nNo	t	t	1000	1000	2026-03-19 10:05:13.371	\N
1003	How did you hear about us?	select	Google\nReferral\nSocial Media\nOther	f	t	1000	1000	2026-03-19 10:05:13.371	\N
1004	Preferred contact method	radio	Email\nPhone\nSMS	f	t	1000	1000	2026-03-19 10:05:13.371	\N
1005	Any special requirements?	text		f	t	1000	1000	2026-03-19 10:05:13.371	\N
\.


--
-- Data for Name: recruitment_settings; Type: TABLE DATA; Schema: public; Owner: waterexpress_user
--

COPY public.recruitment_settings (id, key, value, created_by, created_at, updated_at) FROM stdin;
\.


--
-- Data for Name: resume_builder_settings; Type: TABLE DATA; Schema: public; Owner: waterexpress_user
--

COPY public.resume_builder_settings (id, section, key, value, created_at, updated_at) FROM stdin;
\.


--
-- Data for Name: resume_templates; Type: TABLE DATA; Schema: public; Owner: waterexpress_user
--

COPY public.resume_templates (id, name, slug, description, thumbnail, is_active, created_at, updated_at) FROM stdin;
1	Creative Bold	creative-bold	A bold, creative layout with vibrant accents.	\N	t	2026-03-26 10:41:07.954	\N
2	Executive Professional	executive-professional	Clean and authoritative design for senior roles.	\N	t	2026-03-26 10:41:08.181	\N
3	Compact Professional	compact-professional	Information-dense layout for experienced professionals.	\N	t	2026-03-26 10:41:08.319	\N
4	Modern Grid	modern-grid	Grid-based design with modern typography.	\N	t	2026-03-26 10:41:08.454	\N
5	Minimalist Clean	minimalist-clean	Minimal whitespace-focused design.	\N	t	2026-03-26 10:41:08.588	\N
6	Classic Elegant	classic-elegant	Traditional professional resume layout.	\N	t	2026-03-26 10:41:08.751	\N
\.


--
-- Data for Name: resumes; Type: TABLE DATA; Schema: public; Owner: waterexpress_user
--

COPY public.resumes (id, name, email, code, template_id, data, created_by, created_at, updated_at) FROM stdin;
\.


--
-- Data for Name: revenues; Type: TABLE DATA; Schema: public; Owner: waterexpress_user
--

COPY public.revenues (id, reference_number, customer_id, date, amount, category, description, bank_account_id, payment_method, status, notes, creator_id, created_by, created_at, updated_at) FROM stdin;
1001	REV-DEMO-001	1	2026-01-10	45000.00	Sales	Q1 Software License	5	bank_transfer	received	\N	1000	1000	2026-03-19 07:56:49.617	\N
1002	REV-DEMO-002	2	2026-01-22	22500.00	Services	Consulting Services Jan	5	bank_transfer	received	\N	1000	1000	2026-03-19 07:56:49.617	\N
1003	REV-DEMO-003	3	2026-02-05	18750.00	Sales	Hardware Products	6	cheque	received	\N	1000	1000	2026-03-19 07:56:49.617	\N
1004	REV-DEMO-004	1001	2026-02-14	67000.00	Services	Annual Maintenance Contract	5	bank_transfer	received	\N	1000	1000	2026-03-19 07:56:49.617	\N
1005	REV-DEMO-005	1002	2026-02-28	31200.00	Sales	E-commerce Platform Setup	7	online	received	\N	1000	1000	2026-03-19 07:56:49.617	\N
1006	REV-DEMO-006	1003	2026-03-05	15500.00	Services	SEO & Marketing Services	6	bank_transfer	pending	\N	1000	1000	2026-03-19 07:56:49.617	\N
1007	REV-DEMO-007	1004	2026-03-10	88000.00	Sales	Enterprise Software Suite	5	bank_transfer	received	\N	1000	1000	2026-03-19 07:56:49.617	\N
1008	REV-DEMO-008	1005	2026-03-15	9800.00	Services	Training & Support Package	7	online	pending	\N	1000	1000	2026-03-19 07:56:49.617	\N
1	SF-WIE-MPWJAXNY-4C13	15	2026-06-02	30.74	storefront	Storefront order WIE-MPWJAXNY-4C13 (USD)	\N	stripe	completed	Synced from storefront_orders.id=2	\N	\N	2026-06-02 11:08:29.132	\N
\.


--
-- Data for Name: role_has_permissions; Type: TABLE DATA; Schema: public; Owner: waterexpress_user
--

COPY public.role_has_permissions (role_id, permission_id) FROM stdin;
2	1
2	40
2	41
2	42
2	43
2	44
2	45
2	46
2	47
2	48
2	49
2	50
2	51
2	52
2	53
2	54
2	55
2	56
2	57
2	58
2	59
2	60
2	61
2	62
2	63
2	64
2	65
2	66
2	67
2	68
2	69
2	70
2	71
2	72
2	73
2	74
2	75
2	76
2	77
2	78
2	79
2	80
2	81
2	82
2	83
2	84
2	85
2	86
2	87
2	2
2	3
2	4
2	5
2	6
2	7
2	8
2	9
2	10
2	11
2	88
2	89
2	90
2	91
2	92
2	93
2	94
2	95
2	96
2	97
2	98
2	12
2	13
2	14
2	15
2	16
2	17
2	99
2	100
2	18
2	19
2	33
2	101
2	34
2	35
2	102
2	103
2	104
2	105
2	36
2	37
2	106
2	38
2	39
2	107
2	108
2	109
2	110
2	111
2	20
2	112
2	21
2	22
2	113
2	114
2	115
2	116
2	23
2	24
2	117
2	25
2	26
2	118
2	119
2	120
2	121
2	27
2	122
2	28
2	29
2	123
2	124
2	125
2	30
2	126
2	31
2	127
2	32
3	1
3	12
3	13
3	14
4	1
4	12
4	13
4	14
5	1
5	12
5	13
5	14
1	1
1	2
1	3
1	4
1	5
1	6
1	7
1	8
1	9
1	10
1	11
1	12
1	13
1	14
1	15
1	16
1	17
1	18
1	19
1	20
1	21
1	22
1	23
1	24
1	25
1	26
1	27
1	28
1	29
1	30
1	31
1	32
1	33
1	34
1	35
1	36
1	37
1	38
1	39
1	40
1	41
1	42
1	43
1	44
1	45
1	46
1	47
1	48
1	49
1	50
1	51
1	52
1	53
1	54
1	55
1	56
1	57
1	58
1	59
1	60
1	61
1	62
1	63
1	64
1	65
1	66
1	67
1	68
1	69
1	70
1	71
1	72
1	73
1	74
1	75
1	76
1	77
1	78
1	79
1	80
1	81
1	82
1	83
1	84
1	85
1	86
1	87
1	88
1	89
1	90
1	91
1	92
1	93
1	94
1	95
1	96
1	97
1	98
1	99
1	100
1	101
1	102
1	103
1	104
1	105
1	106
1	107
1	108
1	109
1	110
1	111
1	112
1	113
1	114
1	115
1	116
1	117
1	118
1	119
1	120
1	121
1	122
1	123
1	124
1	125
1	126
1	127
2	128
1	128
2	129
2	130
2	131
2	132
2	133
2	134
2	135
2	136
2	137
2	138
2	139
2	140
2	141
2	142
2	143
1	129
1	130
1	131
1	132
1	133
1	134
1	135
1	136
1	137
1	138
1	139
1	140
1	141
1	142
1	143
2	144
2	145
2	146
2	147
2	148
2	149
2	150
2	151
2	152
2	153
2	154
2	155
2	156
2	157
2	158
2	159
2	160
2	161
2	226
2	227
2	228
2	229
2	230
2	231
2	232
2	233
2	234
2	235
2	236
2	237
2	238
2	239
2	240
2	241
2	242
2	243
2	244
2	245
2	200
2	201
2	202
2	203
2	204
2	205
2	206
2	207
2	208
2	209
2	210
2	211
2	212
2	213
2	214
2	215
2	246
2	247
2	248
2	216
2	217
2	218
2	219
2	220
2	221
2	222
2	223
2	224
2	225
2	249
2	250
2	251
2	252
2	253
2	254
2	255
2	256
2	257
2	258
2	259
2	260
2	265
2	266
2	267
2	268
2	269
2	270
2	271
2	272
2	273
2	274
2	300
2	301
2	302
2	303
2	304
2	305
2	306
2	307
2	308
2	309
2	310
2	311
2	312
2	313
2	314
2	315
2	316
2	317
2	318
2	319
2	320
2	434
2	400
2	401
2	402
2	403
2	404
2	405
2	406
2	407
2	408
2	409
2	410
2	411
2	412
2	413
2	414
2	415
2	416
2	417
2	418
2	419
2	420
2	421
2	422
2	423
2	424
2	425
2	426
2	427
2	428
2	429
2	430
2	431
2	432
2	433
2	435
2	436
2	437
2	438
2	439
2	440
2	441
2	442
2	443
2	444
2	445
2	446
2	447
2	448
2	455
2	449
2	450
2	451
2	452
2	456
2	453
2	457
2	458
2	459
2	460
2	454
2	461
2	462
1	444
1	445
1	446
1	447
1	448
1	449
1	450
1	451
1	452
1	453
1	454
1	455
1	456
1	457
1	458
1	459
1	460
1	461
1	462
2	463
2	464
2	465
2	486
2	487
2	488
2	466
2	489
2	490
2	491
2	467
2	492
2	493
2	494
2	468
2	495
2	496
2	497
2	469
2	498
2	499
2	500
2	470
2	501
2	502
2	503
2	471
2	504
2	505
2	506
2	472
2	507
2	508
2	509
2	473
2	510
2	511
2	512
2	474
2	513
2	514
2	515
2	475
2	516
2	517
2	518
2	476
2	519
2	520
2	521
2	477
2	478
2	522
2	523
2	524
2	479
2	525
2	526
2	527
2	480
2	481
2	528
2	529
2	482
2	530
2	531
2	483
2	532
2	484
2	533
2	485
1	463
1	464
1	465
1	466
1	467
1	468
1	469
1	470
1	471
1	472
1	473
1	474
1	475
1	476
1	477
1	478
1	479
1	480
1	481
1	482
1	483
1	484
1	485
1	486
1	487
1	488
1	489
1	490
1	491
1	492
1	493
1	494
1	495
1	496
1	497
1	498
1	499
1	500
1	501
1	502
1	503
1	504
1	505
1	506
1	507
1	508
1	509
1	510
1	511
1	512
1	513
1	514
1	515
1	516
1	517
1	518
1	519
1	520
1	521
1	206
1	207
1	208
1	522
1	523
1	524
1	525
1	526
1	527
1	528
1	529
1	530
1	531
1	532
1	533
2	600
2	601
2	602
2	603
2	604
2	605
2	613
2	614
2	615
2	610
2	611
2	612
2	620
6	4
6	5
6	6
6	8
6	9
6	10
6	11
6	12
6	13
6	14
6	52
6	15
6	16
6	17
6	18
6	19
6	20
6	21
6	22
6	23
6	24
6	25
6	26
6	27
6	28
6	29
6	30
6	32
6	33
6	34
6	35
6	36
6	37
6	38
6	39
6	40
6	41
6	42
6	43
6	44
6	45
6	46
6	47
6	48
6	49
6	50
6	51
6	53
6	54
6	55
6	56
6	57
6	58
6	59
6	60
6	61
6	63
6	64
6	65
6	66
6	67
6	68
6	69
6	70
6	71
6	72
6	73
6	74
6	75
6	76
6	2
6	3
6	104
6	124
6	7
6	134
6	135
6	142
6	77
6	83
6	84
6	86
6	91
6	92
6	97
6	106
6	125
6	126
6	31
6	129
6	136
6	93
6	120
6	127
6	137
6	78
6	98
6	121
6	138
6	139
6	79
6	80
6	87
6	88
6	89
6	94
6	95
6	99
6	100
6	101
6	122
6	123
6	1
6	128
6	130
6	131
6	132
6	140
6	81
6	82
6	90
6	141
6	96
6	102
6	103
6	133
6	105
6	107
6	108
6	109
6	110
6	111
6	112
6	113
6	114
6	115
6	116
6	117
6	118
6	119
6	226
6	227
6	228
6	229
6	230
6	231
6	232
6	233
6	144
6	145
6	146
6	147
6	148
6	149
6	150
6	151
6	152
6	153
6	154
6	155
6	156
6	157
6	158
6	159
6	160
6	161
6	234
6	235
6	236
6	237
6	238
6	239
6	240
6	241
6	242
6	243
6	244
6	245
6	62
6	206
6	200
6	201
6	202
6	203
6	204
6	205
6	209
6	210
6	211
6	212
6	213
6	214
6	215
6	246
6	247
6	248
6	216
6	217
6	218
6	219
6	220
6	221
6	222
6	223
6	224
6	225
6	249
6	250
6	251
6	252
6	253
6	254
6	255
6	256
6	257
6	258
6	259
6	260
6	265
6	266
6	207
6	208
6	267
6	268
6	269
6	270
6	271
6	272
6	273
6	274
6	434
6	300
6	301
6	302
6	303
6	304
6	305
6	306
6	307
6	308
6	309
6	310
6	311
6	312
6	313
6	314
6	315
6	316
6	317
6	318
6	319
6	320
6	400
6	401
6	402
6	403
6	404
6	405
6	406
6	407
6	408
6	409
6	410
6	411
6	412
6	413
6	414
6	415
6	416
6	417
6	418
6	419
6	420
6	421
6	422
6	423
6	424
6	425
6	426
6	427
6	428
6	429
6	430
6	431
6	432
6	433
6	435
6	436
6	437
6	438
6	439
6	440
6	441
6	442
6	443
6	458
6	459
6	460
6	461
6	462
6	486
6	487
6	488
6	489
6	447
6	448
6	449
6	450
6	451
6	452
6	453
6	454
6	463
6	464
6	465
6	466
6	467
6	468
6	469
6	470
6	471
6	472
6	473
6	474
6	475
6	476
6	477
6	478
6	479
6	480
6	481
6	482
6	483
6	484
6	485
6	143
6	455
6	456
6	457
6	490
6	491
6	492
6	493
6	494
6	495
6	496
6	497
6	498
6	499
6	500
6	501
6	502
6	503
6	504
6	505
6	506
6	507
6	508
6	509
6	510
6	511
6	512
6	513
6	444
6	445
6	446
6	613
6	614
6	615
6	620
6	85
6	514
6	515
6	516
6	517
6	518
6	519
6	520
6	521
6	522
6	523
6	524
6	525
6	526
6	527
6	528
6	529
6	530
6	531
6	532
6	533
6	600
6	601
6	602
6	603
6	604
6	605
6	610
6	611
6	612
2	700
2	701
2	702
2	703
2	704
2	705
2	706
2	707
2	708
2	709
2	710
2	711
2	712
2	713
2	714
2	715
2	716
2	717
2	718
10	1
10	12
10	13
10	14
10	791
10	792
10	793
10	794
10	795
10	927
11	1
11	12
11	13
11	14
11	791
11	792
11	793
11	794
11	795
2	720
2	721
2	722
2	723
2	724
2	725
2	726
2	727
2	728
2	729
2	730
2	731
2	732
2	733
2	734
2	735
2	736
2	737
2	738
2	739
2	740
2	741
2	742
2	743
2	744
2	745
2	746
2	747
2	748
2	749
2	750
2	751
2	752
2	753
2	754
2	755
11	928
2	930
2	931
2	932
2	933
2	934
2	935
2	936
2	937
2	938
2	924
2	925
5	791
5	792
5	793
2	760
2	761
2	762
2	763
2	764
2	765
2	766
5	794
5	795
7	1
7	12
7	13
7	14
7	924
7	925
8	1
8	12
8	13
8	14
8	920
8	921
8	922
8	923
9	1
9	12
9	13
9	14
9	701
9	706
9	703
9	704
9	707
9	717
2	926
4	791
4	792
4	793
4	794
4	795
2	910
2	911
2	912
2	913
2	914
2	915
2	916
2	917
2	918
2	919
2	920
2	921
2	922
2	923
2	790
2	791
2	792
2	793
2	794
2	795
3	791
3	792
3	793
3	794
3	795
2	927
2	928
12	939
12	940
12	941
12	942
12	943
12	944
1	945
13	957
13	958
13	959
13	960
13	961
13	962
13	963
13	964
13	965
13	966
13	967
13	968
13	969
2	770
2	771
2	772
2	773
2	774
2	775
2	776
2	777
2	778
2	779
2	780
2	781
2	782
2	783
2	784
2	785
2	786
2	946
2	950
2	951
\.


--
-- Data for Name: roles; Type: TABLE DATA; Schema: public; Owner: waterexpress_user
--

COPY public.roles (id, name, label, guard_name, editable, created_by, created_at, updated_at) FROM stdin;
1	superadmin	Super Admin	web	f	1	2026-03-05 14:30:51.902	\N
2	company	Company	web	f	1	2026-03-05 14:30:51.975	\N
6	super-admin	Super Admi	web	t	1000	2026-03-26 21:07:44.796	\N
13	marketplace_vendor	Marketplace Vendor	web	f	\N	2026-06-08 04:57:19.397	\N
4	client	Customer	web	f	\N	2026-03-05 14:30:52.036	\N
3	staff	Employee	web	f	\N	2026-03-05 14:30:52.006	\N
5	vendor	Vendor	web	f	\N	2026-03-05 14:30:52.066	\N
7	lms-student	LMS Student	web	f	\N	2026-05-21 17:51:56.733	\N
8	lms-instructor	LMS Instructor	web	f	\N	2026-05-21 17:51:56.75	\N
9	support-staff	Support Staff	web	f	\N	2026-05-21 17:51:56.772	\N
10	expense-supervisor	Expense Supervisor	web	f	\N	2026-05-22 07:22:23.988	\N
11	expense-billing	Expense Billing	web	f	\N	2026-05-22 07:22:24.015	\N
12	partner	Partner	web	f	\N	2026-06-01 13:35:02.178	\N
\.


--
-- Data for Name: saas_audit_logs; Type: TABLE DATA; Schema: public; Owner: waterexpress_user
--

COPY public.saas_audit_logs (id, event_type, module, actor_email, actor_role, path, metadata, created_at) FROM stdin;
1	addon_toggle	Pos	superadmin@example.com	superadmin	/api/add-ons/Pos	{"next_enable": false, "previous_enable": true}	2026-04-15 12:03:57.138
2	storefront_event	Storefront	company@example.com	company	/api/storefront/themes	{"slug": "rt-material-shopify-1", "websiteId": null, "resourceId": "4", "templateId": "3", "resourceType": "theme", "organizationId": "1000", "themeVersionId": "1", "storefrontEvent": "storefront.theme.create"}	2026-04-23 10:33:34.468
3	storefront_event	Storefront	company@example.com	company	/api/storefront/websites	{"name": "paperflight", "slug": "store", "websiteId": "1", "resourceId": "1", "resourceType": "website", "organizationId": "1000", "storefrontEvent": "storefront.website.create"}	2026-04-23 13:35:20.078
4	storefront_event	Storefront	company@example.com	company	/api/storefront/domains	{"hostname": "store.paperflight.cc", "isPrimary": false, "websiteId": "1", "resourceId": "1", "resourceType": "domain", "organizationId": "1000", "storefrontEvent": "storefront.domain.attach"}	2026-04-23 13:35:51.988
5	storefront_event	Storefront	company@example.com	company	/api/storefront/themes	{"slug": "rt-material-shopify-2", "websiteId": "1", "resourceId": "5", "templateId": "3", "resourceType": "theme", "organizationId": "1000", "themeVersionId": "2", "storefrontEvent": "storefront.theme.create"}	2026-04-23 13:36:07.776
6	storefront_event	Storefront	company@example.com	company	/api/storefront/themes/activate	{"themeId": "5", "websiteId": "1", "resourceId": "2", "resourceType": "theme_version", "organizationId": "1000", "themeVersionId": "2", "storefrontEvent": "storefront.theme.activate"}	2026-04-23 13:51:03.215
7	storefront_event	Storefront	company@example.com	company	/api/storefront/domains	{"hostname": "nextjs.paperflight.cc", "isPrimary": false, "websiteId": "1", "resourceId": "2", "resourceType": "domain", "organizationId": "1000", "storefrontEvent": "storefront.domain.attach"}	2026-04-23 14:56:14.241
8	storefront_event	Storefront	company@example.com	company	/api/storefront/domains/1	{"hostname": "store.paperflight.cc", "websiteId": "1", "resourceId": "1", "resourceType": "domain", "organizationId": "1000", "storefrontEvent": "storefront.domain.remove"}	2026-04-23 14:56:20.394
9	storefront_event	Storefront	company@example.com	company	/api/storefront/domains	{"hostname": "localhost", "isPrimary": false, "websiteId": "1", "resourceId": "3", "resourceType": "domain", "organizationId": "1000", "storefrontEvent": "storefront.domain.attach"}	2026-04-25 05:51:17.598
10	storefront_event	Storefront	company@example.com	company	/api/storefront/themes/activate	{"themeId": "5", "websiteId": "1", "resourceId": "2", "resourceType": "theme_version", "organizationId": "1000", "themeVersionId": "2", "storefrontEvent": "storefront.theme.activate"}	2026-04-28 07:59:44.102
11	storefront_event	Storefront	company@example.com	company	/api/storefront/themes	{"slug": "concept-tech-html", "websiteId": "1", "resourceId": "6", "templateId": "4", "resourceType": "theme", "organizationId": "1000", "themeVersionId": "3", "storefrontEvent": "storefront.theme.create"}	2026-04-30 08:32:24.379
12	storefront_event	Storefront	company@example.com	company	/api/storefront/themes/activate	{"themeId": "6", "websiteId": "1", "resourceId": "3", "resourceType": "theme_version", "organizationId": "1000", "themeVersionId": "3", "storefrontEvent": "storefront.theme.activate"}	2026-04-30 08:32:27.434
13	storefront_event	Storefront	company@example.com	company	/api/storefront/themes/activate	{"themeId": "6", "websiteId": "1", "resourceId": "3", "resourceType": "theme_version", "organizationId": "1000", "themeVersionId": "3", "storefrontEvent": "storefront.theme.activate"}	2026-04-30 08:32:54.66
14	storefront_event	Storefront	company@example.com	company	/api/storefront/domains/3	{"hostname": "localhost", "websiteId": "1", "resourceId": "3", "resourceType": "domain", "organizationId": "1000", "storefrontEvent": "storefront.domain.remove"}	2026-04-30 08:34:12.987
15	storefront_event	Storefront	company@example.com	company	/api/storefront/themes/activate	{"themeId": "6", "websiteId": "1", "resourceId": "3", "resourceType": "theme_version", "organizationId": "1000", "themeVersionId": "3", "storefrontEvent": "storefront.theme.activate"}	2026-04-30 08:34:50.666
16	storefront_event	Storefront	company@example.com	company	/api/storefront/domains/2	{"hostname": "nextjs.paperflight.cc", "websiteId": "1", "resourceId": "2", "resourceType": "domain", "organizationId": "1000", "storefrontEvent": "storefront.domain.remove"}	2026-04-30 08:39:08.93
17	storefront_event	Storefront	company@example.com	company	/api/storefront/domains	{"hostname": "nextjs.paperflight.cc", "isPrimary": false, "websiteId": "1", "resourceId": "4", "resourceType": "domain", "organizationId": "1000", "storefrontEvent": "storefront.domain.attach"}	2026-04-30 08:39:18.401
18	storefront_event	Storefront	company@example.com	company	/api/storefront/themes/activate	{"themeId": "5", "websiteId": "1", "resourceId": "2", "resourceType": "theme_version", "organizationId": "1000", "themeVersionId": "2", "storefrontEvent": "storefront.theme.activate"}	2026-04-30 08:39:30.15
19	storefront_event	Storefront	company@example.com	company	/api/storefront/themes/activate	{"themeId": "6", "websiteId": "1", "resourceId": "3", "resourceType": "theme_version", "organizationId": "1000", "themeVersionId": "3", "storefrontEvent": "storefront.theme.activate"}	2026-04-30 08:39:48.345
20	storefront_event	Storefront	company@example.com	company	/api/storefront/themes/activate	{"themeId": "5", "websiteId": "1", "resourceId": "2", "resourceType": "theme_version", "organizationId": "1000", "themeVersionId": "2", "storefrontEvent": "storefront.theme.activate"}	2026-05-01 17:12:15.217
21	storefront_event	Storefront	company@example.com	company	/api/storefront/themes/activate	{"themeId": "6", "websiteId": "1", "resourceId": "3", "resourceType": "theme_version", "organizationId": "1000", "themeVersionId": "3", "storefrontEvent": "storefront.theme.activate"}	2026-05-01 17:13:34.807
22	storefront_event	Storefront	company@example.com	company	/api/storefront/themes	{"slug": "concept-tech-html-1", "websiteId": "1", "resourceId": "7", "templateId": "4", "resourceType": "theme", "organizationId": "1000", "themeVersionId": "4", "storefrontEvent": "storefront.theme.create"}	2026-05-01 17:13:37.149
23	storefront_event	Storefront	company@example.com	company	/api/storefront/themes/activate	{"themeId": "7", "websiteId": "1", "resourceId": "4", "resourceType": "theme_version", "organizationId": "1000", "themeVersionId": "4", "storefrontEvent": "storefront.theme.activate"}	2026-05-01 17:13:43.642
24	storefront_event	Storefront	company@example.com	company	/api/storefront/themes/7	{"themeId": "7", "websiteId": "1", "resourceId": "7", "resourceType": "theme", "versionCount": 1, "organizationId": "1000", "storefrontEvent": "storefront.theme.delete", "clearedWebsiteIds": ["1"]}	2026-05-05 06:50:42.543
25	storefront_event	Storefront	company@example.com	company	/api/storefront/themes/6	{"themeId": "6", "websiteId": null, "resourceId": "6", "resourceType": "theme", "versionCount": 1, "organizationId": "1000", "storefrontEvent": "storefront.theme.delete", "clearedWebsiteIds": []}	2026-05-05 06:50:47.084
73	lms_access	Lms	company@example.com	company	/lms/dashboard	{"permission": "manage-lms-dashboard"}	2026-05-16 20:50:20.363
26	storefront_event	Storefront	company@example.com	company	/api/storefront/themes	{"slug": "concept-tech-html", "websiteId": "1", "resourceId": "8", "templateId": "4", "resourceType": "theme", "organizationId": "1000", "themeVersionId": "5", "storefrontEvent": "storefront.theme.create"}	2026-05-05 06:51:24.114
27	storefront_event	Storefront	company@example.com	company	/api/storefront/themes/activate	{"themeId": "8", "websiteId": "1", "resourceId": "5", "resourceType": "theme_version", "organizationId": "1000", "themeVersionId": "5", "storefrontEvent": "storefront.theme.activate"}	2026-05-05 06:51:27.995
28	storefront_event	Storefront	company@example.com	company	/api/storefront/themes/activate	{"themeId": "8", "websiteId": "1", "resourceId": "5", "resourceType": "theme_version", "organizationId": "1000", "themeVersionId": "5", "storefrontEvent": "storefront.theme.activate"}	2026-05-05 06:51:34.251
29	storefront_event	Storefront	company@example.com	company	/api/storefront/themes/8	{"themeId": "8", "websiteId": null, "resourceId": "5", "tokenCount": 131, "resourceType": "theme_version", "organizationId": "1000", "storefrontEvent": "storefront.theme.update"}	2026-05-06 10:54:13.057
30	storefront_event	Storefront	company@example.com	company	/api/storefront/themes/8	{"keys": ["sf_store_name", "sf_site_tagline", "sf_display_site_title_tagline", "sf_logo_url", "sf_favicon_url"], "source": "theme_customizer", "websiteId": null, "resourceId": "1000", "resourceType": "merchant_settings", "organizationId": "1000", "storefrontEvent": "storefront.settings.update"}	2026-05-06 10:54:55.71
31	storefront_event	Storefront	company@example.com	company	/api/storefront/themes/8	{"themeId": "8", "websiteId": null, "resourceId": "5", "resourceType": "theme_version", "textRowCount": 0, "imageRowCount": 0, "organizationId": "1000", "storefrontEvent": "storefront.theme.update"}	2026-05-06 11:08:51.455
32	storefront_event	Storefront	company@example.com	company	/api/storefront/themes/8	{"themeId": "8", "websiteId": null, "resourceId": "5", "resourceType": "theme_version", "textRowCount": 0, "imageRowCount": 0, "organizationId": "1000", "storefrontEvent": "storefront.theme.update"}	2026-05-06 11:10:41.964
33	storefront_event	Storefront	company@example.com	company	/api/storefront/themes/8	{"themeId": "8", "websiteId": null, "resourceId": "5", "resourceType": "theme_version", "textRowCount": 0, "imageRowCount": 0, "organizationId": "1000", "storefrontEvent": "storefront.theme.update"}	2026-05-06 11:11:17.601
34	storefront_event	Storefront	company@example.com	company	/api/storefront/themes/8	{"themeId": "8", "websiteId": null, "resourceId": "5", "resourceType": "theme_version", "textRowCount": 0, "imageRowCount": 0, "organizationId": "1000", "storefrontEvent": "storefront.theme.update"}	2026-05-06 14:03:32.813
35	storefront_event	Storefront	company@example.com	company	/api/storefront/themes/8	{"themeId": "8", "websiteId": null, "resourceId": "5", "resourceType": "theme_version", "textRowCount": 0, "imageRowCount": 0, "organizationId": "1000", "storefrontEvent": "storefront.theme.update"}	2026-05-07 05:57:58.63
36	storefront_event	Storefront	company@example.com	company	/api/storefront/themes/8	{"themeId": "8", "websiteId": null, "resourceId": "5", "resourceType": "theme_version", "textRowCount": 0, "imageRowCount": 0, "organizationId": "1000", "storefrontEvent": "storefront.theme.update"}	2026-05-07 06:54:42.652
37	storefront_event	Storefront	company@example.com	company	/api/storefront/themes/8	{"themeId": "8", "websiteId": null, "resourceId": "5", "resourceType": "theme_version", "textRowCount": 0, "imageRowCount": 0, "organizationId": "1000", "storefrontEvent": "storefront.theme.update"}	2026-05-07 06:55:17.303
38	storefront_event	Storefront	company@example.com	company	/api/storefront/blog-posts	{"slug": "tetest", "websiteId": "1", "resourceId": "1", "resourceType": "storefront_blog_post", "organizationId": "1000", "storefrontEvent": "storefront.blog_post.create"}	2026-05-07 09:03:54.281
39	storefront_event	Storefront	company@example.com	company	/api/storefront/blog-posts/1	{"websiteId": "1", "resourceId": "1", "resourceType": "storefront_blog_post", "organizationId": "1000", "storefrontEvent": "storefront.blog_post.publish"}	2026-05-07 09:03:59.233
40	storefront_event	Storefront	company@example.com	company	/api/storefront/blog-posts	{"slug": "sour-apple", "websiteId": "1", "resourceId": "2", "resourceType": "storefront_blog_post", "organizationId": "1000", "storefrontEvent": "storefront.blog_post.create"}	2026-05-07 09:07:54.133
41	storefront_event	Storefront	company@example.com	company	/api/storefront/blog-posts/2	{"websiteId": "1", "resourceId": "2", "resourceType": "storefront_blog_post", "organizationId": "1000", "storefrontEvent": "storefront.blog_post.publish"}	2026-05-07 09:07:57.326
42	storefront_event	Storefront	company@example.com	company	/api/storefront/blog-posts	{"slug": "pine-apple", "websiteId": "1", "resourceId": "3", "resourceType": "storefront_blog_post", "organizationId": "1000", "storefrontEvent": "storefront.blog_post.create"}	2026-05-07 09:08:23.305
43	storefront_event	Storefront	company@example.com	company	/api/storefront/blog-posts/3	{"websiteId": "1", "resourceId": "3", "resourceType": "storefront_blog_post", "organizationId": "1000", "storefrontEvent": "storefront.blog_post.publish"}	2026-05-07 09:08:27.28
44	storefront_event	Storefront	company@example.com	company	/api/storefront/blog-posts/1	{"websiteId": "1", "resourceId": "1", "resourceType": "storefront_blog_post", "organizationId": "1000", "storefrontEvent": "storefront.blog_post.delete"}	2026-05-07 09:08:30.498
45	storefront_event	Storefront	company@example.com	company	/api/storefront/themes/8	{"themeId": "8", "websiteId": null, "resourceId": "5", "resourceType": "theme_version", "textRowCount": 0, "imageRowCount": 0, "organizationId": "1000", "storefrontEvent": "storefront.theme.update"}	2026-05-07 09:22:43.073
46	storefront_event	Storefront	company@example.com	company	/api/storefront/themes/8	{"themeId": "8", "websiteId": null, "resourceId": "5", "resourceType": "theme_version", "textRowCount": 0, "imageRowCount": 0, "organizationId": "1000", "storefrontEvent": "storefront.theme.update"}	2026-05-07 09:24:22.52
47	storefront_event	Storefront	company@example.com	company	/api/storefront/themes/8	{"themeId": "8", "websiteId": null, "resourceId": "5", "resourceType": "theme_version", "textRowCount": 0, "imageRowCount": 0, "organizationId": "1000", "storefrontEvent": "storefront.theme.update"}	2026-05-07 09:27:33.056
48	storefront_event	Storefront	company@example.com	company	/api/storefront/themes/8	{"themeId": "8", "websiteId": null, "resourceId": "5", "resourceType": "theme_version", "textRowCount": 0, "imageRowCount": 0, "organizationId": "1000", "storefrontEvent": "storefront.theme.update"}	2026-05-07 09:27:59.303
49	storefront_event	Storefront	company@example.com	company	/api/storefront/themes/8	{"themeId": "8", "websiteId": null, "resourceId": "5", "resourceType": "theme_version", "textRowCount": 0, "imageRowCount": 0, "organizationId": "1000", "storefrontEvent": "storefront.theme.update"}	2026-05-07 09:30:17.448
50	storefront_event	Storefront	company@example.com	company	/api/storefront/themes/8	{"themeId": "8", "websiteId": null, "resourceId": "5", "resourceType": "theme_version", "textRowCount": 0, "imageRowCount": 0, "organizationId": "1000", "storefrontEvent": "storefront.theme.update"}	2026-05-07 09:30:53.564
51	storefront_event	Storefront	company@example.com	company	/api/storefront/blog-posts/3	{"websiteId": "1", "resourceId": "3", "resourceType": "storefront_blog_post", "organizationId": "1000", "storefrontEvent": "storefront.blog_post.update"}	2026-05-07 09:32:40.198
52	storefront_event	Storefront	company@example.com	company	/api/storefront/blog-posts/2	{"websiteId": "1", "resourceId": "2", "resourceType": "storefront_blog_post", "organizationId": "1000", "storefrontEvent": "storefront.blog_post.update"}	2026-05-07 09:33:11.028
53	storefront_event	Storefront	company@example.com	company	/api/storefront/blog-posts/2	{"websiteId": "1", "resourceId": "2", "resourceType": "storefront_blog_post", "organizationId": "1000", "storefrontEvent": "storefront.blog_post.update"}	2026-05-07 09:33:55.94
54	storefront_event	Storefront	company@example.com	company	/api/storefront/blog-posts/2	{"websiteId": "1", "resourceId": "2", "resourceType": "storefront_blog_post", "organizationId": "1000", "storefrontEvent": "storefront.blog_post.update"}	2026-05-07 09:34:25.754
55	storefront_event	Storefront	company@example.com	company	/api/storefront/blog-posts/3	{"websiteId": "1", "resourceId": "3", "resourceType": "storefront_blog_post", "organizationId": "1000", "storefrontEvent": "storefront.blog_post.update"}	2026-05-07 09:34:32.68
56	storefront_event	Storefront	company@example.com	company	/api/storefront/blog-posts	{"slug": "blueberry", "websiteId": "1", "resourceId": "4", "resourceType": "storefront_blog_post", "organizationId": "1000", "storefrontEvent": "storefront.blog_post.create"}	2026-05-07 09:35:10.872
57	storefront_event	Storefront	company@example.com	company	/api/storefront/blog-posts/4	{"websiteId": "1", "resourceId": "4", "resourceType": "storefront_blog_post", "organizationId": "1000", "storefrontEvent": "storefront.blog_post.publish"}	2026-05-07 09:35:14.357
58	storefront_event	Storefront	company@example.com	company	/api/storefront/blog-posts/3	{"websiteId": "1", "resourceId": "3", "resourceType": "storefront_blog_post", "organizationId": "1000", "storefrontEvent": "storefront.blog_post.update"}	2026-05-07 09:35:47.651
59	storefront_event	Storefront	company@example.com	company	/api/storefront/catalog/products/1	{"websiteId": null, "resourceId": "1", "resourceType": "pos_product", "organizationId": "1000", "storefrontEvent": "storefront.product.publish"}	2026-05-08 09:23:49.896
60	storefront_event	Storefront	company@example.com	company	/api/storefront/catalog/products/2	{"websiteId": null, "resourceId": "2", "resourceType": "pos_product", "organizationId": "1000", "storefrontEvent": "storefront.product.publish"}	2026-05-08 10:45:45.194
61	storefront_event	Storefront	company@example.com	company	/api/storefront/catalog/products/3	{"websiteId": null, "resourceId": "3", "resourceType": "pos_product", "organizationId": "1000", "storefrontEvent": "storefront.product.publish"}	2026-05-08 10:46:34.421
62	storefront_event	Storefront	company@example.com	company	/api/storefront/catalog/products/4	{"websiteId": null, "resourceId": "4", "resourceType": "pos_product", "organizationId": "1000", "storefrontEvent": "storefront.product.publish"}	2026-05-08 10:48:01.799
63	storefront_event	Storefront	company@example.com	company	/api/storefront/catalog/products/5	{"websiteId": null, "resourceId": "5", "resourceType": "pos_product", "organizationId": "1000", "storefrontEvent": "storefront.product.publish"}	2026-05-08 10:49:20.484
64	storefront_event	Storefront	company@example.com	company	/api/storefront/themes/8	{"themeId": "8", "websiteId": null, "resourceId": "5", "resourceType": "theme_version", "textRowCount": 0, "imageRowCount": 0, "organizationId": "1000", "storefrontEvent": "storefront.theme.update"}	2026-05-08 10:53:18.867
65	storefront_event	Storefront	company@example.com	company	/api/storefront/merchant-settings	{"keys": ["sf_store_name", "sf_site_tagline", "sf_display_site_title_tagline", "sf_support_email", "sf_logo_url", "sf_favicon_url", "sf_default_locale", "sf_currency_display", "sf_seo_default_title", "sf_seo_default_description", "sf_customer_accounts_enabled", "sf_maintenance_mode", "sf_checkout_brand_primary", "sf_checkout_brand_accent", "sf_stripe_enabled", "sf_stripe_mode", "sf_stripe_publishable_key_sandbox", "sf_stripe_secret_key_sandbox", "sf_stripe_publishable_key_live", "sf_stripe_secret_key_live", "sf_paypal_enabled", "sf_paypal_mode", "sf_paypal_client_id_sandbox", "sf_paypal_client_secret_sandbox", "sf_paypal_client_id_live", "sf_paypal_client_secret_live"], "websiteId": null, "resourceId": "1000", "resourceType": "merchant_settings", "organizationId": "1000", "storefrontEvent": "storefront.settings.update"}	2026-05-09 10:22:09.301
66	storefront_event	Storefront	company@example.com	company	/api/storefront/themes/8	{"themeId": "8", "websiteId": null, "resourceId": "5", "resourceType": "theme_version", "textRowCount": 0, "imageRowCount": 0, "organizationId": "1000", "storefrontEvent": "storefront.theme.update"}	2026-05-10 10:01:03.233
67	storefront_event	Storefront	company@example.com	company	/api/storefront/themes/8	{"themeId": "8", "websiteId": null, "resourceId": "5", "resourceType": "theme_version", "textRowCount": 0, "imageRowCount": 0, "organizationId": "1000", "storefrontEvent": "storefront.theme.update"}	2026-05-10 10:03:57.475
68	storefront_event	Storefront	company@example.com	company	/api/storefront/themes/8	{"themeId": "8", "websiteId": null, "resourceId": "5", "resourceType": "theme_version", "textRowCount": 0, "imageRowCount": 0, "organizationId": "1000", "storefrontEvent": "storefront.theme.update"}	2026-05-11 07:17:47.595
69	lms_access	Lms	company@example.com	company	/lms/dashboard	{"permission": "manage-lms-dashboard"}	2026-05-11 07:34:48.822
70	lms_access	Lms	company@example.com	company	/lms/instructor	{"permission": "manage-lms-instructor-dashboard"}	2026-05-11 07:37:52.129
71	storefront_event	Storefront	company@example.com	company	/api/storefront/merchant-settings	{"keys": ["sf_store_name", "sf_site_tagline", "sf_display_site_title_tagline", "sf_support_email", "sf_logo_url", "sf_favicon_url", "sf_default_locale", "sf_currency_display", "sf_seo_default_title", "sf_seo_default_description", "sf_customer_accounts_enabled", "sf_maintenance_mode", "sf_checkout_brand_primary", "sf_checkout_brand_accent", "sf_stripe_enabled", "sf_stripe_mode", "sf_stripe_publishable_key_sandbox", "sf_stripe_secret_key_sandbox", "sf_stripe_publishable_key_live", "sf_stripe_secret_key_live", "sf_paypal_enabled", "sf_paypal_mode", "sf_paypal_client_id_sandbox", "sf_paypal_client_secret_sandbox", "sf_paypal_client_id_live", "sf_paypal_client_secret_live"], "websiteId": null, "resourceId": "1000", "resourceType": "merchant_settings", "organizationId": "1000", "storefrontEvent": "storefront.settings.update"}	2026-05-11 09:21:09.217
72	lms_access	Lms	company@example.com	company	/lms/dashboard	{"permission": "manage-lms-dashboard"}	2026-05-11 16:10:55.56
74	lms_access	Lms	company@example.com	company	/lms/dashboard	{"permission": "manage-lms-dashboard"}	2026-05-18 05:18:12.477
75	lms_access	Lms	company@example.com	company	/lms/dashboard	{"permission": "manage-lms-dashboard"}	2026-05-19 01:46:40.761
76	lms_access	Lms	company@example.com	company	/lms/dashboard	{"permission": "manage-lms-dashboard"}	2026-05-19 01:46:48.904
77	lms_access	Lms	company@example.com	company	/lms/dashboard	{"permission": "manage-lms-dashboard"}	2026-05-20 08:39:44.688
78	lms_access	Lms	company@example.com	company	/lms/dashboard	{"permission": "manage-lms-dashboard"}	2026-05-20 10:45:15.279
79	lms_access	Lms	company@example.com	company	/lms/dashboard	{"permission": "manage-lms-dashboard"}	2026-05-20 10:45:33.159
80	storefront_access_denied	Storefront	umakantsonwani@gmail.com	client	/storefront/dashboard	{"reason": "missing_view_permission"}	2026-05-20 12:19:59.158
81	storefront_access_denied	Storefront	umakantsonwani@gmail.com	client	/storefront/dashboard	{"reason": "missing_view_permission"}	2026-05-20 12:20:10.84
82	storefront_event	Storefront	company@example.com	company	/api/storefront/domains	{"hostname": "phillywaterice.com", "isPrimary": true, "websiteId": "1", "resourceId": "5", "resourceType": "domain", "organizationId": "1000", "storefrontEvent": "storefront.domain.attach"}	2026-05-21 08:21:52.967
83	lms_access	Lms	superadmin@example.com	superadmin	/lms/dashboard	{"permission": "manage-lms-dashboard"}	2026-05-22 11:08:06.467
84	lms_access	Lms	company@example.com	company	/lms/dashboard	{"permission": "manage-lms-dashboard"}	2026-05-22 11:08:19.194
85	lms_access	Lms	company@example.com	company	/lms/dashboard	{"permission": "manage-lms-dashboard"}	2026-05-25 10:35:57.79
86	lms_access	Lms	company@example.com	company	/lms/dashboard	{"permission": "manage-lms-dashboard"}	2026-05-25 11:30:20.031
87	lms_access	Lms	company@example.com	company	/lms/dashboard	{"permission": "manage-lms-dashboard"}	2026-05-25 11:42:19.886
88	lms_access	Lms	company@example.com	company	/lms/instructor	{"permission": "manage-lms-instructor-dashboard"}	2026-05-25 11:42:22.526
89	lms_access	Lms	company@example.com	company	/lms/dashboard	{"permission": "manage-lms-dashboard"}	2026-05-25 16:14:12.521
90	lms_access	Lms	company@example.com	company	/lms/dashboard	{"permission": "manage-lms-dashboard"}	2026-05-26 09:25:20.081
91	storefront_event	Storefront	\N	\N	\N	{"total": 20, "websiteId": "1", "resourceId": "1", "orderNumber": "SF-MPMOMWP2-FGE6AG", "resourceType": "storefront_order", "organizationId": "1000", "storefrontEvent": "storefront.order.created"}	2026-05-26 13:40:04.066
92	lms_access	Lms	company@example.com	company	/lms/dashboard	{"permission": "manage-lms-dashboard"}	2026-05-27 11:16:10.97
93	lms_access	Lms	company@example.com	company	/lms/dashboard	{"permission": "manage-lms-dashboard"}	2026-05-27 13:40:23.73
94	lms_access	Lms	company@example.com	company	/lms/dashboard	{"permission": "manage-lms-dashboard"}	2026-05-28 07:16:40.664
95	lms_access	Lms	company@example.com	company	/lms/dashboard	{"permission": "manage-lms-dashboard"}	2026-05-28 07:16:58.492
96	lms_access	Lms	company@example.com	company	/lms/dashboard	{"permission": "manage-lms-dashboard"}	2026-05-28 09:39:31.683
97	lms_access	Lms	company@example.com	company	/lms/dashboard	{"permission": "manage-lms-dashboard"}	2026-05-28 09:51:44.59
98	lms_access	Lms	company@example.com	company	/lms/dashboard	{"permission": "manage-lms-dashboard"}	2026-05-28 10:20:20.687
99	lms_access	Lms	company@example.com	company	/lms/dashboard	{"permission": "manage-lms-dashboard"}	2026-05-28 10:41:02.22
100	lms_access	Lms	company@example.com	company	/lms/dashboard	{"permission": "manage-lms-dashboard"}	2026-05-28 11:06:20.927
101	lms_access	Lms	company@example.com	company	/lms/dashboard	{"permission": "manage-lms-dashboard"}	2026-05-28 11:52:51.928
102	lms_access	Lms	company@example.com	company	/lms/dashboard	{"permission": "manage-lms-dashboard"}	2026-05-29 09:38:06.699
103	lms_access	Lms	company@example.com	company	/lms/dashboard	{"permission": "manage-lms-dashboard"}	2026-05-29 10:13:48.758
104	lms_access	Lms	company@example.com	company	/lms/dashboard	{"permission": "manage-lms-dashboard"}	2026-05-29 13:40:27.955
105	storefront_event	Storefront	company@example.com	company	/api/storefront/themes/8	{"themeId": "8", "websiteId": null, "resourceId": "5", "resourceType": "theme_version", "textRowCount": 0, "imageRowCount": 0, "organizationId": "1000", "storefrontEvent": "storefront.theme.update"}	2026-06-01 17:20:22.565
106	storefront_event	Storefront	company@example.com	company	/api/storefront/themes/8	{"themeId": "8", "websiteId": null, "resourceId": "5", "resourceType": "theme_version", "textRowCount": 0, "imageRowCount": 0, "organizationId": "1000", "storefrontEvent": "storefront.theme.update"}	2026-06-02 08:12:56.206
107	storefront_event	Storefront	\N	\N	\N	{"total": 30.74, "source": "waterice", "websiteId": "1", "resourceId": "2", "orderNumber": "WIE-MPWJAXNY-4C13", "resourceType": "storefront_order", "organizationId": "1000", "storefrontEvent": "storefront.order.created"}	2026-06-02 11:08:29.091
108	storefront_event	Storefront	\N	\N	\N	{"websiteId": "1", "resourceId": "2", "resourceType": "storefront_order", "paymentSource": "stripe", "organizationId": "1000", "storefrontEvent": "storefront.order.paid", "stripePaymentIntentId": "pi_3TdqAzKHjbVwQUWw0DnHEpI6"}	2026-06-02 11:08:29.122
109	lms_access	Lms	hitia1969@gmail.com	company	/lms/dashboard	{"permission": "manage-lms-dashboard"}	2026-06-03 12:10:41.545
110	storefront_event	Storefront	company@example.com	company	/api/storefront/catalog/products/2	{"websiteId": null, "resourceId": "2", "resourceType": "pos_product", "organizationId": "1000", "storefrontEvent": "storefront.product.unpublish"}	2026-06-03 12:34:46.168
111	storefront_event	Storefront	\N	\N	\N	{"total": 286.2, "source": "waterice", "websiteId": "3", "resourceId": "3", "orderNumber": "WIE-MPZF9HN5-KMG4", "resourceType": "storefront_order", "organizationId": "1054", "storefrontEvent": "storefront.order.created"}	2026-06-04 11:38:41.706
\.


--
-- Data for Name: sales_proposal_items; Type: TABLE DATA; Schema: public; Owner: waterexpress_user
--

COPY public.sales_proposal_items (id, proposal_id, product_id, quantity, unit_price, discount_percentage, discount_amount, tax_percentage, tax_amount, total_amount, created_at, updated_at) FROM stdin;
1001	1001	1	5	8000.00	0.00	2000.00	10.00	4300.00	47500.00	2026-03-19 07:56:50.282	\N
1002	1002	1	1	78000.00	4.00	3000.00	10.00	7800.00	82800.00	2026-03-19 07:56:50.282	\N
1003	1003	1	4	8000.00	0.00	0.00	10.00	3200.00	35200.00	2026-03-19 07:56:50.282	\N
\.


--
-- Data for Name: sales_proposals; Type: TABLE DATA; Schema: public; Owner: waterexpress_user
--

COPY public.sales_proposals (id, proposal_number, proposal_date, due_date, customer_id, warehouse_id, subtotal, tax_amount, discount_amount, total_amount, status, converted_to_invoice, invoice_id, payment_terms, notes, creator_id, created_by, created_at, updated_at) FROM stdin;
1001	PROP-DEMO-001	2026-01-15	2026-02-15	1	\N	45000.00	4500.00	2000.00	47500.00	accepted	f	\N	Net 30	Q1 software suite proposal	1000	1000	2026-03-19 07:56:50.2	\N
1002	PROP-DEMO-002	2026-02-01	2026-03-01	1003	\N	78000.00	7800.00	3000.00	82800.00	sent	f	\N	Net 45	Annual enterprise agreement	1000	1000	2026-03-19 07:56:50.2	\N
1003	PROP-DEMO-003	2026-03-01	2026-04-01	1004	\N	32000.00	3200.00	0.00	35200.00	draft	f	\N	Net 30	Cloud migration project proposal	1000	1000	2026-03-19 07:56:50.2	\N
\.


--
-- Data for Name: schedules; Type: TABLE DATA; Schema: public; Owner: waterexpress_user
--

COPY public.schedules (id, unique_id, user_id, name, email, phone, date, start_time, end_time, appointment_id, questions, cancel_description, status, creator_id, created_by, created_at, updated_at) FROM stdin;
1001	SCH-0001	\N	Alice Johnson	alice@demo.test	+1-415-555-0101	2026-03-20	09:00	10:00	1001	\N	\N	approved	1000	1000	2026-03-19 10:05:13.536	\N
1002	SCH-0002	\N	Bob Williams	bob@demo.test	+1-312-555-0202	2026-03-21	10:00	10:30	1002	\N	\N	pending	1000	1000	2026-03-19 10:05:13.536	\N
1003	SCH-0003	\N	Carol Davis	carol@demo.test	+1-212-555-0303	2026-03-22	14:00	15:00	1001	\N	\N	completed	1000	1000	2026-03-19 10:05:13.536	\N
1004	SCH-0004	\N	David Lee	david@demo.test	+1-469-555-0404	2026-03-23	11:00	12:00	1001	\N	\N	pending	1000	1000	2026-03-19 10:05:13.536	\N
1005	SCH-0005	\N	Eva Martinez	eva@demo.test	+1-617-555-0505	2026-03-25	15:00	15:30	1002	\N	\N	approved	1000	1000	2026-03-19 10:05:13.536	\N
1006	SCH-0006	\N	Frank Chen	frank@demo.test	+1-206-555-0606	2026-03-18	09:30	10:30	1001	\N	Client requested to reschedule	cancelled	1000	1000	2026-03-19 10:05:13.536	\N
1007	SCH-0007	\N	Grace Kim	grace@demo.test	+1-512-555-0707	2026-04-01	13:00	14:00	1001	\N	\N	pending	1000	1000	2026-03-19 10:05:13.536	\N
\.


--
-- Data for Name: settings; Type: TABLE DATA; Schema: public; Owner: waterexpress_user
--

COPY public.settings (id, key, value, is_public, created_by, created_at, updated_at) FROM stdin;
22	companyWebsite	https://CoastalPelicans.com	t	1004	2026-03-09 18:56:08.686	\N
23	companyPhone	(904) 826-7288	t	1004	2026-03-09 18:56:08.802	\N
24	companyAddress	161 Cypress Point Circle	t	1004	2026-03-09 18:56:08.887	\N
25	companyCity	East Palatka	t	1004	2026-03-09 18:56:08.975	\N
26	companyState	FL	t	1004	2026-03-09 18:56:09.06	\N
27	companyZipCode	32131	t	1004	2026-03-09 18:56:09.146	\N
28	defaultCurrency	USD	t	1004	2026-03-09 18:56:09.234	\N
29	businessModuleId	1	t	1004	2026-03-09 18:56:09.319	\N
30	defaultLanguage	en	t	1004	2026-03-09 18:56:09.405	\N
31	logo_light	/uploads/logos/logo-1773082569442-90fd47d044ff1.png	t	1004	2026-03-09 18:56:09.504	\N
59	logoLight		t	1	2026-03-12 09:24:09.257	2026-04-02 11:50:45.617
58	logoDark		t	1	2026-03-12 09:24:09.128	2026-04-02 11:50:45.558
21	termsConditionsUrl		t	1	2026-03-06 14:22:57.667	2026-03-31 12:21:52.792
140	googleMapsApiKey		t	1000	2026-04-01 10:43:31.939	2026-04-01 10:43:46.659
52	decimalFormat	2	t	1	2026-03-10 13:43:02.511	2026-05-25 11:28:29.897
53	decimalSeparator	.	t	1	2026-03-10 13:43:02.598	2026-05-25 11:28:29.902
54	thousandsSeparator	,	t	1	2026-03-10 13:43:02.685	2026-05-25 11:28:29.907
55	floatNumber	2	t	1	2026-03-10 13:43:02.776	2026-05-25 11:28:29.911
56	currencySymbolSpace	0	t	1	2026-03-10 13:43:02.866	2026-05-25 11:28:29.913
33	allowedFileTypes	jpg,png,webp,gif,jpeg	t	1	2026-03-10 12:16:36.907	2026-05-07 10:37:49.227
34	maxUploadSize	5120	t	1	2026-03-10 12:16:36.993	2026-05-07 10:37:49.238
35	awsAccessKeyId		t	1	2026-03-10 12:16:37.078	2026-05-07 10:37:49.251
36	awsSecretAccessKey		t	1	2026-03-10 12:16:37.165	2026-05-07 10:37:49.261
37	awsDefaultRegion	us-east-1	t	1	2026-03-10 12:16:37.249	2026-05-07 10:37:49.276
38	awsBucket		t	1	2026-03-10 12:16:37.334	2026-05-07 10:37:49.291
39	awsUrl		t	1	2026-03-10 12:16:37.418	2026-05-07 10:37:49.402
40	awsEndpoint		t	1	2026-03-10 12:16:37.502	2026-05-07 10:37:49.408
42	wasabiSecretKey		t	1	2026-03-10 12:16:37.682	2026-05-07 10:37:49.421
43	wasabiRegion	us-east-1	t	1	2026-03-10 12:16:37.767	2026-05-07 10:37:49.427
44	wasabiBucket		t	1	2026-03-10 12:16:37.852	2026-05-07 10:37:49.432
45	wasabiUrl		t	1	2026-03-10 12:16:37.939	2026-05-07 10:37:49.436
46	wasabiRoot		t	1	2026-03-10 12:16:38.023	2026-05-07 10:37:49.441
48	cloudinaryApiKey	422492699368819	t	1	2026-03-10 12:16:38.191	2026-05-07 10:37:49.449
49	cloudinaryApiSecret	CYcJd-IMf8QD4wwr8BGP_mj3Bes	t	1	2026-03-10 12:16:38.276	2026-05-07 10:37:49.455
50	cloudinaryFolder	media	t	1	2026-03-10 12:16:38.364	2026-05-07 10:37:49.46
96	defaultCurrency	USD	t	1000	2026-03-19 11:30:29.64	\N
32	storageType	cloudinary	t	1	2026-03-10 12:16:36.794	2026-05-07 10:37:49.211
83	company_name	PaperFlight Inc.	t	1000	2026-03-19 10:24:59.035	2026-05-25 11:28:29.8
84	company_address	350 Fifth Avenue, Suite 4200	t	1000	2026-03-19 10:24:59.116	2026-05-25 11:28:29.806
85	company_city	New York	t	1000	2026-03-19 10:24:59.176	2026-05-25 11:28:29.812
86	company_state	New York	t	1000	2026-03-19 10:24:59.236	2026-05-25 11:28:29.815
87	company_country	United States	t	1000	2026-03-19 10:24:59.297	2026-05-25 11:28:29.82
14	defaultLanguage	en	t	1	2026-03-06 14:22:56.995	2026-05-25 11:28:29.867
15	dateFormat	m/d/Y	t	1	2026-03-06 14:22:57.115	2026-05-25 11:28:29.871
16	timeFormat	h:i A	t	1	2026-03-06 14:22:57.215	2026-05-25 11:28:29.875
17	calendarStartDay	0	t	1	2026-03-06 14:22:57.312	2026-05-25 11:28:29.879
18	enableRegistration	on	t	1	2026-03-06 14:22:57.401	2026-05-25 11:28:29.882
19	enableEmailVerification	off	t	1	2026-03-06 14:22:57.495	2026-05-25 11:28:29.885
20	landingPageEnabled	1	t	1	2026-03-06 14:22:57.583	2026-05-25 11:28:29.888
51	defaultCurrency	USD	t	1	2026-03-10 13:43:02.394	2026-05-25 11:28:29.891
57	currencySymbolPosition	left	t	1	2026-03-10 13:43:02.952	2026-05-25 11:28:29.916
97	decimalFormat	2	t	1000	2026-03-19 11:30:29.768	\N
98	decimalSeparator	.	t	1000	2026-03-19 11:30:29.864	\N
99	thousandsSeparator	,	t	1000	2026-03-19 11:30:29.96	\N
100	floatNumber	1	t	1000	2026-03-19 11:30:30.056	\N
101	currencySymbolSpace	1	t	1000	2026-03-19 11:30:30.152	\N
102	currencySymbolPosition	before	t	1000	2026-03-19 11:30:30.248	\N
116	googleMapsApiKey		t	1	2026-03-31 12:21:52.926	\N
132	defaultLanguage	en	t	1000	2026-04-01 10:43:31.191	2026-04-01 10:43:46.161
133	dateFormat	m-d-Y	t	1000	2026-04-01 10:43:31.335	2026-04-01 10:43:46.25
134	timeFormat	g:i A	t	1000	2026-04-01 10:43:31.421	2026-04-01 10:43:46.308
135	calendarStartDay	0	t	1000	2026-04-01 10:43:31.506	2026-04-01 10:43:46.366
136	enableRegistration	off	t	1000	2026-04-01 10:43:31.593	2026-04-01 10:43:46.424
137	enableEmailVerification	off	t	1000	2026-04-01 10:43:31.68	2026-04-01 10:43:46.484
138	landingPageEnabled	off	t	1000	2026-04-01 10:43:31.767	2026-04-01 10:43:46.541
139	termsConditionsUrl		t	1000	2026-04-01 10:43:31.853	2026-04-01 10:43:46.601
151	favicon	/uploads/media/media-1772774645977-fef4604548701.png	t	1000	2026-04-13 07:21:47.714	2026-05-22 12:11:36.238
149	logo_dark	https://res.cloudinary.com/dpe1qqrig/image/upload/v1779278912/company-logos/lsuyp59k2kbqagwll8jz.png	t	1000	2026-04-13 07:21:47.706	2026-05-22 12:11:36.227
153	footerText	© 2025 PaperFlight Inc. All rights reserved.	t	1000	2026-04-13 07:21:47.72	2026-05-22 12:11:36.244
154	sidebarVariant	default	t	1000	2026-04-13 07:21:47.722	2026-05-22 12:11:36.248
155	sidebarStyle	icon-text	t	1000	2026-04-13 07:21:47.725	2026-05-22 12:11:36.251
156	layoutDirection	ltr	t	1000	2026-04-13 07:21:47.729	2026-05-22 12:11:36.253
157	themeMode	light	t	1000	2026-04-13 07:21:47.732	2026-05-22 12:11:36.259
158	themeColor	blue	t	1000	2026-04-13 07:21:47.735	2026-05-22 12:11:36.263
159	customColor	#10b981	t	1000	2026-04-13 07:21:47.738	2026-05-22 12:11:36.265
88	company_zipcode	10118	t	1000	2026-03-19 10:24:59.358	2026-05-25 11:28:29.826
89	company_telephone	+1-212-555-0100	t	1000	2026-03-19 10:24:59.42	2026-05-25 11:28:29.83
5	powered_by_dark	https://res.cloudinary.com/dpe1qqrig/image/upload/v1780321819/media/qcwc3ipgidvhmqgesbn9.png	t	1	2026-03-06 08:38:56.132	2026-06-03 15:55:58.13
8	sidebarVariant	default	t	1	2026-03-06 08:38:56.384	2026-06-03 15:55:58.138
9	sidebarStyle	icon-text	t	1	2026-03-06 08:38:56.467	2026-06-03 15:55:58.14
10	layoutDirection	ltr	t	1	2026-03-06 08:38:56.551	2026-06-03 15:55:58.144
11	themeMode	light	t	1	2026-03-06 08:38:56.634	2026-06-03 15:55:58.146
12	themeColor	blue	t	1	2026-03-06 08:38:56.718	2026-06-03 15:55:58.149
13	customColor	#10b981	t	1	2026-03-06 08:38:56.802	2026-06-03 15:55:58.154
114	loginBgColor	#282a40	t	1	2026-03-31 04:27:09.875	2026-06-03 15:55:58.159
115	loginFormBgColor	#31334c	t	1	2026-03-31 04:27:09.966	2026-06-03 15:55:58.162
95	metaKeywords	water ice, italian ice, water ice distribution, frozen desserts, water ice delivery, italian ice supplies, fundraiser products, event desserts, water ice franchise, frozen treat business	t	1	2026-03-19 10:25:00.651	2026-06-03 15:59:48.426
3	favicon	/uploads/media/media-1772774645977-fef4604548701.png	t	1	2026-03-06 08:38:55.963	2026-06-03 15:55:58.121
141	email_provider	smtp	t	1	2026-04-10 09:27:02.931	2026-04-20 14:46:51.421
142	email_driver	smtp	t	1	2026-04-10 09:27:02.935	2026-04-20 14:46:51.428
143	email_host	smtp.mailgun.org	t	1	2026-04-10 09:27:02.938	2026-04-20 14:46:51.432
144	email_port	587	t	1	2026-04-10 09:27:02.941	2026-04-20 14:46:51.436
145	email_username	support@mg.paperflight.cc	t	1	2026-04-10 09:27:02.944	2026-04-20 14:46:51.441
146	email_password	cf51507e743be66b5b0af8b5e35a8a35-e3c0807f-187cba5e	t	1	2026-04-10 09:27:02.946	2026-04-20 14:46:51.444
147	email_encryption	tls	t	1	2026-04-10 09:27:02.948	2026-04-20 14:46:51.449
148	email_fromAddress	support@paperflight.cc	t	1	2026-04-10 09:27:02.95	2026-04-20 14:46:51.453
170	New User	on	t	1	2026-04-20 14:48:32.494	\N
171	Customer Invoice Send	on	t	1	2026-04-20 14:48:32.502	\N
172	Payment Reminder	on	t	1	2026-04-20 14:48:32.507	\N
173	Invoice Payment Create	on	t	1	2026-04-20 14:48:32.514	\N
174	Proposal Status Updated	on	t	1	2026-04-20 14:48:32.52	\N
175	New Helpdesk Ticket	on	t	1	2026-04-20 14:48:32.526	\N
176	New Helpdesk Ticket Reply	on	t	1	2026-04-20 14:48:32.533	\N
177	Purchase Send	on	t	1	2026-04-20 14:48:32.538	\N
178	Purchase Payment Create	on	t	1	2026-04-20 14:48:32.544	\N
197	enableCookiePopup	1	t	1	2026-04-27 05:28:59.522	\N
198	enableLogging	1	t	1	2026-04-27 05:28:59.526	\N
199	strictlyNecessaryCookies	1	t	1	2026-04-27 05:28:59.528	\N
200	cookieTitle	Cookie Consent	t	1	2026-04-27 05:28:59.531	\N
201	strictlyCookieTitle	Strictly Necessary Cookies	t	1	2026-04-27 05:28:59.534	\N
202	cookieDescription	We use cookies to enhance your browsing experience and provide personalized content.	t	1	2026-04-27 05:28:59.536	\N
203	strictlyCookieDescription	These cookies are essential for the website to function properly.	t	1	2026-04-27 05:28:59.539	\N
204	contactUsDescription	If you have any questions about our cookie policy, please contact us.	t	1	2026-04-27 05:28:59.541	\N
205	contactUsUrl	https://example.com/contact	t	1	2026-04-27 05:28:59.543	\N
152	titleText	PaperFlight	t	1000	2026-04-13 07:21:47.717	2026-05-22 12:11:36.241
207	sf_site_tagline		t	1000	2026-05-06 10:54:55.652	2026-05-11 09:21:09.117
90	company_email	info@paperflight.demo	t	1000	2026-03-19 10:24:59.48	2026-05-25 11:28:29.834
91	company_email_from_name	PaperFlight Inc.	t	1000	2026-03-19 10:24:59.54	2026-05-25 11:28:29.837
92	registration_number	PF-2019-12345	t	1000	2026-03-19 10:24:59.6	2026-05-25 11:28:29.841
41	wasabiAccessKey		t	1	2026-03-10 12:16:37.597	2026-05-07 10:37:49.413
47	cloudinaryCloudName	dpe1qqrig	t	1	2026-03-10 12:16:38.107	2026-05-07 10:37:49.445
236	companyCity	Key Biscayne	t	1000	2026-05-20 08:39:16.008	\N
237	companyState	FL	t	1000	2026-05-20 08:39:16.012	\N
232	companyZipCode	33149	t	1000	2026-05-20 08:07:22.643	\N
206	sf_store_name	Philly Water Ice	t	1000	2026-05-06 10:54:55.641	2026-05-11 09:21:09.112
208	sf_display_site_title_tagline	0	t	1000	2026-05-06 10:54:55.663	2026-05-11 09:21:09.12
211	sf_support_email		t	1000	2026-05-09 10:22:09.199	2026-05-11 09:21:09.123
209	sf_logo_url	https://res.cloudinary.com/dpe1qqrig/image/upload/v1778064862/media/storefront-theme-customizer/1000/bdgugdth71ymmyhwrxug.png	t	1000	2026-05-06 10:54:55.685	2026-05-11 09:21:09.126
210	sf_favicon_url	https://res.cloudinary.com/dpe1qqrig/image/upload/v1778064889/media/storefront-theme-customizer/1000/mouom1p8smuvp5vl4gzy.png	t	1000	2026-05-06 10:54:55.695	2026-05-11 09:21:09.129
212	sf_default_locale	en	t	1000	2026-05-09 10:22:09.214	2026-05-11 09:21:09.132
213	sf_currency_display	symbol	t	1000	2026-05-09 10:22:09.22	2026-05-11 09:21:09.135
214	sf_seo_default_title		t	1000	2026-05-09 10:22:09.227	2026-05-11 09:21:09.138
215	sf_seo_default_description		t	1000	2026-05-09 10:22:09.233	2026-05-11 09:21:09.142
216	sf_customer_accounts_enabled	1	t	1000	2026-05-09 10:22:09.237	2026-05-11 09:21:09.146
217	sf_maintenance_mode	0	t	1000	2026-05-09 10:22:09.242	2026-05-11 09:21:09.15
218	sf_checkout_brand_primary		t	1000	2026-05-09 10:22:09.246	2026-05-11 09:21:09.154
219	sf_checkout_brand_accent		t	1000	2026-05-09 10:22:09.25	2026-05-11 09:21:09.158
220	sf_stripe_enabled	1	t	1000	2026-05-09 10:22:09.254	2026-05-11 09:21:09.163
221	sf_stripe_mode	sandbox	t	1000	2026-05-09 10:22:09.257	2026-05-11 09:21:09.168
222	sf_stripe_publishable_key_sandbox	pk_test_51LYXnmKHjbVwQUWwT4bg3q7FwkJ8EHcuuksBgPmCh4rC4OvDpGLhOmrLgfTeWfdhcIOJ35Ma8csi8Evzl4naoo9t00MuBoQvWw	f	1000	2026-05-09 10:22:09.26	2026-05-11 09:21:09.174
223	sf_stripe_secret_key_sandbox	sk_test_51LYXnmKHjbVwQUWwtd3tv8FLgNx8sVrrmrzJKHvtgdh68dJGyNDVDm7gs8ljrh1TO65SFuuWMiPyKoMxgEDtQKII001CN0X4f1	f	1000	2026-05-09 10:22:09.264	2026-05-11 09:21:09.178
224	sf_stripe_publishable_key_live		f	1000	2026-05-09 10:22:09.267	2026-05-11 09:21:09.18
225	sf_stripe_secret_key_live		f	1000	2026-05-09 10:22:09.27	2026-05-11 09:21:09.183
226	sf_paypal_enabled	0	t	1000	2026-05-09 10:22:09.273	2026-05-11 09:21:09.186
227	sf_paypal_mode	sandbox	t	1000	2026-05-09 10:22:09.276	2026-05-11 09:21:09.189
228	sf_paypal_client_id_sandbox		f	1000	2026-05-09 10:22:09.279	2026-05-11 09:21:09.193
229	sf_paypal_client_secret_sandbox		f	1000	2026-05-09 10:22:09.283	2026-05-11 09:21:09.197
230	sf_paypal_client_id_live		f	1000	2026-05-09 10:22:09.285	2026-05-11 09:21:09.201
231	sf_paypal_client_secret_live		f	1000	2026-05-09 10:22:09.288	2026-05-11 09:21:09.205
233	companyWebsite	https://phillywater.com	t	1000	2026-05-20 08:39:15.982	\N
234	companyPhone	(324) 324-324	t	1000	2026-05-20 08:39:15.998	\N
235	companyAddress	161 Crandon Boulevard	t	1000	2026-05-20 08:39:16.004	\N
238	businessModuleId	40	t	1000	2026-05-20 08:39:16.029	\N
7	footerText	© 2026 Water Ice Express. All rights reserved.	t	1	2026-03-06 08:38:56.299	2026-06-03 15:55:58.136
93	metaTitle	Water Ice Express | Frozen Treat Distribution Network	t	1	2026-03-19 10:25:00.531	2026-06-03 15:59:48.431
94	metaDescription	Water Ice Express delivers premium Italian ice, cups, supplies, and distribution solutions for events, fundraisers, retailers, and entrepreneurs nationwide.	t	1	2026-03-19 10:25:00.591	2026-06-03 15:59:48.434
1	logo_dark	https://res.cloudinary.com/dpe1qqrig/image/upload/v1780321798/media/o0lvcme0lohfc7cmlje1.png	t	1	2026-03-06 08:38:55.766	2026-06-03 15:55:58.109
6	titleText	Water Ice Express	t	1	2026-03-06 08:38:56.216	2026-06-03 15:55:58.133
150	logo_light	https://res.cloudinary.com/dpe1qqrig/image/upload/v1779278912/company-logos/lsuyp59k2kbqagwll8jz.png	t	1000	2026-04-13 07:21:47.711	2026-05-22 12:11:36.234
239	lms_maintenance_mode	0	t	1000	2026-05-25 11:28:44.641	\N
240	lms_maintenance_message	The learning portal is temporarily unavailable.	t	1000	2026-05-25 11:28:44.648	\N
241	lms_mobile_only_mode	0	t	1000	2026-05-25 11:28:44.651	\N
242	lms_default_locale	en	t	1000	2026-05-25 11:28:44.655	\N
243	lms_rtl_mode	inherit	t	1000	2026-05-25 11:28:44.664	\N
244	lms_gdpr_enabled	1	t	1000	2026-05-25 11:28:44.671	\N
245	lms_gdpr_require_consent	0	t	1000	2026-05-25 11:28:44.676	\N
246	lms_gdpr_banner_text	We process learning activity to deliver courses.	t	1000	2026-05-25 11:28:44.689	\N
247	lms_primary_color	#2563eb	t	1000	2026-05-25 11:28:44.696	\N
248	lms_font_family	Inter, system-ui, sans-serif	t	1000	2026-05-25 11:28:44.7	\N
249	lms_first_purchase_coupon_code	FIRSTLMS10	t	1000	2026-05-25 11:28:44.704	\N
250	lms_ad_banners_json	[{"id":"demo-banner-1","title":"Welcome to Paper Flight LMS","imageUrl":"https://placehold.co/1200x200/2563eb/ffffff?text=LMS+Demo","linkUrl":"/lms/my-learning/pf-demo-lms-html-css-fundamentals","active":true}]	t	1000	2026-05-25 11:28:44.71	\N
251	saas_lms_enabled	1	t	1000	2026-05-25 11:28:44.713	\N
2	logo_light	https://res.cloudinary.com/dpe1qqrig/image/upload/v1780321798/media/o0lvcme0lohfc7cmlje1.png	t	1	2026-03-06 08:38:55.88	2026-06-03 15:55:58.115
4	powered_by_light	https://res.cloudinary.com/dpe1qqrig/image/upload/v1780321820/media/lajwjn9ni89eswkuyzye.png	t	1	2026-03-06 08:38:56.048	2026-06-03 15:55:58.126
113	loginImage	https://res.cloudinary.com/dpe1qqrig/image/upload/v1780321798/media/o0lvcme0lohfc7cmlje1.png	t	1	2026-03-31 04:27:09.754	2026-06-03 15:55:58.156
252	metaImage	https://res.cloudinary.com/dpe1qqrig/image/upload/v1780321820/media/lajwjn9ni89eswkuyzye.png	t	1	2026-06-03 15:59:48.438	\N
253	waterice_landing_config	{"heroSlides":[{"image":"/waterice/slide-cherry.jpg","kicker":"Flavor of the Day","title":"Cool Down with Cherry Classic","subtitle":"Hand-crafted Philly Water Ice made with real fruit. Refreshing, vibrant, and EXPRESS Delivery."},{"image":"/waterice/slide-mango.jpg","kicker":"Tropical Limited Edition","title":"Escape with Tropical Mango","subtitle":"Ripe Alphonso mango blended into a smooth, icy treat. Sunshine in every spoonful."},{"image":"/waterice/slide-blue.jpg","kicker":"Fan Favorite","title":"Dive into Blue Raspberry","subtitle":"Tangy, sweet, and impossibly blue — our most-loved flavor for parties and pool days."}],"heroCtaLabel":"Explore More","heroCtaHref":"/shop/flavors","welcome":{"heading":"Welcome Motivated Entrepreneurs!","body":"Water Ice Express guides, educates, and supports individuals and businesses entering and expanding in the water ice industry which is emerging as a highly promising sector with minimal start-up costs in today's market. With our team of experts, we promise to provide you with the resources to change your life forever."},"feature":{"kicker":"Cool. Fast. Delicious.","heading":"Philly Water Ice, EXPRESS Delivery.","body":"From birthdays to block parties, Water Ice Express brings hand-crafted, real-fruit flavors right to your door. Join a membership or book us for your next event.","image":"/waterice/hero-water-ice-express-delivery.jpg","primaryCta":{"label":"Explore Services","href":"/services"},"secondaryCta":{"label":"Book an Event","href":"/events"}}}	t	1	2026-06-04 10:14:52.518	2026-06-04 10:15:03.779
254	Marketplace Order Confirmation	on	t	1004	2026-06-05 09:49:05.531	\N
255	Marketplace City Ready To Schedule	on	t	1004	2026-06-05 09:49:05.535	\N
256	Marketplace Delivery Scheduled	on	t	1004	2026-06-05 09:49:05.537	\N
257	Marketplace Delivery Reminder	on	t	1004	2026-06-05 09:49:05.539	\N
\.


--
-- Data for Name: st_contacts; Type: TABLE DATA; Schema: public; Owner: waterexpress_user
--

COPY public.st_contacts (id, name, email, subject, message, created_at) FROM stdin;
\.


--
-- Data for Name: st_custom_pages; Type: TABLE DATA; Schema: public; Owner: waterexpress_user
--

COPY public.st_custom_pages (id, title, slug, description, contents, enable_footer, created_at, updated_at) FROM stdin;
\.


--
-- Data for Name: st_faqs; Type: TABLE DATA; Schema: public; Owner: waterexpress_user
--

COPY public.st_faqs (id, title, answer, created_by, created_at, updated_at) FROM stdin;
1	How do I add or manage team members in Paper Flight?	Admins can invite employees, office staff, dispatchers, and managers directly from the Team Management section. Each user can be assigned custom permissions based on their role, allowing you to control access to scheduling, invoicing, customers, reporting, payroll, and operational tools.	\N	2026-05-16 20:53:22.426	\N
2	How do I add or manage team members in Paper Flight?	Admins can invite employees, office staff, dispatchers, and managers directly from the Team Management section. Each user can be assigned custom permissions based on their role, allowing you to control access to scheduling, invoicing, customers, reporting, payroll, and operational tools.	\N	2026-05-16 20:53:27.632	\N
3	How do I add or manage team members in Paper Flight?	Admins can invite employees, office staff, dispatchers, and managers directly from the Team Management section. Each user can be assigned custom permissions based on their role, allowing you to control access to scheduling, invoicing, customers, reporting, payroll, and operational tools.	\N	2026-05-16 20:54:04.392	\N
\.


--
-- Data for Name: st_kb_categories; Type: TABLE DATA; Schema: public; Owner: waterexpress_user
--

COPY public.st_kb_categories (id, name, created_at, updated_at) FROM stdin;
1	Getting Started Guide	2026-03-28 05:06:19.649	\N
2	Billing & Subscription Management	2026-03-28 05:06:19.743	\N
3	Feature Documentation	2026-03-28 05:06:19.802	\N
4	Troubleshooting & Bug Fixes	2026-03-28 05:06:19.861	\N
5	Account Setup & Configuration	2026-03-28 05:06:19.925	\N
6	Third-Party Integrations	2026-03-28 05:06:19.984	\N
7	Performance Optimization	2026-03-28 05:06:20.043	\N
8	Security Best Practices	2026-03-28 05:06:20.102	\N
9	User Training Resources	2026-03-28 05:06:20.161	\N
10	FAQ & Common Questions	2026-03-28 05:06:20.22	\N
\.


--
-- Data for Name: st_knowledge_bases; Type: TABLE DATA; Schema: public; Owner: waterexpress_user
--

COPY public.st_knowledge_bases (id, title, category_id, description, created_by, created_at, updated_at, organization_id) FROM stdin;
\.


--
-- Data for Name: st_quick_links; Type: TABLE DATA; Schema: public; Owner: waterexpress_user
--

COPY public.st_quick_links (id, title, icon, link, created_at, updated_at) FROM stdin;
\.


--
-- Data for Name: st_settings; Type: TABLE DATA; Schema: public; Owner: waterexpress_user
--

COPY public.st_settings (id, section, key, value, created_at, updated_at) FROM stdin;
\.


--
-- Data for Name: st_ticket_categories; Type: TABLE DATA; Schema: public; Owner: waterexpress_user
--

COPY public.st_ticket_categories (id, name, color, created_at, updated_at) FROM stdin;
1	General Inquiry	#6366F1	2026-03-28 05:06:18.994	\N
2	Technical Support	#3B82F6	2026-03-28 05:06:19.086	\N
3	Billing & Payment	#10B981	2026-03-28 05:06:19.145	\N
4	Feature Request	#F59E0B	2026-03-28 05:06:19.204	\N
5	Bug Report	#EF4444	2026-03-28 05:06:19.262	\N
6	Account Management	#0686D4	2026-03-28 05:06:19.321	\N
7	Integration Support	#84CC16	2026-03-28 05:06:19.38	\N
8	Performance Issues	#F97316	2026-03-28 05:06:19.438	\N
9	Security Concerns	#DC2626	2026-03-28 05:06:19.497	\N
10	Training & Education	#6366F1	2026-03-28 05:06:19.556	\N
\.


--
-- Data for Name: st_tickets; Type: TABLE DATA; Schema: public; Owner: waterexpress_user
--

COPY public.st_tickets (id, ticket_code, account_type, name, email, subject, category_id, status, description, attachments, created_by, created_at, updated_at, organization_id, website_id, storefront_customer_id, storefront_order_id, assigned_staff_user_id, lms_course_id, lms_lesson_id, lms_student_user_id) FROM stdin;
1	6697374088	custom	Tet	Testse@fmil.com	Test	\N	open		[]	\N	2026-04-20 15:02:54.089	\N	\N	\N	\N	\N	\N	\N	\N	\N
\.


--
-- Data for Name: storefront_block_instances; Type: TABLE DATA; Schema: public; Owner: waterexpress_user
--

COPY public.storefront_block_instances (id, section_instance_id, theme_block_definition_id, sort_order, status, data, created_at, updated_at) FROM stdin;
\.


--
-- Data for Name: storefront_blog_comments; Type: TABLE DATA; Schema: public; Owner: waterexpress_user
--

COPY public.storefront_blog_comments (id, blog_post_id, author_name, body, status, created_at) FROM stdin;
1	3	Test	Test	pending	2026-05-11 12:31:55.868
\.


--
-- Data for Name: storefront_blog_posts; Type: TABLE DATA; Schema: public; Owner: waterexpress_user
--

COPY public.storefront_blog_posts (id, organization_id, website_id, slug, title, excerpt, body_html, featured_image_url, category, status, published_at, seo_title, seo_description, sort_order, is_featured_home, created_by_id, updated_by_id, created_at, updated_at) FROM stdin;
2	1000	1	sour-apple	Sour Apple	Sour Apple	<p>Sour Apple</p>	https://res.cloudinary.com/dpe1qqrig/image/upload/v1778146460/media/storefront-blog/1000/yu713akjjgkgtlfeeajk.png	Sour Apple	published	2026-05-07 09:07:57.313	\N	\N	0	t	1000	1000	2026-05-07 09:07:54.123	2026-05-07 09:34:25.748
4	1000	1	blueberry	BlueBerry	BlueBerry	<p>BlueBerry</p>	https://res.cloudinary.com/dpe1qqrig/image/upload/v1778146499/media/storefront-blog/1000/f9vdnanfqrqiaurbewow.png	\N	published	2026-05-07 09:35:14.346	\N	\N	0	f	1000	1000	2026-05-07 09:35:10.865	2026-05-07 09:35:14.348
3	1000	1	pine-apple	Pine Apple	Pine Apple	<p>Pine Apple</p>	https://res.cloudinary.com/dpe1qqrig/image/upload/v1778146544/media/storefront-blog/1000/xs4ed18iqe0kkcvnienu.png	\N	published	2026-05-07 09:08:27.272	\N	\N	0	f	1000	1000	2026-05-07 09:08:23.3	2026-05-07 09:35:47.642
\.


--
-- Data for Name: storefront_cart_lines; Type: TABLE DATA; Schema: public; Owner: waterexpress_user
--

COPY public.storefront_cart_lines (id, cart_id, product_id, variant_key, quantity, unit_price) FROM stdin;
6	237e796b-922a-4b51-ac09-e13b7277219f	1		1	20.0000
1	0989cd40-7295-4449-8d50-3878285a34c7	1		7	20.0000
5	0989cd40-7295-4449-8d50-3878285a34c7	4		5	15.0000
7	0989cd40-7295-4449-8d50-3878285a34c7	3		1	0.0000
8	c103752f-de5b-4098-9b70-f3ab114d77b7	4		1	15.0000
9	a6d1ffb8-2b4e-4401-b8d1-bcaddf0d372f	1		1	20.0000
10	609dd7b4-2321-4d84-bbbd-368f88e7f4fc	1		1	20.0000
11	609dd7b4-2321-4d84-bbbd-368f88e7f4fc	5		1	15.0000
12	609dd7b4-2321-4d84-bbbd-368f88e7f4fc	2		1	0.0000
13	609dd7b4-2321-4d84-bbbd-368f88e7f4fc	4		1	15.0000
14	d600a323-80bf-4dd3-bb28-61a044293aac	3		1	0.0000
15	d600a323-80bf-4dd3-bb28-61a044293aac	4		1	15.0000
16	d600a323-80bf-4dd3-bb28-61a044293aac	1		1	20.0000
17	bd16308e-f27d-4003-a412-b1877b811e67	1		1	20.0000
18	bd16308e-f27d-4003-a412-b1877b811e67	4		1	15.0000
19	bd16308e-f27d-4003-a412-b1877b811e67	3		1	0.0000
\.


--
-- Data for Name: storefront_carts; Type: TABLE DATA; Schema: public; Owner: waterexpress_user
--

COPY public.storefront_carts (id, organization_id, website_id, guest_token, customer_id, created_at, updated_at) FROM stdin;
0989cd40-7295-4449-8d50-3878285a34c7	1000	1	\N	\N	2026-05-11 09:03:38.605	2026-05-11 09:03:38.605
237e796b-922a-4b51-ac09-e13b7277219f	1000	1	\N	\N	2026-05-11 15:44:15.549	2026-05-11 15:44:15.549
1295e678-6385-4dbe-8870-9d11ba07c0fa	1000	1	\N	\N	2026-05-11 17:30:15.611	2026-05-11 17:30:15.611
e24f83e7-b79d-453b-8aa0-0325cab598c1	1000	1	\N	\N	2026-05-12 08:24:11.546	2026-05-12 08:24:11.546
609dd7b4-2321-4d84-bbbd-368f88e7f4fc	1000	1	\N	\N	2026-05-26 13:33:18.131	2026-05-26 13:33:18.131
c103752f-de5b-4098-9b70-f3ab114d77b7	1000	1	\N	\N	2026-05-26 13:34:10.083	2026-05-26 13:34:10.083
f77344af-11f1-4bca-8ca4-fb6bb4e861ce	1000	1	\N	\N	2026-05-26 13:53:26.225	2026-05-26 13:53:26.225
c831f2ba-fc98-4f47-b83b-ea153617ec0e	1000	1	\N	\N	2026-05-26 13:53:55.416	2026-05-26 13:53:55.416
bf8b6236-5fc6-4594-8cb0-96309088fa93	1000	1	\N	\N	2026-05-26 13:54:10.677	2026-05-26 13:54:10.677
a6d1ffb8-2b4e-4401-b8d1-bcaddf0d372f	1000	1	\N	\N	2026-05-26 13:55:32.191	2026-05-26 13:55:32.191
fe3cfccc-4e09-486d-ab03-b9d41aae8f37	1000	1	\N	\N	2026-05-26 14:10:58.478	2026-05-26 14:10:58.478
2ad2493c-f983-457f-86df-547af47d27f0	1000	1	\N	\N	2026-05-26 14:11:14.291	2026-05-26 14:11:14.291
c6477006-affc-4773-bee1-f2987737befb	1000	1	\N	\N	2026-05-26 14:11:21.091	2026-05-26 14:11:21.091
6384e8f6-d030-4f94-a962-a17a48c4786b	1000	1	\N	\N	2026-05-26 14:11:29.614	2026-05-26 14:11:29.614
d126f146-2d5d-485c-ba37-44377ab5541b	1000	1	\N	\N	2026-05-26 14:42:12.883	2026-05-26 14:42:12.883
e65b5e19-1b0c-48b8-b582-93e39dcd2d0a	1000	1	\N	\N	2026-05-26 14:42:27.053	2026-05-26 14:42:27.053
59b594e2-3d84-4439-ade9-1b145c9897d3	1000	1	\N	\N	2026-05-26 14:42:33.588	2026-05-26 14:42:33.588
5449caca-ca10-4e13-a2cb-15df84c6108c	1000	1	\N	\N	2026-05-26 14:42:42.936	2026-05-26 14:42:42.936
d600a323-80bf-4dd3-bb28-61a044293aac	1000	1	\N	\N	2026-05-27 01:04:56.851	2026-05-27 01:04:56.851
c7b995ea-e8d7-4748-bfb7-94ae421589c4	1000	1	\N	\N	2026-05-27 03:37:42.581	2026-05-27 03:37:42.581
2b6b2498-7435-41e2-8f65-86ac4ca0b2ac	1000	1	\N	\N	2026-05-27 03:38:34.705	2026-05-27 03:38:34.705
6ca0b6a8-b9fb-4887-973a-7807e5798488	1000	1	\N	\N	2026-05-27 03:38:35.118	2026-05-27 03:38:35.118
5d68ff12-d6ec-42ea-9d00-8792553173af	1000	1	\N	\N	2026-05-27 06:02:12.283	2026-05-27 06:02:12.283
a3abb69a-8ada-4c2e-9f26-eb960efd5821	1000	1	\N	\N	2026-05-27 08:03:18.671	2026-05-27 08:03:18.671
73c39cf2-ae56-48b7-a45a-68aad44cd140	1000	1	\N	\N	2026-05-27 10:05:51.526	2026-05-27 10:05:51.526
ada0e55c-4d4d-416c-b487-cb79acdaf056	1000	1	\N	\N	2026-05-27 12:26:51.084	2026-05-27 12:26:51.084
96418a77-8d26-42a0-98c0-e788d7f965e3	1000	1	\N	\N	2026-05-27 12:27:07.112	2026-05-27 12:27:07.112
c06280af-65bb-4d8f-953d-fba24d33f873	1000	1	\N	\N	2026-05-27 12:27:14.699	2026-05-27 12:27:14.699
545b2fe0-6121-4855-962d-b2ea6f0350ea	1000	1	\N	\N	2026-05-27 12:27:24.376	2026-05-27 12:27:24.376
bf8da497-8a3f-44d8-90f8-d5035e8bb059	1000	1	\N	\N	2026-05-27 12:29:27.07	2026-05-27 12:29:27.07
a2dc8cd2-fae3-4a10-9e1d-477e290a2bcd	1000	1	\N	\N	2026-05-27 12:29:41.42	2026-05-27 12:29:41.42
bc93be85-eb34-4b80-aba0-940b988efbe4	1000	1	\N	\N	2026-05-27 12:29:49.169	2026-05-27 12:29:49.169
d0e344db-23d0-4bdd-a9ad-545d157d8c08	1000	1	\N	\N	2026-05-27 12:29:58.984	2026-05-27 12:29:58.984
d2864839-c6b0-47d1-8b57-cc2ff45ffadd	1000	1	\N	\N	2026-05-27 14:31:25.029	2026-05-27 14:31:25.029
981e035a-b6af-4a75-a35a-5273175752e2	1000	1	\N	\N	2026-05-27 17:06:22.893	2026-05-27 17:06:22.893
60d12a41-4453-454d-932c-97a820801188	1000	1	\N	\N	2026-05-28 00:32:10.101	2026-05-28 00:32:10.101
402bc280-1dd5-40bb-8284-b0a50b363365	1000	1	\N	\N	2026-05-28 00:32:21.502	2026-05-28 00:32:21.502
8b639b40-ae60-4851-8e42-65a12277d5dd	1000	1	\N	\N	2026-05-28 00:33:10.091	2026-05-28 00:33:10.091
5ca8fcc7-a136-4465-987d-132244cfaa69	1000	1	\N	\N	2026-05-28 00:33:21.497	2026-05-28 00:33:21.497
1aabe66c-5e5e-428e-a331-9f97e7e1a805	1000	1	\N	\N	2026-05-28 00:34:10.784	2026-05-28 00:34:10.784
9d75708b-fb29-4596-b68c-c67a8097807b	1000	1	\N	\N	2026-05-28 00:34:34.501	2026-05-28 00:34:34.501
33c0176b-342f-4704-8873-4759a1def80a	1000	1	\N	\N	2026-05-28 11:54:43.072	2026-05-28 11:54:43.072
907bd271-5427-40a5-b1c1-6fbfbe88e4c7	1000	1	\N	\N	2026-05-28 12:29:00.708	2026-05-28 12:29:00.708
15204d18-d267-4dfb-83dc-d79d32879d01	1000	1	\N	\N	2026-05-28 14:42:47.094	2026-05-28 14:42:47.094
0b4d3de2-8c8f-4027-b036-df92c01ee519	1000	1	\N	\N	2026-05-28 22:59:11.037	2026-05-28 22:59:11.037
9df5ab5c-fa47-4ba7-81dd-b1f8fbc9f60f	1000	1	\N	\N	2026-06-03 01:01:21.483	2026-06-03 01:01:21.483
05b11c50-eea1-4018-8337-6ee1b5dfd938	1000	1	\N	\N	2026-06-03 02:49:13.791	2026-06-03 02:49:13.791
60d818ea-2990-4354-bd20-4816c1500ed0	1000	1	\N	\N	2026-06-03 03:29:41.636	2026-06-03 03:29:41.636
76fc8942-219c-42fd-bb33-dbae4a182fbb	1000	1	\N	\N	2026-06-03 04:16:22.952	2026-06-03 04:16:22.952
76c30452-8576-49e9-81a7-41b5fc034b91	1000	1	\N	\N	2026-06-03 07:29:11.249	2026-06-03 07:29:11.249
23889bd6-6aac-4d67-9f7d-b13fd6314935	1000	1	\N	\N	2026-06-03 07:29:19.72	2026-06-03 07:29:19.72
e498585b-b026-49a0-b0d4-26daeefdd770	1000	1	\N	\N	2026-06-03 07:29:27.232	2026-06-03 07:29:27.232
296e9177-edb3-46da-a179-8110ab232a06	1000	1	\N	\N	2026-06-03 07:29:34.086	2026-06-03 07:29:34.086
83ab629f-608d-4d3b-871d-0addcdc97792	1000	1	\N	\N	2026-06-03 07:31:34.586	2026-06-03 07:31:34.586
beefd46e-2bfe-443f-848a-0b6737fbde24	1000	1	\N	\N	2026-06-03 12:34:44.169	2026-06-03 12:34:44.169
ee8a452d-b3f3-4d4a-832e-d86320be1c9e	1000	1	\N	\N	2026-06-03 12:37:28.319	2026-06-03 12:37:28.319
bd16308e-f27d-4003-a412-b1877b811e67	1000	1	\N	\N	2026-06-03 13:12:39.325	2026-06-03 13:12:39.325
f688aa40-20db-4c28-97cf-2c66de245075	1000	1	\N	\N	2026-06-03 13:38:06.385	2026-06-03 13:38:06.385
85ca7b6f-7451-4c49-a9eb-c25a8bcc2eae	1000	1	\N	\N	2026-06-03 15:49:04.077	2026-06-03 15:49:04.077
21ec0d75-47ff-4701-a213-e57adac8a164	1000	1	\N	\N	2026-06-03 21:33:30.667	2026-06-03 21:33:30.667
74a7091c-24bd-438b-9bc4-a7b8785f4ada	1000	1	\N	\N	2026-06-04 02:05:09.876	2026-06-04 02:05:09.876
87c73e1e-bf45-4cc3-b453-5e6c9b72f579	1000	1	\N	\N	2026-06-04 02:18:51.357	2026-06-04 02:18:51.357
d3f1f126-bb00-41f7-b533-4c6f471e2eb3	1000	1	\N	\N	2026-06-04 03:15:19.397	2026-06-04 03:15:19.397
ad455019-e467-4428-8d55-40e49de0e37c	1000	1	\N	\N	2026-06-04 05:32:36.889	2026-06-04 05:32:36.889
f7b4bb09-8cc1-40a9-a959-6e2f1ad69517	1000	1	\N	\N	2026-06-04 08:29:08.689	2026-06-04 08:29:08.689
c0825f19-8d7c-4449-9906-2b501996166b	1000	1	\N	\N	2026-06-04 08:53:00.408	2026-06-04 08:53:00.408
dd5ac4ff-2911-40fb-a6da-ccfb41e2f818	1000	1	\N	\N	2026-06-04 09:09:46.259	2026-06-04 09:09:46.259
2ce64a76-c382-4a5e-ad90-b31c47d926a8	1000	1	\N	\N	2026-06-04 09:36:37.56	2026-06-04 09:36:37.56
2f732362-96b9-48a5-99a3-75e1090ecb58	1000	1	\N	\N	2026-06-04 09:59:31.097	2026-06-04 09:59:31.097
76f41ce3-ce87-4de9-9156-1705f0678822	1000	1	\N	\N	2026-06-04 10:17:31.707	2026-06-04 10:17:31.707
eb4d4428-fcf2-40b1-9c57-38c36fea021e	1000	1	\N	\N	2026-06-04 10:38:28.013	2026-06-04 10:38:28.013
891d2441-4369-4a27-9c2b-ba1882c35d2b	1000	1	\N	\N	2026-06-04 11:16:10.716	2026-06-04 11:16:10.716
92d52e46-3c25-4f3a-b019-3950de852af7	1000	1	\N	\N	2026-06-04 12:10:14.044	2026-06-04 12:10:14.044
f16d08aa-7622-479d-8169-ad861f5d10b1	1000	1	\N	\N	2026-06-04 13:48:03.19	2026-06-04 13:48:03.19
4362d554-f09c-4050-b7e8-8d1787ec3c6a	1000	1	\N	\N	2026-06-04 15:08:12.889	2026-06-04 15:08:12.889
ee5dde78-1c2b-4813-a6a1-56a21dd7915e	1000	1	\N	\N	2026-06-04 15:23:42.713	2026-06-04 15:23:42.713
60a6cb18-5197-4cb5-a6ff-5e5b5fcf8de4	1000	1	\N	\N	2026-06-04 16:18:32.719	2026-06-04 16:18:32.719
8b3b3fa1-910d-47f5-9772-82c412701efa	1000	1	\N	\N	2026-06-04 16:56:14.265	2026-06-04 16:56:14.265
ddb3e006-f009-4e8a-8943-4e7f5a3e29a4	1000	1	\N	\N	2026-06-04 17:22:44.053	2026-06-04 17:22:44.053
bcb64228-4e71-4e3b-83f8-2d930e202851	1000	1	\N	\N	2026-06-05 08:50:46.373	2026-06-05 08:50:46.373
e0805e73-2d34-4551-950d-b695dc82d2f6	1000	1	\N	\N	2026-06-05 12:28:07.934	2026-06-05 12:28:07.934
2aaaeed9-debc-4baf-ab39-4abbb9af8518	1000	1	\N	\N	2026-06-05 17:40:39.514	2026-06-05 17:40:39.514
e321366a-0154-4ffc-86cb-243ef046b1ea	1000	1	\N	\N	2026-06-05 19:30:39.441	2026-06-05 19:30:39.441
736392aa-5350-4da6-87cd-c595fe6d1df8	1000	1	\N	\N	2026-06-06 02:27:28.908	2026-06-06 02:27:28.908
0f4a51cf-d592-4d59-acdb-05b8fbe25831	1000	1	\N	\N	2026-06-06 12:09:05.428	2026-06-06 12:09:05.428
bf3cc696-7c9b-44ff-860e-ac94be69c396	1000	1	\N	\N	2026-06-06 12:43:01.884	2026-06-06 12:43:01.884
1f4e5933-88e8-4984-899e-29728e286dbd	1000	1	\N	\N	2026-06-06 14:50:10.345	2026-06-06 14:50:10.345
c3d12df0-429c-4fd9-b914-4e62d9a53b3f	1000	1	\N	\N	2026-06-06 19:43:44.38	2026-06-06 19:43:44.38
c450ff15-67ca-4cb5-97cd-fe81d6fc0941	1000	1	\N	\N	2026-06-07 06:34:22.458	2026-06-07 06:34:22.458
430af49c-d583-4708-9838-b0aa92f40608	1000	1	\N	\N	2026-06-07 14:01:48.954	2026-06-07 14:01:48.954
fa752dfb-f17c-417c-bdbf-00b905ff8289	1000	1	\N	\N	2026-06-07 15:10:26.792	2026-06-07 15:10:26.792
0c2e27b4-6eec-4eca-8ea0-d5c34d4eec66	1000	1	\N	\N	2026-06-07 19:04:37.985	2026-06-07 19:04:37.985
bfd8a1ab-5dfc-49c4-864e-098c8b0b2635	1000	1	\N	\N	2026-06-07 20:00:27.036	2026-06-07 20:00:27.036
d5f7df9a-d9a9-4f5d-959c-463bde088387	1000	1	\N	\N	2026-06-08 02:25:47.119	2026-06-08 02:25:47.119
\.


--
-- Data for Name: storefront_checkout_sessions; Type: TABLE DATA; Schema: public; Owner: waterexpress_user
--

COPY public.storefront_checkout_sessions (id, organization_id, website_id, cart_id, status, expires_at, shipping_method_key, shipping_amount, tax_amount, discount_amount, stripe_payment_intent_id, metadata, discount_code_id) FROM stdin;
66318d96-b57b-481d-b97e-7c71e3cc5c1c	1000	1	c103752f-de5b-4098-9b70-f3ab114d77b7	locked	2026-05-26 13:55:03.598	standard	5.0000	0.0000	0.0000	\N	\N	\N
\.


--
-- Data for Name: storefront_collection_products; Type: TABLE DATA; Schema: public; Owner: waterexpress_user
--

COPY public.storefront_collection_products (id, collection_id, product_id, sort_order) FROM stdin;
30	1	2	0
31	2	2	1
32	3	2	2
33	2	5	0
34	1	3	0
35	2	3	1
36	3	3	2
38	2	1	0
41	2	4	0
42	4	4	1
43	5	6	0
44	5	7	1
45	6	8	2
46	5	9	3
47	7	10	4
48	8	11	5
49	6	12	6
50	5	13	7
51	7	14	8
52	7	15	9
53	5	16	10
54	8	17	11
55	5	18	12
56	9	19	13
57	8	20	14
58	6	21	15
59	9	22	16
60	5	23	17
61	9	24	18
62	9	25	19
63	6	26	20
64	8	27	21
65	7	28	22
66	7	29	23
67	5	30	24
68	5	31	25
69	8	32	26
70	9	33	27
71	5	34	28
72	10	35	0
73	11	36	1
74	11	37	2
75	12	38	3
76	13	39	4
77	10	40	5
\.


--
-- Data for Name: storefront_collections; Type: TABLE DATA; Schema: public; Owner: waterexpress_user
--

COPY public.storefront_collections (id, organization_id, website_id, slug, title, description, seo_title, seo_description, published, sort_order, created_at, updated_at) FROM stdin;
1	1000	1	blue-berry	Blue Berry	\N	\N	\N	t	0	2026-05-07 08:04:14.701	2026-05-07 08:04:47.297
3	1000	1	mango	Mango	\N	\N	\N	t	0	2026-05-07 08:04:43.051	2026-05-07 08:04:49.21
2	1000	1	fruits	Fruits	\N	\N	\N	t	0	2026-05-07 08:04:32.949	2026-05-07 08:04:51.151
4	1000	1	fresh-fruites-ice-cream	Fresh Fruites Ice Cream	\N	\N	\N	t	0	2026-05-11 10:15:51.6	2026-05-11 10:16:39.868
5	1054	3	fruit	Fruit	Fruit water ice flavors.	\N	\N	t	0	2026-06-03 15:34:09.733	2026-06-03 15:38:32.415
6	1054	3	cream-based	Cream-Based	Cream-Based water ice flavors.	\N	\N	t	1	2026-06-03 15:34:09.74	2026-06-03 15:38:32.425
7	1054	3	candy	Candy	Candy water ice flavors.	\N	\N	t	2	2026-06-03 15:34:09.743	2026-06-03 15:38:32.431
8	1054	3	classic	Classic	Classic water ice flavors.	\N	\N	t	3	2026-06-03 15:34:09.747	2026-06-03 15:38:32.437
9	1054	3	tropical	Tropical	Tropical water ice flavors.	\N	\N	t	4	2026-06-03 15:34:09.75	2026-06-03 15:38:32.442
10	1054	3	starter-guides	Starter Guides	Starter Guides water ice eBooks.	\N	\N	t	0	2026-06-04 08:39:53.141	2026-06-04 08:39:53.141
11	1054	3	business-growth	Business Growth	Business Growth water ice eBooks.	\N	\N	t	1	2026-06-04 08:39:53.147	2026-06-04 08:39:53.147
12	1054	3	marketing	Marketing	Marketing water ice eBooks.	\N	\N	t	2	2026-06-04 08:39:53.156	2026-06-04 08:39:53.156
13	1054	3	operations	Operations	Operations water ice eBooks.	\N	\N	t	3	2026-06-04 08:39:53.16	2026-06-04 08:39:53.16
\.


--
-- Data for Name: storefront_customer_sessions; Type: TABLE DATA; Schema: public; Owner: waterexpress_user
--

COPY public.storefront_customer_sessions (id, customer_id, token_hash, expires_at, user_agent, ip_address, created_at) FROM stdin;
\.


--
-- Data for Name: storefront_customers; Type: TABLE DATA; Schema: public; Owner: waterexpress_user
--

COPY public.storefront_customers (id, organization_id, website_id, email, password, name, phone, status, email_verified_at, linked_user_id, accounting_customer_id, reset_token_hash, reset_token_expires, created_at, updated_at) FROM stdin;
\.


--
-- Data for Name: storefront_discount_codes; Type: TABLE DATA; Schema: public; Owner: waterexpress_user
--

COPY public.storefront_discount_codes (id, organization_id, rule_id, code, uses_count, created_at) FROM stdin;
\.


--
-- Data for Name: storefront_discount_redemptions; Type: TABLE DATA; Schema: public; Owner: waterexpress_user
--

COPY public.storefront_discount_redemptions (id, order_id, code_id, amount, created_at) FROM stdin;
\.


--
-- Data for Name: storefront_discount_rules; Type: TABLE DATA; Schema: public; Owner: waterexpress_user
--

COPY public.storefront_discount_rules (id, organization_id, website_id, name, scope, kind, value, starts_at, ends_at, max_uses, per_customer_limit, product_ids, is_active, created_at, updated_at) FROM stdin;
\.


--
-- Data for Name: storefront_domains; Type: TABLE DATA; Schema: public; Owner: waterexpress_user
--

COPY public.storefront_domains (id, organization_id, website_id, hostname, status, is_primary, verified_at, metadata, created_by_id, updated_by_id, created_at, updated_at) FROM stdin;
4	1000	1	nextjs.paperflight.cc	pending	f	\N	\N	1000	1000	2026-04-30 08:39:18.39	\N
5	1000	1	phillywaterice.com	active	t	\N	\N	1000	1000	2026-05-21 08:21:52.954	\N
6	1000	1	www.phillywaterice.com	active	f	\N	\N	\N	\N	2026-05-26 12:17:36.909	\N
\.


--
-- Data for Name: storefront_event_logs; Type: TABLE DATA; Schema: public; Owner: waterexpress_user
--

COPY public.storefront_event_logs (id, organization_id, website_id, event_type, severity, actor_user_id, resource_type, resource_id, message, metadata, status, created_by_id, created_at, updated_at) FROM stdin;
1	1000	\N	storefront.theme.create	info	1000	theme	4	Theme created from template: Material (Shopify) — RT v1.5.2	{"slug": "rt-material-shopify-1", "templateId": "3", "themeVersionId": "1"}	recorded	\N	2026-04-23 10:33:34.459	\N
2	1000	1	storefront.website.create	info	1000	website	1	Website created: paperflight	{"name": "paperflight", "slug": "store"}	recorded	\N	2026-04-23 13:35:20.073	\N
3	1000	1	storefront.domain.attach	info	1000	domain	1	Domain attached: store.paperflight.cc	{"hostname": "store.paperflight.cc", "isPrimary": false}	recorded	\N	2026-04-23 13:35:51.984	\N
4	1000	1	storefront.theme.create	info	1000	theme	5	Theme created from template: Material (Shopify) — RT v1.5.2	{"slug": "rt-material-shopify-2", "templateId": "3", "themeVersionId": "2"}	recorded	\N	2026-04-23 13:36:07.769	\N
5	1000	1	storefront.theme.activate	info	1000	theme_version	2	Theme activated: Material (Shopify) — RT v1.5.2 v1	{"themeId": "5", "themeVersionId": "2"}	recorded	\N	2026-04-23 13:51:03.209	\N
6	1000	1	storefront.domain.attach	info	1000	domain	2	Domain attached: nextjs.paperflight.cc	{"hostname": "nextjs.paperflight.cc", "isPrimary": false}	recorded	\N	2026-04-23 14:56:14.236	\N
7	1000	1	storefront.domain.remove	info	1000	domain	1	Domain removed: store.paperflight.cc	{"hostname": "store.paperflight.cc"}	recorded	\N	2026-04-23 14:56:20.391	\N
8	1000	1	storefront.domain.attach	info	1000	domain	3	Domain attached: localhost	{"hostname": "localhost", "isPrimary": false}	recorded	\N	2026-04-25 05:51:17.594	\N
9	1000	1	storefront.theme.activate	info	1000	theme_version	2	Theme activated: Material (Shopify) — RT v1.5.2 v1	{"themeId": "5", "themeVersionId": "2"}	recorded	\N	2026-04-28 07:59:44.098	\N
10	1000	1	storefront.theme.create	info	1000	theme	6	Theme created from template: Concept — Tech (HTML export)	{"slug": "concept-tech-html", "templateId": "4", "themeVersionId": "3"}	recorded	\N	2026-04-30 08:32:24.372	\N
11	1000	1	storefront.theme.activate	info	1000	theme_version	3	Theme activated: Concept — Tech (HTML export) v1	{"themeId": "6", "themeVersionId": "3"}	recorded	\N	2026-04-30 08:32:27.432	\N
12	1000	1	storefront.theme.activate	info	1000	theme_version	3	Theme activated: Concept — Tech (HTML export) v1	{"themeId": "6", "themeVersionId": "3"}	recorded	\N	2026-04-30 08:32:54.657	\N
13	1000	1	storefront.domain.remove	info	1000	domain	3	Domain removed: localhost	{"hostname": "localhost"}	recorded	\N	2026-04-30 08:34:12.983	\N
14	1000	1	storefront.theme.activate	info	1000	theme_version	3	Theme activated: Concept — Tech (HTML export) v1	{"themeId": "6", "themeVersionId": "3"}	recorded	\N	2026-04-30 08:34:50.662	\N
15	1000	1	storefront.domain.remove	info	1000	domain	2	Domain removed: nextjs.paperflight.cc	{"hostname": "nextjs.paperflight.cc"}	recorded	\N	2026-04-30 08:39:08.924	\N
16	1000	1	storefront.domain.attach	info	1000	domain	4	Domain attached: nextjs.paperflight.cc	{"hostname": "nextjs.paperflight.cc", "isPrimary": false}	recorded	\N	2026-04-30 08:39:18.396	\N
17	1000	1	storefront.theme.activate	info	1000	theme_version	2	Theme activated: Material (Shopify) — RT v1.5.2 v1	{"themeId": "5", "themeVersionId": "2"}	recorded	\N	2026-04-30 08:39:30.144	\N
18	1000	1	storefront.theme.activate	info	1000	theme_version	3	Theme activated: Concept — Tech (HTML export) v1	{"themeId": "6", "themeVersionId": "3"}	recorded	\N	2026-04-30 08:39:48.342	\N
19	1000	1	storefront.theme.activate	info	1000	theme_version	2	Theme activated: Material (Shopify) — RT v1.5.2 v1	{"themeId": "5", "themeVersionId": "2"}	recorded	\N	2026-05-01 17:12:15.207	\N
20	1000	1	storefront.theme.activate	info	1000	theme_version	3	Theme activated: Concept — Tech (HTML export) v1	{"themeId": "6", "themeVersionId": "3"}	recorded	\N	2026-05-01 17:13:34.804	\N
21	1000	1	storefront.theme.create	info	1000	theme	7	Theme created from template: Concept — Tech (HTML export)	{"slug": "concept-tech-html-1", "templateId": "4", "themeVersionId": "4"}	recorded	\N	2026-05-01 17:13:37.146	\N
22	1000	1	storefront.theme.activate	info	1000	theme_version	4	Theme activated: Concept — Tech (HTML export) v1	{"themeId": "7", "themeVersionId": "4"}	recorded	\N	2026-05-01 17:13:43.636	\N
23	1000	1	storefront.theme.delete	info	1000	theme	7	Theme deleted: Concept — Tech (HTML export)	{"themeId": "7", "versionCount": 1, "clearedWebsiteIds": ["1"]}	recorded	\N	2026-05-05 06:50:42.537	\N
24	1000	\N	storefront.theme.delete	info	1000	theme	6	Theme deleted: Concept — Tech (HTML export)	{"themeId": "6", "versionCount": 1, "clearedWebsiteIds": []}	recorded	\N	2026-05-05 06:50:47.08	\N
25	1000	1	storefront.theme.create	info	1000	theme	8	Theme created from template: Concept — Tech (HTML export)	{"slug": "concept-tech-html", "templateId": "4", "themeVersionId": "5"}	recorded	\N	2026-05-05 06:51:24.109	\N
26	1000	1	storefront.theme.activate	info	1000	theme_version	5	Theme activated: Concept — Tech (HTML export) v1	{"themeId": "8", "themeVersionId": "5"}	recorded	\N	2026-05-05 06:51:27.993	\N
27	1000	1	storefront.theme.activate	info	1000	theme_version	5	Theme activated: Concept — Tech (HTML export) v1	{"themeId": "8", "themeVersionId": "5"}	recorded	\N	2026-05-05 06:51:34.249	\N
28	1000	\N	storefront.theme.update	info	1000	theme_version	5	Theme style tokens updated: Concept — Tech (HTML export) v1	{"themeId": "8", "tokenCount": 131}	recorded	\N	2026-05-06 10:54:13.029	\N
29	1000	\N	storefront.settings.update	info	1000	merchant_settings	1000	Storefront site identity updated from theme customizer	{"keys": ["sf_store_name", "sf_site_tagline", "sf_display_site_title_tagline", "sf_logo_url", "sf_favicon_url"], "source": "theme_customizer"}	recorded	\N	2026-05-06 10:54:55.702	\N
30	1000	\N	storefront.theme.update	info	1000	theme_version	5	Theme content overrides updated: Concept — Tech (HTML export) v1	{"themeId": "8", "textRowCount": 0, "imageRowCount": 0}	recorded	\N	2026-05-06 11:08:51.445	\N
31	1000	\N	storefront.theme.update	info	1000	theme_version	5	Theme content overrides updated: Concept — Tech (HTML export) v1	{"themeId": "8", "textRowCount": 0, "imageRowCount": 0}	recorded	\N	2026-05-06 11:10:41.96	\N
32	1000	\N	storefront.theme.update	info	1000	theme_version	5	Theme content overrides updated: Concept — Tech (HTML export) v1	{"themeId": "8", "textRowCount": 0, "imageRowCount": 0}	recorded	\N	2026-05-06 11:11:17.596	\N
33	1000	\N	storefront.theme.update	info	1000	theme_version	5	Theme content overrides updated: Concept — Tech (HTML export) v1	{"themeId": "8", "textRowCount": 0, "imageRowCount": 0}	recorded	\N	2026-05-06 14:03:32.806	\N
34	1000	\N	storefront.theme.update	info	1000	theme_version	5	Theme content overrides updated: Concept — Tech (HTML export) v1	{"themeId": "8", "textRowCount": 0, "imageRowCount": 0}	recorded	\N	2026-05-07 05:57:58.621	\N
35	1000	\N	storefront.theme.update	info	1000	theme_version	5	Theme content overrides updated: Concept — Tech (HTML export) v1	{"themeId": "8", "textRowCount": 0, "imageRowCount": 0}	recorded	\N	2026-05-07 06:54:42.647	\N
36	1000	\N	storefront.theme.update	info	1000	theme_version	5	Theme content overrides updated: Concept — Tech (HTML export) v1	{"themeId": "8", "textRowCount": 0, "imageRowCount": 0}	recorded	\N	2026-05-07 06:55:17.299	\N
37	1000	1	storefront.blog_post.create	info	1000	storefront_blog_post	1	Blog post created: tetest	{"slug": "tetest"}	recorded	\N	2026-05-07 09:03:54.275	\N
38	1000	1	storefront.blog_post.publish	info	1000	storefront_blog_post	1	Blog post updated: tetest	\N	recorded	\N	2026-05-07 09:03:59.231	\N
39	1000	1	storefront.blog_post.create	info	1000	storefront_blog_post	2	Blog post created: Sour Apple	{"slug": "sour-apple"}	recorded	\N	2026-05-07 09:07:54.128	\N
40	1000	1	storefront.blog_post.publish	info	1000	storefront_blog_post	2	Blog post updated: Sour Apple	\N	recorded	\N	2026-05-07 09:07:57.321	\N
41	1000	1	storefront.blog_post.create	info	1000	storefront_blog_post	3	Blog post created: Pine Apple	{"slug": "pine-apple"}	recorded	\N	2026-05-07 09:08:23.303	\N
42	1000	1	storefront.blog_post.publish	info	1000	storefront_blog_post	3	Blog post updated: Pine Apple	\N	recorded	\N	2026-05-07 09:08:27.277	\N
43	1000	1	storefront.blog_post.delete	info	1000	storefront_blog_post	1	Blog post deleted: tetest	\N	recorded	\N	2026-05-07 09:08:30.495	\N
44	1000	\N	storefront.theme.update	info	1000	theme_version	5	Theme content overrides updated: Concept — Tech (HTML export) v1	{"themeId": "8", "textRowCount": 0, "imageRowCount": 0}	recorded	\N	2026-05-07 09:22:43.066	\N
45	1000	\N	storefront.theme.update	info	1000	theme_version	5	Theme content overrides updated: Concept — Tech (HTML export) v1	{"themeId": "8", "textRowCount": 0, "imageRowCount": 0}	recorded	\N	2026-05-07 09:24:22.516	\N
46	1000	\N	storefront.theme.update	info	1000	theme_version	5	Theme content overrides updated: Concept — Tech (HTML export) v1	{"themeId": "8", "textRowCount": 0, "imageRowCount": 0}	recorded	\N	2026-05-07 09:27:33.052	\N
47	1000	\N	storefront.theme.update	info	1000	theme_version	5	Theme content overrides updated: Concept — Tech (HTML export) v1	{"themeId": "8", "textRowCount": 0, "imageRowCount": 0}	recorded	\N	2026-05-07 09:27:59.3	\N
48	1000	\N	storefront.theme.update	info	1000	theme_version	5	Theme content overrides updated: Concept — Tech (HTML export) v1	{"themeId": "8", "textRowCount": 0, "imageRowCount": 0}	recorded	\N	2026-05-07 09:30:17.443	\N
49	1000	\N	storefront.theme.update	info	1000	theme_version	5	Theme content overrides updated: Concept — Tech (HTML export) v1	{"themeId": "8", "textRowCount": 0, "imageRowCount": 0}	recorded	\N	2026-05-07 09:30:53.559	\N
50	1000	1	storefront.blog_post.update	info	1000	storefront_blog_post	3	Blog post updated: Pine Apple	\N	recorded	\N	2026-05-07 09:32:40.192	\N
51	1000	1	storefront.blog_post.update	info	1000	storefront_blog_post	2	Blog post updated: Sour Apple	\N	recorded	\N	2026-05-07 09:33:11.025	\N
52	1000	1	storefront.blog_post.update	info	1000	storefront_blog_post	2	Blog post updated: Sour Apple	\N	recorded	\N	2026-05-07 09:33:55.936	\N
53	1000	1	storefront.blog_post.update	info	1000	storefront_blog_post	2	Blog post updated: Sour Apple	\N	recorded	\N	2026-05-07 09:34:25.751	\N
54	1000	1	storefront.blog_post.update	info	1000	storefront_blog_post	3	Blog post updated: Pine Apple	\N	recorded	\N	2026-05-07 09:34:32.678	\N
55	1000	1	storefront.blog_post.create	info	1000	storefront_blog_post	4	Blog post created: BlueBerry	{"slug": "blueberry"}	recorded	\N	2026-05-07 09:35:10.869	\N
56	1000	1	storefront.blog_post.publish	info	1000	storefront_blog_post	4	Blog post updated: BlueBerry	\N	recorded	\N	2026-05-07 09:35:14.354	\N
57	1000	1	storefront.blog_post.update	info	1000	storefront_blog_post	3	Blog post updated: Pine Apple	\N	recorded	\N	2026-05-07 09:35:47.646	\N
58	1000	\N	storefront.product.publish	info	1000	pos_product	1	Product published to storefront.	\N	recorded	\N	2026-05-08 09:23:49.89	\N
59	1000	\N	storefront.product.publish	info	1000	pos_product	2	Product published to storefront.	\N	recorded	\N	2026-05-08 10:45:45.189	\N
60	1000	\N	storefront.product.publish	info	1000	pos_product	3	Product published to storefront.	\N	recorded	\N	2026-05-08 10:46:34.417	\N
61	1000	\N	storefront.product.publish	info	1000	pos_product	4	Product published to storefront.	\N	recorded	\N	2026-05-08 10:48:01.791	\N
62	1000	\N	storefront.product.publish	info	1000	pos_product	5	Product published to storefront.	\N	recorded	\N	2026-05-08 10:49:20.477	\N
63	1000	\N	storefront.theme.update	info	1000	theme_version	5	Theme content overrides updated: Concept — Tech (HTML export) v1	{"themeId": "8", "textRowCount": 0, "imageRowCount": 0}	recorded	\N	2026-05-08 10:53:18.862	\N
64	1000	\N	storefront.settings.update	info	1000	merchant_settings	1000	Storefront merchant settings updated	{"keys": ["sf_store_name", "sf_site_tagline", "sf_display_site_title_tagline", "sf_support_email", "sf_logo_url", "sf_favicon_url", "sf_default_locale", "sf_currency_display", "sf_seo_default_title", "sf_seo_default_description", "sf_customer_accounts_enabled", "sf_maintenance_mode", "sf_checkout_brand_primary", "sf_checkout_brand_accent", "sf_stripe_enabled", "sf_stripe_mode", "sf_stripe_publishable_key_sandbox", "sf_stripe_secret_key_sandbox", "sf_stripe_publishable_key_live", "sf_stripe_secret_key_live", "sf_paypal_enabled", "sf_paypal_mode", "sf_paypal_client_id_sandbox", "sf_paypal_client_secret_sandbox", "sf_paypal_client_id_live", "sf_paypal_client_secret_live"]}	recorded	\N	2026-05-09 10:22:09.292	\N
65	1000	\N	storefront.theme.update	info	1000	theme_version	5	Theme content overrides updated: Concept — Tech (HTML export) v1	{"themeId": "8", "textRowCount": 0, "imageRowCount": 0}	recorded	\N	2026-05-10 10:01:03.222	\N
66	1000	\N	storefront.theme.update	info	1000	theme_version	5	Theme content overrides updated: Concept — Tech (HTML export) v1	{"themeId": "8", "textRowCount": 0, "imageRowCount": 0}	recorded	\N	2026-05-10 10:03:57.47	\N
67	1000	\N	storefront.theme.update	info	1000	theme_version	5	Theme content overrides updated: Concept — Tech (HTML export) v1	{"themeId": "8", "textRowCount": 0, "imageRowCount": 0}	recorded	\N	2026-05-11 07:17:47.585	\N
68	1000	\N	storefront.settings.update	info	1000	merchant_settings	1000	Storefront merchant settings updated	{"keys": ["sf_store_name", "sf_site_tagline", "sf_display_site_title_tagline", "sf_support_email", "sf_logo_url", "sf_favicon_url", "sf_default_locale", "sf_currency_display", "sf_seo_default_title", "sf_seo_default_description", "sf_customer_accounts_enabled", "sf_maintenance_mode", "sf_checkout_brand_primary", "sf_checkout_brand_accent", "sf_stripe_enabled", "sf_stripe_mode", "sf_stripe_publishable_key_sandbox", "sf_stripe_secret_key_sandbox", "sf_stripe_publishable_key_live", "sf_stripe_secret_key_live", "sf_paypal_enabled", "sf_paypal_mode", "sf_paypal_client_id_sandbox", "sf_paypal_client_secret_sandbox", "sf_paypal_client_id_live", "sf_paypal_client_secret_live"]}	recorded	\N	2026-05-11 09:21:09.21	\N
69	1000	1	storefront.domain.attach	info	1000	domain	5	Domain attached: phillywaterice.com	{"hostname": "phillywaterice.com", "isPrimary": true}	recorded	\N	2026-05-21 08:21:52.96	\N
70	1000	1	storefront.order.created	info	\N	storefront_order	1	Order SF-MPMOMWP2-FGE6AG created	{"total": 20, "orderNumber": "SF-MPMOMWP2-FGE6AG"}	recorded	\N	2026-05-26 13:40:04.055	\N
71	1000	\N	storefront.theme.update	info	1000	theme_version	5	Theme content overrides updated: Concept — Tech (HTML export) v1	{"themeId": "8", "textRowCount": 0, "imageRowCount": 0}	recorded	\N	2026-06-01 17:20:22.557	\N
72	1000	\N	storefront.theme.update	info	1000	theme_version	5	Theme content overrides updated: Concept — Tech (HTML export) v1	{"themeId": "8", "textRowCount": 0, "imageRowCount": 0}	recorded	\N	2026-06-02 08:12:56.202	\N
73	1000	1	storefront.order.created	info	\N	storefront_order	2	Order WIE-MPWJAXNY-4C13 created	{"total": 30.74, "source": "waterice", "orderNumber": "WIE-MPWJAXNY-4C13"}	recorded	\N	2026-06-02 11:08:29.084	\N
74	1000	1	storefront.order.paid	info	\N	storefront_order	2	Order WIE-MPWJAXNY-4C13 paid	{"paymentSource": "stripe", "stripePaymentIntentId": "pi_3TdqAzKHjbVwQUWw0DnHEpI6"}	recorded	\N	2026-06-02 11:08:29.12	\N
75	1000	\N	storefront.product.unpublish	info	1000	pos_product	2	Product removed from storefront.	\N	recorded	\N	2026-06-03 12:34:46.164	\N
76	1054	3	storefront.order.created	info	\N	storefront_order	3	Order WIE-MPZF9HN5-KMG4 created	{"total": 286.2, "source": "waterice", "orderNumber": "WIE-MPZF9HN5-KMG4"}	recorded	\N	2026-06-04 11:38:41.701	\N
\.


--
-- Data for Name: storefront_events; Type: TABLE DATA; Schema: public; Owner: waterexpress_user
--

COPY public.storefront_events (id, organization_id, website_id, slug, title, location, venue, event_date, end_date, image_url, link_url, description, status, sort_order, is_featured, created_by_id, updated_by_id, created_at, updated_at, address_line, city, state, postal_code, country, latitude, longitude) FROM stdin;
1	1000	\N	water-ice-express-birmingham-may-2	Water Ice Express — Birmingham, AL	Birmingham, AL	Railroad Park	2026-05-02 11:00:00	2026-05-02 21:00:00	https://images.unsplash.com/photo-1497034825429-c343d7c6a68f?auto=format&fit=crop&w=1600&q=80	\N	Kick-off pop-up of the Birmingham / Mississippi swing.	published	0	f	\N	\N	2026-05-13 08:54:38.093	2026-05-13 08:54:38.093	\N	Birmingham	AL	\N	United States	33.5186	-86.8104
2	1000	\N	water-ice-express-nashville-may-3	Water Ice Express — Nashville & Memphis, TN	Nashville, TN	Centennial Park	2026-05-03 11:00:00	2026-05-03 21:00:00	https://images.unsplash.com/photo-1497636577773-f1231844b336?auto=format&fit=crop&w=1600&q=80	\N	Tennessee tour stop — Nashville morning, Memphis evening.	published	1	f	\N	\N	2026-05-13 08:54:38.118	2026-05-13 08:54:38.118	\N	Nashville	TN	\N	United States	36.1627	-86.7816
3	1000	\N	water-ice-express-louisville-may-9	Water Ice Express — Kentucky · Ohio · Georgia	Louisville, KY	Waterfront Park	2026-05-09 11:00:00	2026-05-09 21:00:00	https://images.unsplash.com/photo-1568827999250-3f6afff96e66?auto=format&fit=crop&w=1600&q=80	\N	Tri-state weekend featuring KY, OH and a southern stop in GA.	published	2	t	\N	\N	2026-05-13 08:54:38.124	2026-05-13 08:54:38.124	\N	Louisville	KY	\N	United States	38.2527	-85.7585
4	1000	\N	water-ice-express-carolinas-may-11	Water Ice Express — Carolinas Tour	Charlotte, NC	Romare Bearden Park	2026-05-11 11:00:00	2026-05-11 21:00:00	https://images.unsplash.com/photo-1497034825429-c343d7c6a68f?auto=format&fit=crop&w=1600&q=80	\N	Carolinas swing: Charlotte, Raleigh, Durham, Columbia.	published	3	f	\N	\N	2026-05-13 08:54:38.126	2026-05-13 08:54:38.126	\N	Charlotte	NC	\N	United States	35.2271	-80.8431
5	1000	\N	water-ice-express-birmingham-may-16	Water Ice Express — Birmingham, AL (return)	Birmingham, AL	Railroad Park	2026-05-16 11:00:00	2026-05-16 21:00:00	https://images.unsplash.com/photo-1497636577773-f1231844b336?auto=format&fit=crop&w=1600&q=80	\N	Return visit to AL & Mississippi — back by popular demand.	published	4	f	\N	\N	2026-05-13 08:54:38.134	2026-05-13 08:54:38.134	\N	Birmingham	AL	\N	United States	33.5186	-86.8104
6	1000	\N	water-ice-express-jacksonville-may-17	Water Ice Express — Jacksonville & Ocala, FL	Jacksonville, FL	Riverside Arts Market	2026-05-17 11:00:00	2026-05-17 21:00:00	https://images.unsplash.com/photo-1568827999250-3f6afff96e66?auto=format&fit=crop&w=1600&q=80	\N	Florida double-stop: Jacksonville at noon, Ocala by sunset.	published	5	f	\N	\N	2026-05-13 08:54:38.14	2026-05-13 08:54:38.14	\N	Jacksonville	FL	\N	United States	30.3322	-81.6557
7	1000	\N	water-ice-express-nashville-may-17	Water Ice Express — Nashville & Memphis, TN (afternoon)	Nashville, TN	Centennial Park	2026-05-17 11:00:00	2026-05-17 21:00:00	https://images.unsplash.com/photo-1497034825429-c343d7c6a68f?auto=format&fit=crop&w=1600&q=80	\N	Tennessee afternoon pop-up; Memphis evening location TBA.	published	6	f	\N	\N	2026-05-13 08:54:38.148	2026-05-13 08:54:38.148	\N	Nashville	TN	\N	United States	36.1627	-86.7816
8	1000	\N	water-ice-express-louisville-may-23	Water Ice Express — Kentucky · Ohio	Louisville, KY	Big Four Lawn	2026-05-23 11:00:00	2026-05-23 21:00:00	https://images.unsplash.com/photo-1497636577773-f1231844b336?auto=format&fit=crop&w=1600&q=80	\N	Memorial Day weekend kick-off — KY morning, OH afternoon.	published	7	f	\N	\N	2026-05-13 08:54:38.16	2026-05-13 08:54:38.16	\N	Louisville	KY	\N	United States	38.2527	-85.7585
9	1000	\N	water-ice-express-brunswick-may-23	Water Ice Express — Brunswick, GA	Brunswick, GA	Mary Ross Waterfront Park	2026-05-23 11:00:00	2026-05-23 21:00:00	https://images.unsplash.com/photo-1568827999250-3f6afff96e66?auto=format&fit=crop&w=1600&q=80	\N	Coastal Georgia stop — beach-day refreshments.	published	8	f	\N	\N	2026-05-13 08:54:38.162	2026-05-13 08:54:38.162	\N	Brunswick	GA	\N	United States	31.1499	-81.4915
10	1000	\N	water-ice-express-charlotte-may-24	Water Ice Express — Charlotte, NC & Columbia, SC	Charlotte, NC	Freedom Park	2026-05-24 11:00:00	2026-05-24 21:00:00	https://images.unsplash.com/photo-1497034825429-c343d7c6a68f?auto=format&fit=crop&w=1600&q=80	\N	Memorial weekend Carolinas double-header.	published	9	f	\N	\N	2026-05-13 08:54:38.17	2026-05-13 08:54:38.17	\N	Charlotte	NC	\N	United States	35.2271	-80.8431
11	1000	\N	water-ice-express-indianapolis-may-29	Water Ice Express — Indianapolis, IN	Indianapolis, IN	White River State Park	2026-05-29 11:00:00	2026-05-29 21:00:00	https://images.unsplash.com/photo-1497636577773-f1231844b336?auto=format&fit=crop&w=1600&q=80	\N	Indy 500 weekend pop-up.	published	10	t	\N	\N	2026-05-13 08:54:38.175	2026-05-13 08:54:38.175	\N	Indianapolis	IN	\N	United States	39.7684	-86.1581
12	1000	\N	water-ice-express-birmingham-may-30	Water Ice Express — Birmingham, AL (May finale)	Birmingham, AL	Railroad Park	2026-05-30 11:00:00	2026-05-30 21:00:00	https://images.unsplash.com/photo-1568827999250-3f6afff96e66?auto=format&fit=crop&w=1600&q=80	\N	Closing weekend of the May tour.	published	11	f	\N	\N	2026-05-13 08:54:38.181	2026-05-13 08:54:38.181	\N	Birmingham	AL	\N	United States	33.5186	-86.8104
\.


--
-- Data for Name: storefront_notification_logs; Type: TABLE DATA; Schema: public; Owner: waterexpress_user
--

COPY public.storefront_notification_logs (id, organization_id, website_id, template_id, channel, recipient, status, payload, error_message, sent_at, created_by_id, created_at, updated_at) FROM stdin;
\.


--
-- Data for Name: storefront_notification_templates; Type: TABLE DATA; Schema: public; Owner: waterexpress_user
--

COPY public.storefront_notification_templates (id, organization_id, website_id, key, channel, name, subject, body, variables, status, metadata, created_by_id, updated_by_id, created_at, updated_at) FROM stdin;
\.


--
-- Data for Name: storefront_order_events; Type: TABLE DATA; Schema: public; Owner: waterexpress_user
--

COPY public.storefront_order_events (id, order_id, kind, message, metadata, created_at) FROM stdin;
1	1	created	Order created — awaiting payment	\N	2026-05-26 13:40:04.009
2	2	created	Water Ice Express order created — awaiting payment	\N	2026-06-02 11:08:29.075
3	2	payment	Payment received (Stripe)	{"stripePaymentIntentId": "pi_3TdqAzKHjbVwQUWw0DnHEpI6"}	2026-06-02 11:08:29.116
4	2	accounting_sync	Revenue recorded in accounting module	{"revenueId": "1", "referenceNumber": "SF-WIE-MPWJAXNY-4C13"}	2026-06-02 11:08:29.142
5	3	created	Water Ice Express order created — awaiting payment	\N	2026-06-04 11:38:41.697
\.


--
-- Data for Name: storefront_order_lines; Type: TABLE DATA; Schema: public; Owner: waterexpress_user
--

COPY public.storefront_order_lines (id, order_id, product_id, variant_key, name, sku, quantity, unit_price, line_total) FROM stdin;
1	1	4		Fresh Banana	\N	1	15.0000	15.0000
2	2	\N	PDF	Frozen Fortune	\N	1	29.0000	29.0000
3	3	\N	2.5 Gallon Tub	Black Cherry (Wholesale Tub)	\N	6	45.0000	270.0000
\.


--
-- Data for Name: storefront_orders; Type: TABLE DATA; Schema: public; Owner: waterexpress_user
--

COPY public.storefront_orders (id, organization_id, website_id, order_number, source, status, payment_status, stripe_payment_intent_id, stripe_checkout_session_id, subtotal, tax_total, shipping_total, discount_total, total, currency, customer_email, customer_name, shipping_address, billing_address, storefront_customer_id, internal_notes, fulfillment_status, created_at, updated_at, paid_at, checkout_session_id, crm_customer_id, discount_code_id, tax_lines, accounting_revenue_id, fulfillment_assignee_user_id) FROM stdin;
1	1000	1	SF-MPMOMWP2-FGE6AG	storefront	pending_payment	unpaid	pi_3TbLDEKHjbVwQUWw0rbtIOm5	\N	15.0000	0.0000	5.0000	0.0000	20.0000	USD	umakantsonwani@gmail.com	Umakant Sonwani	{"city": "New York", "line1": "1305 York Avenue", "postal": "10021", "region": "NY", "country": "US"}	{"city": "New York", "line1": "1305 York Avenue", "postal": "10021", "region": "NY", "country": "US"}	\N	\N	unfulfilled	2026-05-26 13:40:03.983	2026-05-26 13:40:04.575	\N	66318d96-b57b-481d-b97e-7c71e3cc5c1c	14	\N	\N	\N	\N
2	1000	1	WIE-MPWJAXNY-4C13	waterice	paid	paid	pi_3TdqAzKHjbVwQUWw0DnHEpI6	\N	29.0000	1.7400	0.0000	0.0000	30.7400	USD	anikasonwani12@gmail.com	Anika Sonwani	{"name": "Anika Sonwani", "email": "anikasonwani12@gmail.com", "phone": "342-424-2343", "country": "US"}	{"name": "Anika Sonwani", "email": "anikasonwani12@gmail.com", "phone": "342-424-2343", "country": "US"}	\N	\N	unfulfilled	2026-06-02 11:08:29.048	2026-06-02 11:08:29.136	2026-06-02 11:08:29.107	\N	15	\N	\N	1	\N
3	1054	3	WIE-MPZF9HN5-KMG4	waterice	pending_payment	unpaid	\N	\N	270.0000	16.2000	0.0000	0.0000	286.2000	USD	umakantsonwani@gmail.com	Umakant Sonwani	{"name": "Umakant Sonwani", "email": "umakantsonwani@gmail.com", "phone": "232-342-4324", "country": "US"}	{"name": "Umakant Sonwani", "email": "umakantsonwani@gmail.com", "phone": "232-342-4324", "country": "US"}	\N	\N	unfulfilled	2026-06-04 11:38:41.686	2026-06-04 11:38:41.686	\N	\N	16	\N	\N	\N	\N
\.


--
-- Data for Name: storefront_page_versions; Type: TABLE DATA; Schema: public; Owner: waterexpress_user
--

COPY public.storefront_page_versions (id, page_id, version, label, status, seo_title, seo_description, published_at, metadata, created_by_id, updated_by_id, created_at, updated_at) FROM stdin;
\.


--
-- Data for Name: storefront_pages; Type: TABLE DATA; Schema: public; Owner: waterexpress_user
--

COPY public.storefront_pages (id, organization_id, website_id, slug, title, status, metadata, created_by_id, updated_by_id, created_at, updated_at) FROM stdin;
\.


--
-- Data for Name: storefront_payment_records; Type: TABLE DATA; Schema: public; Owner: waterexpress_user
--

COPY public.storefront_payment_records (id, order_id, provider, amount, currency, status, stripe_payment_intent_id, idempotency_key, raw_metadata, created_at, updated_at) FROM stdin;
1	2	stripe	30.7400	USD	succeeded	pi_3TdqAzKHjbVwQUWw0DnHEpI6	\N	\N	2026-06-02 11:08:29.115	2026-06-02 11:08:29.115
\.


--
-- Data for Name: storefront_section_instances; Type: TABLE DATA; Schema: public; Owner: waterexpress_user
--

COPY public.storefront_section_instances (id, page_version_id, theme_section_definition_id, instance_key, sort_order, status, settings, created_at, updated_at) FROM stdin;
\.


--
-- Data for Name: storefront_shipments; Type: TABLE DATA; Schema: public; Owner: waterexpress_user
--

COPY public.storefront_shipments (id, order_id, status, carrier, tracking_number, shipped_at, created_at, updated_at) FROM stdin;
1	1	pending	\N	\N	\N	2026-05-26 13:40:04.004	2026-05-26 13:40:04.004
2	2	pending	\N	\N	\N	2026-06-02 11:08:29.071	2026-06-02 11:08:29.071
3	3	pending	\N	\N	\N	2026-06-04 11:38:41.694	2026-06-04 11:38:41.694
\.


--
-- Data for Name: storefront_shipping_methods; Type: TABLE DATA; Schema: public; Owner: waterexpress_user
--

COPY public.storefront_shipping_methods (id, zone_id, name, method_key, flat_rate, sort_order, is_active, created_at, updated_at) FROM stdin;
\.


--
-- Data for Name: storefront_shipping_zones; Type: TABLE DATA; Schema: public; Owner: waterexpress_user
--

COPY public.storefront_shipping_zones (id, organization_id, website_id, name, countries, is_active, sort_order, created_at, updated_at) FROM stdin;
\.


--
-- Data for Name: storefront_stock_reservations; Type: TABLE DATA; Schema: public; Owner: waterexpress_user
--

COPY public.storefront_stock_reservations (id, organization_id, product_id, variant_key, quantity, cart_id, checkout_session_id, expires_at, created_at) FROM stdin;
1	1000	4		1	c103752f-de5b-4098-9b70-f3ab114d77b7	66318d96-b57b-481d-b97e-7c71e3cc5c1c	2026-05-26 13:55:03.598	2026-05-26 13:40:03.632
\.


--
-- Data for Name: storefront_tax_rules; Type: TABLE DATA; Schema: public; Owner: waterexpress_user
--

COPY public.storefront_tax_rules (id, organization_id, website_id, country, region, rate_percent, is_active, sort_order, created_at, updated_at) FROM stdin;
\.


--
-- Data for Name: storefront_tax_settings; Type: TABLE DATA; Schema: public; Owner: waterexpress_user
--

COPY public.storefront_tax_settings (id, organization_id, website_id, price_mode, created_at, updated_at) FROM stdin;
\.


--
-- Data for Name: storefront_theme_block_definitions; Type: TABLE DATA; Schema: public; Owner: waterexpress_user
--

COPY public.storefront_theme_block_definitions (id, theme_section_def_id, key, block_type, sort_order, default_props, schema, created_at, updated_at, organization_id, created_by_id, updated_by_id) FROM stdin;
\.


--
-- Data for Name: storefront_theme_section_definitions; Type: TABLE DATA; Schema: public; Owner: waterexpress_user
--

COPY public.storefront_theme_section_definitions (id, theme_version_id, key, label, sort_order, settings, created_at, updated_at, organization_id, created_by_id, updated_by_id) FROM stdin;
\.


--
-- Data for Name: storefront_theme_style_tokens; Type: TABLE DATA; Schema: public; Owner: waterexpress_user
--

COPY public.storefront_theme_style_tokens (id, theme_version_id, token_key, value, group_name, created_at, updated_at, organization_id, created_by_id, updated_by_id) FROM stdin;
1	5	color-base-text	42 39 75	General	2026-05-06 10:54:12.938	\N	1000	1000	1000
2	5	color-base-highlight	251 146 60	General	2026-05-06 10:54:12.938	\N	1000	1000	1000
3	5	color-base-background	255 253 252	General	2026-05-06 10:54:12.938	\N	1000	1000	1000
4	5	color-base-button	234 88 12	General	2026-05-06 10:54:12.938	\N	1000	1000	1000
5	5	color-base-button-gradient	linear-gradient(115deg, #fb923c 0%, #f97316 28%, #ea580c 48%, #2563eb 72%, #1d4ed8 100%)	General	2026-05-06 10:54:12.938	\N	1000	1000	1000
6	5	color-base-button-text	255 255 255	General	2026-05-06 10:54:12.938	\N	1000	1000	1000
7	5	color-keyboard-focus	37 99 235	General	2026-05-06 10:54:12.938	\N	1000	1000	1000
8	5	color-shadow	191 219 254	General	2026-05-06 10:54:12.938	\N	1000	1000	1000
9	5	color-price	23 23 23	General	2026-05-06 10:54:12.938	\N	1000	1000	1000
10	5	color-sale-price	225 29 72	General	2026-05-06 10:54:12.938	\N	1000	1000	1000
11	5	color-sale-tag	225 29 72	General	2026-05-06 10:54:12.938	\N	1000	1000	1000
12	5	color-sale-tag-text	255 255 255	General	2026-05-06 10:54:12.938	\N	1000	1000	1000
13	5	color-rating	245 158 11	General	2026-05-06 10:54:12.938	\N	1000	1000	1000
14	5	color-placeholder	250 250 250	General	2026-05-06 10:54:12.938	\N	1000	1000	1000
15	5	color-success-text	77 124 15	General	2026-05-06 10:54:12.938	\N	1000	1000	1000
16	5	color-success-background	247 254 231	General	2026-05-06 10:54:12.938	\N	1000	1000	1000
17	5	color-error-text	225 29 72	General	2026-05-06 10:54:12.938	\N	1000	1000	1000
18	5	color-error-background	255 241 242	General	2026-05-06 10:54:12.938	\N	1000	1000	1000
19	5	color-info-text	180 83 9	General	2026-05-06 10:54:12.938	\N	1000	1000	1000
20	5	color-info-background	255 251 235	General	2026-05-06 10:54:12.938	\N	1000	1000	1000
21	5	color-drawer-text	42 39 75	Menu and drawers	2026-05-06 10:54:12.938	\N	1000	1000	1000
22	5	color-drawer-background	255 253 252	Menu and drawers	2026-05-06 10:54:12.938	\N	1000	1000	1000
23	5	color-drawer-button-background	234 88 12	Menu and drawers	2026-05-06 10:54:12.938	\N	1000	1000	1000
24	5	color-drawer-button-gradient	linear-gradient(115deg, #fb923c, #f97316, #2563eb, #1d4ed8)	Menu and drawers	2026-05-06 10:54:12.938	\N	1000	1000	1000
25	5	color-drawer-button-text	255 255 255	Menu and drawers	2026-05-06 10:54:12.938	\N	1000	1000	1000
26	5	color-drawer-overlay	42 39 75	Menu and drawers	2026-05-06 10:54:12.938	\N	1000	1000	1000
27	5	card-radius	var(--rounded-card)	Product card	2026-05-06 10:54:12.938	\N	1000	1000	1000
28	5	card-border-width	0.0rem	Product card	2026-05-06 10:54:12.938	\N	1000	1000	1000
29	5	card-border-opacity	0.0	Product card	2026-05-06 10:54:12.938	\N	1000	1000	1000
30	5	card-shadow-opacity	0.1	Product card	2026-05-06 10:54:12.938	\N	1000	1000	1000
31	5	card-shadow-horizontal-offset	0.0rem	Product card	2026-05-06 10:54:12.938	\N	1000	1000	1000
32	5	card-shadow-vertical-offset	0.0rem	Product card	2026-05-06 10:54:12.938	\N	1000	1000	1000
33	5	buttons-radius	var(--rounded-button)	Buttons	2026-05-06 10:54:12.938	\N	1000	1000	1000
34	5	buttons-border-width	2px	Buttons	2026-05-06 10:54:12.938	\N	1000	1000	1000
35	5	buttons-border-opacity	1.0	Buttons	2026-05-06 10:54:12.938	\N	1000	1000	1000
36	5	buttons-shadow-opacity	0.0	Buttons	2026-05-06 10:54:12.938	\N	1000	1000	1000
37	5	buttons-shadow-horizontal-offset	0px	Buttons	2026-05-06 10:54:12.938	\N	1000	1000	1000
38	5	buttons-shadow-vertical-offset	0px	Buttons	2026-05-06 10:54:12.938	\N	1000	1000	1000
39	5	inputs-radius	var(--rounded-input)	Inputs	2026-05-06 10:54:12.938	\N	1000	1000	1000
40	5	inputs-border-width	0px	Inputs	2026-05-06 10:54:12.938	\N	1000	1000	1000
41	5	inputs-border-opacity	0.65	Inputs	2026-05-06 10:54:12.938	\N	1000	1000	1000
42	5	sp-0d5	0.125rem	Spacing	2026-05-06 10:54:12.938	\N	1000	1000	1000
43	5	sp-1	0.25rem	Spacing	2026-05-06 10:54:12.938	\N	1000	1000	1000
44	5	sp-1d5	0.375rem	Spacing	2026-05-06 10:54:12.938	\N	1000	1000	1000
45	5	sp-2	0.5rem	Spacing	2026-05-06 10:54:12.938	\N	1000	1000	1000
46	5	sp-2d5	0.625rem	Spacing	2026-05-06 10:54:12.938	\N	1000	1000	1000
47	5	sp-3	0.75rem	Spacing	2026-05-06 10:54:12.938	\N	1000	1000	1000
48	5	sp-3d5	0.875rem	Spacing	2026-05-06 10:54:12.938	\N	1000	1000	1000
49	5	sp-4	1rem	Spacing	2026-05-06 10:54:12.938	\N	1000	1000	1000
50	5	sp-4d5	1.125rem	Spacing	2026-05-06 10:54:12.938	\N	1000	1000	1000
51	5	sp-5	1.25rem	Spacing	2026-05-06 10:54:12.938	\N	1000	1000	1000
52	5	sp-5d5	1.375rem	Spacing	2026-05-06 10:54:12.938	\N	1000	1000	1000
53	5	sp-6	1.5rem	Spacing	2026-05-06 10:54:12.938	\N	1000	1000	1000
54	5	sp-6d5	1.625rem	Spacing	2026-05-06 10:54:12.938	\N	1000	1000	1000
55	5	sp-7	1.75rem	Spacing	2026-05-06 10:54:12.938	\N	1000	1000	1000
56	5	sp-7d5	1.875rem	Spacing	2026-05-06 10:54:12.938	\N	1000	1000	1000
57	5	sp-8	2rem	Spacing	2026-05-06 10:54:12.938	\N	1000	1000	1000
58	5	sp-8d5	2.125rem	Spacing	2026-05-06 10:54:12.938	\N	1000	1000	1000
59	5	sp-9	2.25rem	Spacing	2026-05-06 10:54:12.938	\N	1000	1000	1000
60	5	sp-9d5	2.375rem	Spacing	2026-05-06 10:54:12.938	\N	1000	1000	1000
61	5	sp-10	2.5rem	Spacing	2026-05-06 10:54:12.938	\N	1000	1000	1000
62	5	sp-10d5	2.625rem	Spacing	2026-05-06 10:54:12.938	\N	1000	1000	1000
63	5	sp-11	2.75rem	Spacing	2026-05-06 10:54:12.938	\N	1000	1000	1000
64	5	sp-12	3rem	Spacing	2026-05-06 10:54:12.938	\N	1000	1000	1000
65	5	sp-13	3.25rem	Spacing	2026-05-06 10:54:12.938	\N	1000	1000	1000
66	5	sp-14	3.5rem	Spacing	2026-05-06 10:54:12.938	\N	1000	1000	1000
67	5	sp-15	3.875rem	Spacing	2026-05-06 10:54:12.938	\N	1000	1000	1000
68	5	sp-16	4rem	Spacing	2026-05-06 10:54:12.938	\N	1000	1000	1000
69	5	sp-18	4.5rem	Spacing	2026-05-06 10:54:12.938	\N	1000	1000	1000
70	5	sp-20	5rem	Spacing	2026-05-06 10:54:12.938	\N	1000	1000	1000
71	5	sp-23	5.625rem	Spacing	2026-05-06 10:54:12.938	\N	1000	1000	1000
72	5	sp-24	6rem	Spacing	2026-05-06 10:54:12.938	\N	1000	1000	1000
73	5	sp-28	7rem	Spacing	2026-05-06 10:54:12.938	\N	1000	1000	1000
74	5	sp-32	8rem	Spacing	2026-05-06 10:54:12.938	\N	1000	1000	1000
75	5	sp-36	9rem	Spacing	2026-05-06 10:54:12.938	\N	1000	1000	1000
76	5	sp-40	10rem	Spacing	2026-05-06 10:54:12.938	\N	1000	1000	1000
77	5	sp-44	11rem	Spacing	2026-05-06 10:54:12.938	\N	1000	1000	1000
78	5	sp-48	12rem	Spacing	2026-05-06 10:54:12.938	\N	1000	1000	1000
79	5	sp-52	13rem	Spacing	2026-05-06 10:54:12.938	\N	1000	1000	1000
80	5	sp-56	14rem	Spacing	2026-05-06 10:54:12.938	\N	1000	1000	1000
81	5	sp-60	15rem	Spacing	2026-05-06 10:54:12.938	\N	1000	1000	1000
82	5	sp-64	16rem	Spacing	2026-05-06 10:54:12.938	\N	1000	1000	1000
83	5	sp-68	17rem	Spacing	2026-05-06 10:54:12.938	\N	1000	1000	1000
84	5	sp-72	18rem	Spacing	2026-05-06 10:54:12.938	\N	1000	1000	1000
85	5	sp-80	20rem	Spacing	2026-05-06 10:54:12.938	\N	1000	1000	1000
86	5	sp-96	24rem	Spacing	2026-05-06 10:54:12.938	\N	1000	1000	1000
87	5	sp-100	32rem	Spacing	2026-05-06 10:54:12.938	\N	1000	1000	1000
88	5	font-heading-family	Inter, sans-serif	Font family	2026-05-06 10:54:12.938	\N	1000	1000	1000
89	5	font-heading-style	normal	Font family	2026-05-06 10:54:12.938	\N	1000	1000	1000
90	5	font-heading-weight	700	Font family	2026-05-06 10:54:12.938	\N	1000	1000	1000
91	5	font-heading-line-height	1	Font family	2026-05-06 10:54:12.938	\N	1000	1000	1000
92	5	font-heading-letter-spacing	-0.03em	Font family	2026-05-06 10:54:12.938	\N	1000	1000	1000
93	5	font-body-family	Inter, sans-serif	Font family	2026-05-06 10:54:12.938	\N	1000	1000	1000
94	5	font-body-style	normal	Font family	2026-05-06 10:54:12.938	\N	1000	1000	1000
95	5	font-body-weight	400	Font family	2026-05-06 10:54:12.938	\N	1000	1000	1000
96	5	font-body-line-height	1.2	Font family	2026-05-06 10:54:12.938	\N	1000	1000	1000
97	5	font-body-letter-spacing	0.0em	Font family	2026-05-06 10:54:12.938	\N	1000	1000	1000
98	5	font-navigation-family	var(--font-body-family)	Font family	2026-05-06 10:54:12.938	\N	1000	1000	1000
99	5	font-navigation-size	clamp(0.875rem, 0.748rem + 0.3174vw, 1.125rem)	Font family	2026-05-06 10:54:12.938	\N	1000	1000	1000
100	5	font-navigation-weight	500	Font family	2026-05-06 10:54:12.938	\N	1000	1000	1000
101	5	font-button-family	var(--font-body-family)	Font family	2026-05-06 10:54:12.938	\N	1000	1000	1000
102	5	font-button-size	clamp(0.875rem, 0.8115rem + 0.1587vw, 1.0rem)	Font family	2026-05-06 10:54:12.938	\N	1000	1000	1000
103	5	font-button-weight	500	Font family	2026-05-06 10:54:12.938	\N	1000	1000	1000
104	5	font-product-family	var(--font-body-family)	Font family	2026-05-06 10:54:12.938	\N	1000	1000	1000
105	5	font-product-size	clamp(1.0rem, 0.873rem + 0.3175vw, 1.25rem)	Font family	2026-05-06 10:54:12.938	\N	1000	1000	1000
106	5	font-product-weight	500	Font family	2026-05-06 10:54:12.938	\N	1000	1000	1000
107	5	text-3xs	0.625rem	Font size	2026-05-06 10:54:12.938	\N	1000	1000	1000
108	5	text-2xs	0.6875rem	Font size	2026-05-06 10:54:12.938	\N	1000	1000	1000
109	5	text-xs	0.75rem	Font size	2026-05-06 10:54:12.938	\N	1000	1000	1000
110	5	text-2sm	0.8125rem	Font size	2026-05-06 10:54:12.938	\N	1000	1000	1000
111	5	text-sm	0.875rem	Font size	2026-05-06 10:54:12.938	\N	1000	1000	1000
112	5	text-base	1.0rem	Font size	2026-05-06 10:54:12.938	\N	1000	1000	1000
113	5	text-lg	1.125rem	Font size	2026-05-06 10:54:12.938	\N	1000	1000	1000
114	5	text-xl	1.25rem	Font size	2026-05-06 10:54:12.938	\N	1000	1000	1000
115	5	text-2xl	1.5rem	Font size	2026-05-06 10:54:12.938	\N	1000	1000	1000
116	5	text-3xl	1.875rem	Font size	2026-05-06 10:54:12.938	\N	1000	1000	1000
117	5	text-4xl	2.25rem	Font size	2026-05-06 10:54:12.938	\N	1000	1000	1000
118	5	text-5xl	3.0rem	Font size	2026-05-06 10:54:12.938	\N	1000	1000	1000
119	5	text-6xl	3.75rem	Font size	2026-05-06 10:54:12.938	\N	1000	1000	1000
120	5	text-7xl	4.5rem	Font size	2026-05-06 10:54:12.938	\N	1000	1000	1000
121	5	text-8xl	6.0rem	Font size	2026-05-06 10:54:12.938	\N	1000	1000	1000
122	5	page-width	1900px	Layout	2026-05-06 10:54:12.938	\N	1000	1000	1000
123	5	gap-padding	clamp(var(--sp-5), 2.526vw, var(--sp-12))	Layout	2026-05-06 10:54:12.938	\N	1000	1000	1000
124	5	grid-gap	clamp(40px, 20vw, 60px)	Layout	2026-05-06 10:54:12.938	\N	1000	1000	1000
125	5	page-padding	var(--sp-5)	Layout	2026-05-06 10:54:12.938	\N	1000	1000	1000
126	5	page-container	min(calc(100vw - var(--page-padding) * 2), var(--page-width))	Layout	2026-05-06 10:54:12.938	\N	1000	1000	1000
127	5	rounded-button	3.75rem	Layout	2026-05-06 10:54:12.938	\N	1000	1000	1000
128	5	rounded-input	0.375rem	Layout	2026-05-06 10:54:12.938	\N	1000	1000	1000
129	5	rounded-card	clamp(var(--sp-2d5), 1.053vw, var(--sp-5))	Layout	2026-05-06 10:54:12.938	\N	1000	1000	1000
130	5	rounded-block	clamp(var(--sp-2d5), 1.053vw, var(--sp-5))	Layout	2026-05-06 10:54:12.938	\N	1000	1000	1000
131	5	icon-weight	1.5px	Other	2026-05-06 10:54:12.938	\N	1000	1000	1000
\.


--
-- Data for Name: storefront_theme_templates; Type: TABLE DATA; Schema: public; Owner: waterexpress_user
--

COPY public.storefront_theme_templates (id, organization_id, name, slug, description, status, preview_url, metadata, created_by_id, updated_by_id, created_at, updated_at) FROM stdin;
1	\N	Starter Storefront	starter	Header, AnnouncementBar, HeroBanner, FeaturedProducts, FeaturedCollection, RichText, ImageWithText, NewsletterForm, Footer	active	\N	{"sectionTypes": ["Header", "AnnouncementBar", "HeroBanner", "FeaturedProducts", "FeaturedCollection", "RichText", "ImageWithText", "NewsletterForm", "Footer"]}	\N	\N	2026-04-13 14:54:07.391	\N
2	\N	7Band — Musical instruments	7band-musical-instruments	Shopify OS 2.0 theme (musical instruments / band shop). Install adds a tenant theme; Paper Flight storefront pages use sections/tokens — the ZIP is for developers and Shopify migration.	active	/storefront/theme-previews/7band.svg	{"kind": "shopify_zip", "vendor": "BuraqStudioLab", "packageFile": "/storefront/theme-packages/7band-musical-instruments-shopify-theme.zip"}	\N	\N	2026-04-14 15:40:28.298	2026-04-15 11:06:54.042
3	\N	Material (Shopify) — RT v1.5.2	rt-material-shopify	Responsive Material-design Shopify theme (ThemeForest). Install creates a Paper Flight storefront theme; brand colors are imported from config/settings_data.json. Store pages still use Paper Flight sections — the ZIP is the design source and for Shopify export/migration.	active	/storefront/theme-previews/rt-material.svg	{"kind": "shopify_zip", "vendor": "ShopifyThemes / RT-Theme", "packageFile": "/storefront/theme-packages/rt-material-v1.5.2.zip", "sectionTypes": ["Header", "AnnouncementBar", "HeroBanner", "FeaturedProducts", "FeaturedCollection", "RichText", "ImageWithText", "NewsletterForm", "Footer"]}	\N	\N	2026-04-23 09:41:15.768	\N
4	\N	Concept — Tech (HTML export)	concept-tech-html	Static HTML export (index.html + assets). On publish, Paper Flight builds a shared storefront shell (CSS + nav) plus Liquid pages for home, products, collections, search, CMS pages, blog stubs, and account links. Cart and checkout stay on the native storefront UI.	active	/storefront/theme-previews/rt-material.svg	{"kind": "shopify_zip", "vendor": "Concept / HTML export", "packageFile": "/storefront/theme-packages/concept-theme.zip"}	\N	\N	2026-04-30 08:30:13.153	\N
\.


--
-- Data for Name: storefront_theme_versions; Type: TABLE DATA; Schema: public; Owner: waterexpress_user
--

COPY public.storefront_theme_versions (id, theme_id, version, label, status, published_at, metadata, created_by_id, updated_by_id, created_at, updated_at, organization_id) FROM stdin;
1	4	1	v1	draft	\N	\N	1000	\N	2026-04-23 10:33:34.454	\N	1000
2	5	1	v1	published	2026-05-01 17:12:15.181	\N	1000	\N	2026-04-23 13:36:07.76	\N	1000
5	8	1	v1	published	2026-05-05 06:51:34.221	{"customizerContent": {"texts": [], "images": [], "topHeader": {"hidden": false, "social": {"twitter": "", "youtube": "", "facebook": "", "instagram": ""}, "announcements": []}, "heroSlider": {"slides": [{"id": "882c7b2a-ab24-45dc-bc45-7efbb28b977d", "heading": "PHILLY WATER ICEs", "imageUrl": "https://res.cloudinary.com/dpe1qqrig/image/upload/v1778146039/media/storefront-theme-customizer/1000/zoyxxpyew2ljuuzuixiy.png", "sortIndex": 0, "buttonHref": "#", "buttonText": "See Flavors"}, {"id": "67f914d4-b47c-410f-a5f7-c104b7491100", "heading": "FRESH FROM THE TRUCK", "imageUrl": "./assets/slideshow/hero-philly-park.png", "sortIndex": 1, "buttonHref": "#", "buttonText": "Find Us"}, {"id": "86e29f03-a9a4-429b-9d89-8d93fb90b9e6", "heading": "SUMMER IN EVERY CUP", "imageUrl": "./assets/slideshow/hero-philly-kids.png", "sortIndex": 2, "buttonHref": "#", "buttonText": "Catering"}]}, "marqueeText": {"text": "Philly Water ICE"}, "socialLinks": {"twitter": "", "youtube": "", "facebook": "", "instagram": ""}, "introSection": {"heading": "Scooping Smiles One Flavor at a Time", "bodyHtml": "<p><span><strong>Philly Water</strong> Ice delivers bold flavor, smooth texture, and a refreshing experience inspired by authentic Philadelphia-style water ice. From classic fruit favorites to tropical blends, every scoop is crafted with quality ingredients to create the perfect balance of sweetness and flavor. Built around fun, family, and unforgettable taste, Philly Water Ice brings people together with a cool treat that keeps customers coming back for more.</span></p><p></p>", "buttonHref": "", "buttonText": "Our Story", "headingHighlightWord": "Time"}, "bundleSection": {"heading": "", "bodyHtml": "", "headingHighlightWord": ""}, "footerSection": {"emailHref": "", "phoneHref": "", "socialLinks": [], "columnALinks": [], "columnATitle": "", "columnBLinks": [], "columnBTitle": "", "emailDisplay": "", "logoImageUrl": "", "phoneDisplay": "", "copyrightHtml": "© 2026 Philly Water Ice. powered by Water Ice Express", "socialTwitter": "", "socialYoutube": "", "socialFacebook": "", "socialInstagram": "", "hideLocalization": false, "hidePaymentIcons": false, "mainBackgroundRgb": "", "newsletterHeading": "", "newsletterPlaceholder": "", "subFooterBackgroundRgb": ""}, "featuredProducts": {"showSpotlightSection": true, "prioritizeFeaturedInHomeGrid": true}, "trustIconsSection": {"columns": [{"icon": "support", "text": "It’s not actually free we just price it into the products.", "title": "Customer service"}, {"icon": "box", "text": "Get free shipping on orders of $150 or more", "title": "Fast Free Shipping"}, {"icon": "users", "text": "Refer a friend and get 15% off each other.", "title": "Refer a friend"}, {"icon": "shield", "text": "Your payment information is processed securely", "title": "Secure payment"}]}, "beforeAfterSection": {"subheading": "Same cup, two moments", "mainHeading": "Before & after", "afterImageAlt": "", "afterImageUrl": "https://res.cloudinary.com/dpe1qqrig/image/upload/v1778407404/media/storefront-theme-customizer/1000/lhnm1p2f0h5bsdaiz5uk.png", "beforeImageAlt": "", "beforeImageUrl": "https://res.cloudinary.com/dpe1qqrig/image/upload/v1778407389/media/storefront-theme-customizer/1000/me0mzvw3zpuauirpzlmk.png", "afterLabelLarge": "Swirled & served", "afterLabelSmall": "Philly Water Ice", "beforeLabelLarge": "Ready for flavor", "beforeLabelSmall": "Philly Water Ice"}}}	1000	1000	2026-05-05 06:51:24.102	\N	1000
\.


--
-- Data for Name: storefront_themes; Type: TABLE DATA; Schema: public; Owner: waterexpress_user
--

COPY public.storefront_themes (id, organization_id, website_id, source_template_id, name, slug, status, metadata, created_by_id, updated_by_id, created_at, updated_at) FROM stdin;
1	1004	\N	2	7Band — Musical instruments	7band-musical-instruments	draft	{"kind": "shopify_zip", "vendor": "BuraqStudioLab", "packageFile": "/storefront/theme-packages/7band-musical-instruments-shopify-theme.zip"}	1	\N	2026-04-15 11:06:55.907	\N
2	1000	\N	1	Starter Storefront	starter	draft	{"sectionTypes": ["Header", "AnnouncementBar", "HeroBanner", "FeaturedProducts", "FeaturedCollection", "RichText", "ImageWithText", "NewsletterForm", "Footer"]}	1000	\N	2026-04-15 18:56:30.474	\N
3	1000	\N	3	Material (Shopify) — RT v1.5.2	rt-material-shopify	draft	{"kind": "shopify_zip", "vendor": "ShopifyThemes / RT-Theme", "packageFile": "/storefront/theme-packages/rt-material-v1.5.2.zip", "sectionTypes": ["Header", "AnnouncementBar", "HeroBanner", "FeaturedProducts", "FeaturedCollection", "RichText", "ImageWithText", "NewsletterForm", "Footer"]}	1000	\N	2026-04-23 09:44:39.927	\N
4	1000	\N	3	Material (Shopify) — RT v1.5.2	rt-material-shopify-1	draft	{"kind": "shopify_zip", "vendor": "ShopifyThemes / RT-Theme", "packageFile": "/storefront/theme-packages/rt-material-v1.5.2.zip", "sectionTypes": ["Header", "AnnouncementBar", "HeroBanner", "FeaturedProducts", "FeaturedCollection", "RichText", "ImageWithText", "NewsletterForm", "Footer"]}	1000	\N	2026-04-23 10:33:34.448	\N
5	1000	1	3	Material (Shopify) — RT v1.5.2	rt-material-shopify-2	draft	{"kind": "shopify_zip", "vendor": "ShopifyThemes / RT-Theme", "packageFile": "/storefront/theme-packages/rt-material-v1.5.2.zip", "sectionTypes": ["Header", "AnnouncementBar", "HeroBanner", "FeaturedProducts", "FeaturedCollection", "RichText", "ImageWithText", "NewsletterForm", "Footer"]}	1000	1000	2026-04-23 13:36:07.752	\N
8	1000	1	4	Concept — Tech (HTML export)	concept-tech-html	active	{"kind": "shopify_zip", "vendor": "Concept / HTML export", "packageFile": "/storefront/theme-packages/concept-theme.zip"}	1000	1000	2026-05-05 06:51:24.094	\N
\.


--
-- Data for Name: storefront_websites; Type: TABLE DATA; Schema: public; Owner: waterexpress_user
--

COPY public.storefront_websites (id, organization_id, name, slug, status, default_locale, metadata, created_by_id, updated_by_id, created_at, updated_at) FROM stdin;
1	1000	paperflight	store	active	\N	{"activeThemeId": "8", "activeThemeVersionId": "5", "shopifyLiquidPackageFile": "/storefront/theme-packages/concept-theme.zip"}	1000	1000	2026-04-23 13:35:20.063	\N
3	1054	Water Ice Express	water-ice-express	active	en	\N	\N	\N	2026-06-03 15:34:09.714	\N
\.


--
-- Data for Name: task_comments; Type: TABLE DATA; Schema: public; Owner: waterexpress_user
--

COPY public.task_comments (id, task_id, comment, user_id, created_at, updated_at) FROM stdin;
\.


--
-- Data for Name: task_stages; Type: TABLE DATA; Schema: public; Owner: waterexpress_user
--

COPY public.task_stages (id, name, color, complete, "order", creator_id, created_by, created_at, updated_at) FROM stdin;
4	Done	#10b981	t	4	1000	1000	2026-03-19 09:53:59.356	\N
3	In Review	#f59e0b	f	3	1000	1000	2026-03-19 09:53:59.356	\N
1	To Do	#6b7280	f	1	1000	1000	2026-03-19 09:53:59.356	\N
2	In Progress	#3b82f6	f	2	1000	1000	2026-03-19 09:53:59.356	\N
\.


--
-- Data for Name: task_subtasks; Type: TABLE DATA; Schema: public; Owner: waterexpress_user
--

COPY public.task_subtasks (id, task_id, name, due_date, is_completed, user_id, created_at, updated_at) FROM stdin;
\.


--
-- Data for Name: user_coupons; Type: TABLE DATA; Schema: public; Owner: waterexpress_user
--

COPY public.user_coupons (id, coupon_id, user_id, order_id, created_at, updated_at) FROM stdin;
\.


--
-- Data for Name: user_google_calendar_connections; Type: TABLE DATA; Schema: public; Owner: waterexpress_user
--

COPY public.user_google_calendar_connections (id, user_id, organization_id, google_email, refresh_token, access_token, access_token_expires_at, calendar_id, sync_live_sessions, created_at, updated_at) FROM stdin;
\.


--
-- Data for Name: users; Type: TABLE DATA; Schema: public; Owner: waterexpress_user
--

COPY public.users (id, name, email, password, type, slug, mobile_no, avatar, lang, is_enable_login, is_active, active_plan, plan_expire_date, creator_id, created_by, email_verified_at, created_at, updated_at, partner_id, referral_source, referred_at, marketplace_vendor_id, force_password_reset) FROM stdin;
1015	Mike Long	mlingg@aooo.com	$2b$10$sZZ/aATwNWnkfMYNyLlhi.m2yhWEWoZaoSQ/UJVKIQv/29ahXys36	client	\N	\N	\N	\N	t	t	\N	\N	\N	1000	2026-03-31 14:29:05.404	2026-03-31 14:29:05.405	\N	\N	\N	\N	\N	f
1016	Mike Long	mlong@ooool.com	$2b$10$2fSjmJ2T2kGfiGxQQXOCO.t/WLZyLZAtfOyc.k/CKxw6efVAWXsGy	client	\N	\N	\N	\N	t	t	\N	\N	\N	1000	2026-03-31 14:30:09.315	2026-03-31 14:30:09.316	\N	\N	\N	\N	\N	f
1018	Test	ets@mgil.com	$2b$10$a.Z1wzfhRtwEs5LUoTeH0uxHjmkYizHO1MSovV4zge0DNdgb0/v.y	client	\N	\N	\N	\N	t	t	\N	\N	\N	1000	2026-04-01 05:54:03.497	2026-04-01 05:54:03.498	\N	\N	\N	\N	\N	f
1004	Coastal Pelicans	lnicely@me.com	$2b$10$9RkZq/zLJ5OXYsJXfzy2qe.nH9ThlWMJ.HyjnJUTSReuhFRsZ9Gei	company	JU-0001-CO-26	(904) 826-7288	\N	en	t	t	\N	\N	1	1	2026-03-09 18:56:08.382	2026-03-09 18:56:08.382	2026-04-14 06:50:22.498	\N	\N	\N	\N	f
1019	Christy Fletcher	cfletchers@aoool.com	$2b$10$FQNv3ISXYE3CjiJbEjUO4e3xUTFyRt8/k2dc7W3JQmBNd18P6WwC2	client	\N	\N	\N	\N	t	t	\N	\N	\N	1000	2026-04-15 17:03:49.247	2026-04-15 17:03:49.249	\N	\N	\N	\N	\N	f
1	Super Admin	superadmin@example.com	$2b$10$HuDQ4pWUHajoblu5uKqwzuWket3h5VJ8Ofjm6sto.8B6XR8C2V/mi	superadmin	\N	(234) 243-2432	uploads/avatars/avatar-1776421192964-a63925c6d1b21.png	\N	\N	\N	\N	\N	\N	\N	2026-03-05 14:30:56.431	2026-03-05 14:30:56.433	2026-04-17 10:19:52.966	\N	\N	\N	\N	f
1021	Test Test	testsets@gmail.com	$2b$10$xkner8rPBS3LK0NjOaqWoeOii/oJKoBX08vvxBmPUI7ypi.rAHm3i	client	\N	\N	\N	\N	t	t	\N	\N	\N	1000	2026-04-20 10:44:22.422	2026-04-20 10:44:22.423	\N	\N	\N	\N	\N	f
1022	DevOps	devopssdf@gmail.comm	$2b$10$tQJgvwlDrnrxzX3G16IO7OsGXNk2kcsxlq7Ij/4SJAy4jAvfB/DQ.	vendor	\N	\N	\N	\N	t	t	\N	\N	\N	1000	2026-04-20 10:44:53.368	2026-04-20 10:44:53.369	\N	\N	\N	\N	\N	f
1023	tset test	testest@gmail.com	$2b$10$KloaXQucKu4OmACcITbfy.EskqpIxSATnlooQeTENUEZJ6sPLuWYa	client	\N	\N	\N	\N	t	t	\N	\N	\N	1000	2026-04-20 11:46:19.018	2026-04-20 11:46:19.019	\N	\N	\N	\N	\N	f
1024	Umakant Sonwani	checks@mailsac.com	$2b$10$x5Zwv/qzqlXbUbtot28jvOvR20E/Zbpv0buoWyJf3Q6kHWKbxBCXS	client	\N	\N	\N	\N	t	t	\N	\N	\N	1000	2026-04-21 06:38:42.515	2026-04-21 06:38:42.516	\N	\N	\N	\N	\N	f
1025	Test	testes@gmail.cpomm	$2b$10$XYGfhRCGsV/drnqI0/WCIeIxmnLtVx0bxJZAOdmAGpdvRN1i./pYW	vendor	\N	\N	\N	\N	t	t	\N	\N	\N	1000	2026-04-21 06:41:23.376	2026-04-21 06:41:23.377	\N	\N	\N	\N	\N	f
1029	Christy Fletcher	cfletcher@aool.com	$2b$10$WdbDPdQZ1j3A5M8g1n6jtubYher4dtgnq.yWyIqcjjtDVgESNmka6	client	\N	\N	\N	\N	t	t	\N	\N	\N	1028	2026-04-25 10:19:31.132	2026-04-25 10:19:31.133	\N	\N	\N	\N	\N	f
1030	Test Test	employeeregister@mailsac.com	$2b$10$FDlJNs7XMRzgTfR0XUBhZeUaRu.0dpNX6Zpqlwlg18flvwav3pRBS	staff	\N	\N	\N	\N	t	t	\N	\N	\N	1028	2026-04-25 11:28:05.577	2026-04-25 11:28:05.578	\N	\N	\N	\N	\N	f
1032	test test	testset@gmal.com	$2b$10$/YP5NDH0IzIxSao3qwiPLOWpqOYP4ycFYGYEvgKtPE2yhyqRvkeh6	client	\N	\N	\N	\N	t	t	\N	\N	\N	1000	2026-04-27 09:08:24.065	2026-04-27 09:08:24.066	\N	\N	\N	\N	\N	f
1033	Umakant Sonwani	testest@mgail.com	$2b$10$54Eqo6nToaXxzudI8hQBBufHpVpwEeHH4gCJEf6VTzN9rOHQuqnri	client	\N	\N	\N	\N	t	t	\N	\N	\N	1000	2026-04-27 10:12:26.098	2026-04-27 10:12:26.099	\N	\N	\N	\N	\N	f
1027	Acme Inc	anshulsonwani85@gmail.com	$2b$10$ggKnf64oKRCo03hsF9h5ueUziR0odk2Mwzx4yi0PH.7y81mwT9Kmq	company	\N	(324) 324-2343	\N	en	t	t	2	\N	\N	\N	2026-04-22 09:53:36.529	2026-04-22 09:53:36.529	\N	\N	\N	\N	\N	f
1035	Grace Thompson	g.thompson@paperflight.demo	$2b$10$Co4se7pbirf2KFW8ywSBSeTXxmnJDpeRyxKQLrdvrygNZXDPglRzi	staff	\N	\N	\N	\N	t	t	\N	\N	\N	1000	2026-05-22 07:24:31.114	2026-05-22 07:24:31.116	\N	\N	\N	\N	\N	f
1010	Sarah Johnson	hr@example.com	$2b$10$ADjgXO/V3Qe.z/dh4rl5CuqolrbTjPF1cOh1Xt8I0EOxJYdbQBzoq	staff	\N	+1-212-555-1010	\N	\N	t	t	\N	\N	1000	1000	2026-05-25 11:28:29.735	2026-03-19 10:24:58.504	\N	\N	\N	\N	\N	f
1036	Samantha Clarke	s.clarke@paperflight.demo	$2b$10$03SyQwA5oC60qeXldZQizuY5JB72kNxYb1wfxkcKXKA.sWEQdJxLO	staff	\N	\N	\N	\N	t	t	\N	\N	\N	1000	2026-05-22 07:24:34.211	2026-05-22 07:24:34.212	\N	\N	\N	\N	\N	f
1039	Charlotte Wong	c.wong@paperflight.demo	$2b$10$HFkc/TJRrIiiCjnPL7SZSupp6D9382BwSP1cFfsixHRSeOOeOnmIu	staff	\N	\N	\N	\N	t	t	\N	\N	\N	1000	2026-05-22 07:24:34.566	2026-05-22 07:24:34.567	\N	\N	\N	\N	\N	f
1040	Daniel Kim	d.kim@paperflight.demo	$2b$10$oOksfWoS5b.A5yGcVlUh3.OTlOmKhFn3IyHBssQH5dHqzv11xKLk6	staff	\N	\N	\N	\N	t	t	\N	\N	\N	1000	2026-05-22 07:24:34.691	2026-05-22 07:24:34.692	\N	\N	\N	\N	\N	f
1041	Natasha Müller	n.muller@paperflight.demo	$2b$10$snOV8pDXwhrEDKwAGCaDKOcCuETlJFCDypHAw9WSOIYKbyzwEZpdS	staff	\N	\N	\N	\N	t	t	\N	\N	\N	1000	2026-05-22 07:24:34.827	2026-05-22 07:24:34.829	\N	\N	\N	\N	\N	f
1011	Michael Chen	finance@example.com	$2b$10$ADjgXO/V3Qe.z/dh4rl5CuqolrbTjPF1cOh1Xt8I0EOxJYdbQBzoq	staff	\N	+1-212-555-1011	\N	\N	t	t	\N	\N	1000	1000	2026-05-25 11:28:29.746	2026-03-19 10:24:58.53	\N	\N	\N	\N	\N	f
1012	Emma Williams	sales@example.com	$2b$10$ADjgXO/V3Qe.z/dh4rl5CuqolrbTjPF1cOh1Xt8I0EOxJYdbQBzoq	staff	\N	+1-212-555-1012	\N	\N	t	t	\N	\N	1000	1000	2026-05-25 11:28:29.752	2026-03-19 10:24:58.552	\N	\N	\N	\N	\N	f
1013	James Rodriguez	support@example.com	$2b$10$ADjgXO/V3Qe.z/dh4rl5CuqolrbTjPF1cOh1Xt8I0EOxJYdbQBzoq	staff	\N	+1-212-555-1013	\N	\N	t	t	\N	\N	1000	1000	2026-05-25 11:28:29.76	2026-03-19 10:24:58.573	\N	\N	\N	\N	\N	f
1002	Acme Corp Client	client@example.com	$2b$10$ADjgXO/V3Qe.z/dh4rl5CuqolrbTjPF1cOh1Xt8I0EOxJYdbQBzoq	client	\N	+1-312-555-2001	\N	\N	t	t	\N	\N	1000	1000	2026-05-25 11:28:29.766	2026-03-05 14:30:56.561	\N	\N	\N	\N	\N	f
1037	Marcus Rivera	m.rivera@paperflight.demo	$2b$10$r1YrFZCKUlx.3kpeRb0KceymgGGNU6i41FvEI1JcwE.Tsf5eBdPEO	staff	\N	\N	\N	\N	t	t	\N	\N	\N	1000	2026-05-22 07:24:34.328	2026-05-22 07:24:34.329	\N	\N	\N	\N	\N	f
1038	Tyler Johnson	t.johnson@paperflight.demo	$2b$10$8NW24mKQ.79UMRigBo5DHO50EnrM72zZGfGrTVpE.WLSeTcLPVECK	staff	\N	\N	\N	\N	t	t	\N	\N	\N	1000	2026-05-22 07:24:34.446	2026-05-22 07:24:34.447	\N	\N	\N	\N	\N	f
1042	Omar Hassan	o.hassan@paperflight.demo	$2b$10$jpi.5Fl5LYsldwrKiyRcuuJDbTkz6KGVeSjXdapgETpVXKzBU9Pe6	staff	\N	\N	\N	\N	t	t	\N	\N	\N	1000	2026-05-22 07:24:34.97	2026-05-22 07:24:34.971	\N	\N	\N	\N	\N	f
1031	Test Test	employee2@mailsac.com	$2b$10$mmss8ETKySpuG7fuXk2YROGaAhZIrUUsYQW64GR/3Hzb4mIaWuEqi	staff	\N	\N	\N	\N	t	t	\N	\N	\N	1000	2026-04-27 09:03:56.546	2026-04-27 09:03:56.547	\N	\N	\N	\N	\N	f
1034	Aisha Patel	a.patel@paperflight.demo	$2b$10$DkotvVpB.LvDZ8KSUEkmKeuVlWCpl35ZteAirR0RmLb5FnxYWPZ7G	staff	\N	\N	\N	\N	t	t	\N	\N	\N	1000	2026-05-22 07:24:11.517	2026-05-22 07:24:11.519	\N	\N	\N	\N	\N	f
1003	Global Vendor Ltd	vendor@example.com	$2b$10$ADjgXO/V3Qe.z/dh4rl5CuqolrbTjPF1cOh1Xt8I0EOxJYdbQBzoq	vendor	\N	+1-312-555-3001	\N	\N	t	t	\N	\N	1000	1000	2026-05-25 11:28:29.777	2026-03-05 14:30:56.593	\N	\N	\N	\N	\N	f
1043	Umakant Sonwani	emp3@mailsac.com	$2b$10$kRZA3F3Ht.5O7Jc1P0p98.BXgZYdd2qufoEmdf8S7HI.fJpCfYQ76	staff	\N	\N	\N	\N	t	t	\N	\N	\N	1000	2026-05-22 09:10:59.559	2026-05-22 09:10:59.56	\N	\N	\N	\N	\N	f
1000	PaperFlight Inc.	company@example.com	$2b$10$ADjgXO/V3Qe.z/dh4rl5CuqolrbTjPF1cOh1Xt8I0EOxJYdbQBzoq	company	PH-0001-CO-26	+1-212-555-0100	\N	en	t	t	4	\N	\N	\N	2026-05-25 11:28:29.437	2026-03-05 14:30:56.501	\N	\N	\N	\N	\N	f
1001	Alex Morgan	staff@example.com	$2b$10$ADjgXO/V3Qe.z/dh4rl5CuqolrbTjPF1cOh1Xt8I0EOxJYdbQBzoq	staff	\N	+1-212-555-1001	\N	\N	t	t	\N	\N	1000	1000	2026-05-25 11:28:29.726	2026-03-05 14:30:56.53	\N	\N	\N	\N	\N	f
1044	Umakant Sonwani	learner.demo@example.com	$2b$10$EDCkcabUZpDeGJPOQpFVqOtu/1JN057sdoo4mrKvemMgKOApaoJey	lms-student	\N	\N	\N	\N	t	t	\N	\N	\N	1000	2026-05-25 11:28:44.865	2026-05-25 11:28:44.866	\N	\N	\N	\N	\N	f
1045	Anshul Demo	anshul.demo@example.com	$2b$10$EDCkcabUZpDeGJPOQpFVqOtu/1JN057sdoo4mrKvemMgKOApaoJey	lms-student	\N	\N	\N	\N	t	t	\N	\N	\N	1000	2026-05-25 11:28:44.877	2026-05-25 11:28:44.878	\N	\N	\N	\N	\N	f
1046	Alex Rivera	instructor.portal@example.com	$2b$10$EDCkcabUZpDeGJPOQpFVqOtu/1JN057sdoo4mrKvemMgKOApaoJey	lms-instructor	\N	\N	\N	\N	t	t	\N	\N	\N	1000	2026-05-25 11:28:44.887	2026-05-25 11:28:44.888	\N	\N	\N	\N	\N	f
1047	Acme Growth Partners	testpartner@example.com	$2b$10$djHLvzLJJwHwbczusW2mU.h6AImbWX6bAuKds/sCtfvIa0QThPH9S	partner	\N	\N	\N	\N	\N	t	\N	\N	\N	\N	2026-06-01 13:35:02.457	2026-06-01 13:35:02.459	\N	\N	\N	\N	\N	f
1048	Shiny Auto Detailing	shinydetailing@example.com	$2b$10$djHLvzLJJwHwbczusW2mU.h6AImbWX6bAuKds/sCtfvIa0QThPH9S	company	\N	\N	\N	\N	\N	t	1	\N	\N	\N	2026-06-01 13:35:02.571	2026-06-01 13:35:02.573	\N	1	slug:acme-growth	2026-06-01 13:35:02.571	\N	f
1049	Fresh Clean Pros	freshcleanpros@example.com	$2b$10$djHLvzLJJwHwbczusW2mU.h6AImbWX6bAuKds/sCtfvIa0QThPH9S	company	\N	\N	\N	\N	\N	t	1	\N	\N	\N	2026-06-01 13:35:02.596	2026-06-01 13:35:02.599	\N	1	slug:acme-growth	2026-06-01 13:35:02.596	\N	f
1017	Umakant Sonwani	umakantsonwani@gmail.com	$2b$10$55Mn0KOYIn5K/NaBuEmbYuF6813L650Gh3DJzxYEGvh6pKRGn71Ri	client	\N	\N	\N	\N	t	t	\N	\N	\N	1000	2026-05-20 12:17:47.38	2026-04-01 05:53:18.137	\N	\N	\N	\N	\N	f
1050	Trial Garage LLC	trialgarage@example.com	$2b$10$djHLvzLJJwHwbczusW2mU.h6AImbWX6bAuKds/sCtfvIa0QThPH9S	company	\N	\N	\N	\N	\N	t	\N	\N	\N	\N	2026-06-01 13:35:02.624	2026-06-01 13:35:02.625	\N	1	slug:acme-growth	2026-06-01 13:35:02.624	\N	f
1051	Lost Lead Co	lostlead@example.com	$2b$10$djHLvzLJJwHwbczusW2mU.h6AImbWX6bAuKds/sCtfvIa0QThPH9S	company	\N	\N	\N	\N	\N	f	\N	\N	\N	\N	2026-06-01 13:35:02.655	2026-06-01 13:35:02.656	\N	1	slug:acme-growth	2026-06-01 13:35:02.655	\N	f
1052	Anika Sonwani	anikasonwani12@gmail.com	$2b$10$GYxZZHmA1P2kbqIVVuwSeuVgVfqwBpmMErDUvIrKynvzPnwyda9FO	client	\N	\N	\N	\N	t	t	\N	\N	\N	1000	2026-06-02 11:08:28.986	2026-06-02 11:08:28.989	\N	\N	\N	\N	\N	f
1053	Philly Water Ice Test	hitia1969@gmail.com	$2b$10$vvdKDt4JFVbCco6f29b8cuIO1gaIe0xJaqOg0GSQ9lwAAEWQl4EYy	company	\N	(904) 826-7288	\N	en	t	t	2	\N	\N	\N	2026-06-03 12:07:37.357	2026-06-03 12:07:37.357	\N	\N	\N	\N	\N	f
1054	Water Ice Express	store@waterice-express.internal	\N	platform	\N	\N	\N	\N	f	t	\N	\N	\N	\N	\N	2026-06-03 15:34:09.706	\N	\N	\N	\N	\N	f
1055	Sunshine Catering Co	demo+sunshine@waterice.test	$2b$10$043FESnA40gZ9aftlobzJ.UMOkmbkBWfsLRP9W7js2ATQFE0eawLa	company	sunshine-catering-co	\N	\N	\N	t	t	\N	\N	1	1	2026-06-08 06:36:26.859	2026-06-08 06:36:26.859	\N	\N	\N	\N	\N	f
1056	Beachside Events LLC	demo+beachside@waterice.test	$2b$10$9tKHIlqP6kBfjUDEgLsgK.r15YVOhYMSIxV8kb0uvrs15nVkEZ3Ty	company	beachside-events-llc	\N	\N	\N	t	t	\N	\N	1	1	2026-06-08 06:36:26.981	2026-06-08 06:36:26.981	\N	\N	\N	\N	\N	f
1057	Downtown Festivals Inc	demo+downtown@waterice.test	$2b$10$LWL4k.bCH4V/SYoDJubBoOXrQa1.2ttShCAZXPvJ.77Ap/x7F8Eg.	company	downtown-festivals-inc	\N	\N	\N	t	t	\N	\N	1	1	2026-06-08 06:36:27.089	2026-06-08 06:36:27.089	\N	\N	\N	\N	\N	f
1058	Riverside Concessions	demo+riverside@waterice.test	$2b$10$go6k0JrC4V50jTfm46e4q.nEK2RB7uFf/x/RjHzNFE46.9q9dv/Q.	company	riverside-concessions	\N	\N	\N	t	t	\N	\N	1	1	2026-06-08 06:36:27.197	2026-06-08 06:36:27.197	\N	\N	\N	\N	\N	f
1059	Lakeside Resorts Group	demo+lakeside@waterice.test	$2b$10$RWzswTTuM/581tJpfmlL1ejbmrcy56V0jyZEpngbMf02IBD4PSRne	company	lakeside-resorts-group	\N	\N	\N	t	t	\N	\N	1	1	2026-06-08 06:36:27.304	2026-06-08 06:36:27.304	\N	\N	\N	\N	\N	f
\.


--
-- Data for Name: vendor_payments; Type: TABLE DATA; Schema: public; Owner: waterexpress_user
--

COPY public.vendor_payments (id, reference_number, vendor_id, payment_date, amount, payment_method, bank_account_id, reference, status, notes, creator_id, created_by, created_at, updated_at) FROM stdin;
1001	VP-DEMO-001	1	2026-01-09	5200.00	bank_transfer	5	\N	completed	Utility bills Jan	1000	1000	2026-03-19 07:56:49.867	\N
1002	VP-DEMO-002	2	2026-01-16	12400.00	bank_transfer	5	\N	completed	Rent payment Jan	1000	1000	2026-03-19 07:56:49.867	\N
1003	VP-DEMO-003	1001	2026-02-12	8500.00	bank_transfer	6	\N	completed	Equipment lease payment	1000	1000	2026-03-19 07:56:49.867	\N
1004	VP-DEMO-004	4	2026-02-27	14200.00	online	7	\N	completed	Annual SaaS subscriptions	1000	1000	2026-03-19 07:56:49.867	\N
1005	VP-DEMO-005	1003	2026-03-03	11000.00	bank_transfer	5	\N	pending	Partial server hardware payment	1000	1000	2026-03-19 07:56:49.867	\N
\.


--
-- Data for Name: vendors; Type: TABLE DATA; Schema: public; Owner: waterexpress_user
--

COPY public.vendors (id, created_by, name, company_name, email, phone, tax_number, billing_address, billing_city, billing_state, billing_postal_code, billing_country, shipping_address, shipping_city, shipping_state, shipping_postal_code, shipping_country, same_as_billing, status, notes, created_at, updated_at) FROM stdin;
1001	1000	CloudPrint Supply Co.	CloudPrint Supply	orders@cloudprint.demo	+1-800-555-0601	\N	1 Printer Lane	Portland	OR	97201	USA	\N	\N	\N	\N	\N	t	active	\N	2026-03-19 07:56:49.534	\N
1002	1000	Swift Office Supplies	Swift Office	sales@swiftoffice.demo	+1-800-555-0602	\N	77 Supply Ave	Phoenix	AZ	85001	USA	\N	\N	\N	\N	\N	t	active	\N	2026-03-19 07:56:49.534	\N
1003	1000	TechParts Direct	TechParts Direct	info@techpartsdirect.demo	+1-800-555-0603	\N	500 Industrial Park	Detroit	MI	48201	USA	\N	\N	\N	\N	\N	t	active	\N	2026-03-19 07:56:49.534	\N
1	1000	DevOps	DevOps	devopssdf@gmail.comm	2342342343	3234	154 Pierrepont St, Brooklyn, NY 11201, USA	Brooklyn	New York	11201	United States	154 Pierrepont St, Brooklyn, NY 11201, USA	Brooklyn	New York	11201	United States	t	active	\N	2026-04-20 10:44:53.376	\N
2	1000	Test	Test	testes@gmail.cpomm	2342343242	Test	1535 Broadway, New York, NY 10036, USA	New York	New York	10036	United States	1535 Broadway, New York, NY 10036, USA	New York	New York	10036	United States	t	active	\N	2026-04-21 06:41:23.385	\N
\.


--
-- Data for Name: wa_contacts; Type: TABLE DATA; Schema: public; Owner: waterexpress_user
--

COPY public.wa_contacts (id, name, phone, type, user_id, created_at, updated_at) FROM stdin;
\.


--
-- Data for Name: wa_event_notifications; Type: TABLE DATA; Schema: public; Owner: waterexpress_user
--

COPY public.wa_event_notifications (id, event, label, is_enabled, template, created_at, updated_at) FROM stdin;
1	new_invoice	New Invoice Created	t	\N	2026-03-28 05:06:45.445	\N
2	invoice_paid	Invoice Paid	t	\N	2026-03-28 05:06:45.536	\N
3	new_ticket	New Support Ticket	t	\N	2026-03-28 05:06:45.595	\N
4	ticket_replied	Support Ticket Replied	t	\N	2026-03-28 05:06:45.653	\N
5	new_lead	New CRM Lead	t	\N	2026-03-28 05:06:45.714	\N
6	appointment_booked	Appointment Booked	t	\N	2026-03-28 05:06:45.772	\N
7	appointment_reminder	Appointment Reminder	t	\N	2026-03-28 05:06:45.831	\N
8	asset_assigned	Asset Assigned	t	\N	2026-03-28 05:06:45.89	\N
9	asset_due_return	Asset Due for Return	t	\N	2026-03-28 05:06:45.948	\N
10	leave_approved	Leave Approved	t	\N	2026-03-28 05:06:46.009	\N
11	leave_rejected	Leave Rejected	t	\N	2026-03-28 05:06:46.068	\N
12	payroll_processed	Payroll Processed	t	\N	2026-03-28 05:06:46.127	\N
\.


--
-- Data for Name: wa_messages; Type: TABLE DATA; Schema: public; Owner: waterexpress_user
--

COPY public.wa_messages (id, contact_id, direction, message, status, created_at) FROM stdin;
\.


--
-- Data for Name: wa_settings; Type: TABLE DATA; Schema: public; Owner: waterexpress_user
--

COPY public.wa_settings (id, key, value, created_at, updated_at) FROM stdin;
1	provider	twilio	2026-03-28 05:06:46.219	\N
2	account_sid		2026-03-28 05:06:46.31	\N
3	auth_token		2026-03-28 05:06:46.369	\N
4	from_number		2026-03-28 05:06:46.43	\N
\.


--
-- Data for Name: warehouses; Type: TABLE DATA; Schema: public; Owner: waterexpress_user
--

COPY public.warehouses (id, name, address, city, zip_code, phone, email, is_active, creator_id, created_by, created_at, updated_at) FROM stdin;
1001	Main Warehouse	100 Commerce St	New York	10001	+1-212-555-0100	main@warehouse.demo	t	1000	1000	2026-03-19 07:56:49.367	\N
1002	North Distribution Center	500 Industrial Blvd	Chicago	60601	+1-312-555-0200	north@warehouse.demo	t	1000	1000	2026-03-19 07:56:49.367	\N
1003	South Fulfillment Hub	200 Harbor Dr	Miami	33101	+1-305-555-0300	south@warehouse.demo	t	1000	1000	2026-03-19 07:56:49.367	\N
\.


--
-- Data for Name: waterice_memberships; Type: TABLE DATA; Schema: public; Owner: waterexpress_user
--

COPY public.waterice_memberships (id, name, slug, price, billing_period, tagline, perks, badge, cta_label, featured, published, sort_order, created_at, updated_at) FROM stdin;
1	Frozen Fortune Insider	frozen-fortune-insider	19.99	month	Perfect for entrepreneurs getting started and learning the foundations of the water ice business.	["Monthly business tips & training", "Community access", "Beginner startup resources", "Limited Canva templates", "Basic vendor guidance", "Monthly live Q&A sessions"]	\N	Join	f	t	0	2026-06-04 08:40:03.086	2026-06-04 08:40:03.086
2	VIP Frozen Fortune Society	vip-frozen-fortune-society	29.99	month	Advanced mentorship, business growth systems, and priority opportunities for serious entrepreneurs looking to scale.	["Everything in Insider", "Advanced business trainings", "Live coaching sessions", "Pricing & profit systems", "Full marketing template access", "Wholesale & vendor discounts", "Priority vending opportunities", "VIP entrepreneur community access"]	Most Popular	Join	t	t	1	2026-06-04 08:40:03.098	2026-06-04 08:40:03.098
\.


--
-- Name: account_categories_id_seq; Type: SEQUENCE SET; Schema: public; Owner: waterexpress_user
--

SELECT pg_catalog.setval('public.account_categories_id_seq', 2, true);


--
-- Name: account_types_id_seq; Type: SEQUENCE SET; Schema: public; Owner: waterexpress_user
--

SELECT pg_catalog.setval('public.account_types_id_seq', 1, true);


--
-- Name: add_ons_id_seq; Type: SEQUENCE SET; Schema: public; Owner: waterexpress_user
--

SELECT pg_catalog.setval('public.add_ons_id_seq', 4, true);


--
-- Name: affiliate_commissions_id_seq; Type: SEQUENCE SET; Schema: public; Owner: waterexpress_user
--

SELECT pg_catalog.setval('public.affiliate_commissions_id_seq', 24, true);


--
-- Name: affiliate_links_id_seq; Type: SEQUENCE SET; Schema: public; Owner: waterexpress_user
--

SELECT pg_catalog.setval('public.affiliate_links_id_seq', 25, true);


--
-- Name: affiliate_partners_id_seq; Type: SEQUENCE SET; Schema: public; Owner: waterexpress_user
--

SELECT pg_catalog.setval('public.affiliate_partners_id_seq', 12, true);


--
-- Name: affiliate_payouts_id_seq; Type: SEQUENCE SET; Schema: public; Owner: waterexpress_user
--

SELECT pg_catalog.setval('public.affiliate_payouts_id_seq', 10, true);


--
-- Name: affiliate_programs_id_seq; Type: SEQUENCE SET; Schema: public; Owner: waterexpress_user
--

SELECT pg_catalog.setval('public.affiliate_programs_id_seq', 8, true);


--
-- Name: affiliate_settings_id_seq; Type: SEQUENCE SET; Schema: public; Owner: waterexpress_user
--

SELECT pg_catalog.setval('public.affiliate_settings_id_seq', 2, true);


--
-- Name: app_notifications_id_seq; Type: SEQUENCE SET; Schema: public; Owner: waterexpress_user
--

SELECT pg_catalog.setval('public.app_notifications_id_seq', 1, false);


--
-- Name: appointment_callbacks_id_seq; Type: SEQUENCE SET; Schema: public; Owner: waterexpress_user
--

SELECT pg_catalog.setval('public.appointment_callbacks_id_seq', 1, false);


--
-- Name: appointment_hours_id_seq; Type: SEQUENCE SET; Schema: public; Owner: waterexpress_user
--

SELECT pg_catalog.setval('public.appointment_hours_id_seq', 1, false);


--
-- Name: appointment_settings_id_seq; Type: SEQUENCE SET; Schema: public; Owner: waterexpress_user
--

SELECT pg_catalog.setval('public.appointment_settings_id_seq', 1, false);


--
-- Name: appointments_id_seq; Type: SEQUENCE SET; Schema: public; Owner: waterexpress_user
--

SELECT pg_catalog.setval('public.appointments_id_seq', 1, true);


--
-- Name: asset_assignments_id_seq; Type: SEQUENCE SET; Schema: public; Owner: waterexpress_user
--

SELECT pg_catalog.setval('public.asset_assignments_id_seq', 1, false);


--
-- Name: asset_borrow_payments_id_seq; Type: SEQUENCE SET; Schema: public; Owner: waterexpress_user
--

SELECT pg_catalog.setval('public.asset_borrow_payments_id_seq', 1, false);


--
-- Name: asset_borrow_rents_id_seq; Type: SEQUENCE SET; Schema: public; Owner: waterexpress_user
--

SELECT pg_catalog.setval('public.asset_borrow_rents_id_seq', 1, false);


--
-- Name: asset_categories_id_seq; Type: SEQUENCE SET; Schema: public; Owner: waterexpress_user
--

SELECT pg_catalog.setval('public.asset_categories_id_seq', 1, false);


--
-- Name: asset_depreciations_id_seq; Type: SEQUENCE SET; Schema: public; Owner: waterexpress_user
--

SELECT pg_catalog.setval('public.asset_depreciations_id_seq', 1, false);


--
-- Name: asset_locations_id_seq; Type: SEQUENCE SET; Schema: public; Owner: waterexpress_user
--

SELECT pg_catalog.setval('public.asset_locations_id_seq', 1, false);


--
-- Name: asset_maintenances_id_seq; Type: SEQUENCE SET; Schema: public; Owner: waterexpress_user
--

SELECT pg_catalog.setval('public.asset_maintenances_id_seq', 1, false);


--
-- Name: assets_id_seq; Type: SEQUENCE SET; Schema: public; Owner: waterexpress_user
--

SELECT pg_catalog.setval('public.assets_id_seq', 1, false);


--
-- Name: bank_accounts_id_seq; Type: SEQUENCE SET; Schema: public; Owner: waterexpress_user
--

SELECT pg_catalog.setval('public.bank_accounts_id_seq', 2, true);


--
-- Name: bank_transactions_id_seq; Type: SEQUENCE SET; Schema: public; Owner: waterexpress_user
--

SELECT pg_catalog.setval('public.bank_transactions_id_seq', 1, true);


--
-- Name: bank_transfer_payments_id_seq; Type: SEQUENCE SET; Schema: public; Owner: waterexpress_user
--

SELECT pg_catalog.setval('public.bank_transfer_payments_id_seq', 1, false);


--
-- Name: bank_transfers_id_seq; Type: SEQUENCE SET; Schema: public; Owner: waterexpress_user
--

SELECT pg_catalog.setval('public.bank_transfers_id_seq', 1, true);


--
-- Name: bug_comments_id_seq; Type: SEQUENCE SET; Schema: public; Owner: waterexpress_user
--

SELECT pg_catalog.setval('public.bug_comments_id_seq', 1, false);


--
-- Name: bug_stages_id_seq; Type: SEQUENCE SET; Schema: public; Owner: waterexpress_user
--

SELECT pg_catalog.setval('public.bug_stages_id_seq', 1, false);


--
-- Name: candidate_assessments_id_seq; Type: SEQUENCE SET; Schema: public; Owner: waterexpress_user
--

SELECT pg_catalog.setval('public.candidate_assessments_id_seq', 1, false);


--
-- Name: candidate_onboardings_id_seq; Type: SEQUENCE SET; Schema: public; Owner: waterexpress_user
--

SELECT pg_catalog.setval('public.candidate_onboardings_id_seq', 1, false);


--
-- Name: candidate_sources_id_seq; Type: SEQUENCE SET; Schema: public; Owner: waterexpress_user
--

SELECT pg_catalog.setval('public.candidate_sources_id_seq', 4, true);


--
-- Name: candidates_id_seq; Type: SEQUENCE SET; Schema: public; Owner: waterexpress_user
--

SELECT pg_catalog.setval('public.candidates_id_seq', 1, false);


--
-- Name: ch_favorites_id_seq; Type: SEQUENCE SET; Schema: public; Owner: waterexpress_user
--

SELECT pg_catalog.setval('public.ch_favorites_id_seq', 1, false);


--
-- Name: ch_messages_id_seq; Type: SEQUENCE SET; Schema: public; Owner: waterexpress_user
--

SELECT pg_catalog.setval('public.ch_messages_id_seq', 1, false);


--
-- Name: chart_of_accounts_id_seq; Type: SEQUENCE SET; Schema: public; Owner: waterexpress_user
--

SELECT pg_catalog.setval('public.chart_of_accounts_id_seq', 1, true);


--
-- Name: checklist_items_id_seq; Type: SEQUENCE SET; Schema: public; Owner: waterexpress_user
--

SELECT pg_catalog.setval('public.checklist_items_id_seq', 1, false);


--
-- Name: company_marketplace_links_id_seq; Type: SEQUENCE SET; Schema: public; Owner: waterexpress_user
--

SELECT pg_catalog.setval('public.company_marketplace_links_id_seq', 1, false);


--
-- Name: coupons_id_seq; Type: SEQUENCE SET; Schema: public; Owner: waterexpress_user
--

SELECT pg_catalog.setval('public.coupons_id_seq', 1, false);


--
-- Name: credit_notes_id_seq; Type: SEQUENCE SET; Schema: public; Owner: waterexpress_user
--

SELECT pg_catalog.setval('public.credit_notes_id_seq', 1, false);


--
-- Name: crm_deal_activities_id_seq; Type: SEQUENCE SET; Schema: public; Owner: waterexpress_user
--

SELECT pg_catalog.setval('public.crm_deal_activities_id_seq', 1, false);


--
-- Name: crm_deals_id_seq; Type: SEQUENCE SET; Schema: public; Owner: waterexpress_user
--

SELECT pg_catalog.setval('public.crm_deals_id_seq', 4, true);


--
-- Name: crm_lead_activities_id_seq; Type: SEQUENCE SET; Schema: public; Owner: waterexpress_user
--

SELECT pg_catalog.setval('public.crm_lead_activities_id_seq', 1, false);


--
-- Name: crm_leads_id_seq; Type: SEQUENCE SET; Schema: public; Owner: waterexpress_user
--

SELECT pg_catalog.setval('public.crm_leads_id_seq', 5, true);


--
-- Name: crm_pipeline_stages_id_seq; Type: SEQUENCE SET; Schema: public; Owner: waterexpress_user
--

SELECT pg_catalog.setval('public.crm_pipeline_stages_id_seq', 6, true);


--
-- Name: crm_pipelines_id_seq; Type: SEQUENCE SET; Schema: public; Owner: waterexpress_user
--

SELECT pg_catalog.setval('public.crm_pipelines_id_seq', 2, true);


--
-- Name: custom_pages_id_seq; Type: SEQUENCE SET; Schema: public; Owner: waterexpress_user
--

SELECT pg_catalog.setval('public.custom_pages_id_seq', 1, false);


--
-- Name: custom_questions_id_seq; Type: SEQUENCE SET; Schema: public; Owner: waterexpress_user
--

SELECT pg_catalog.setval('public.custom_questions_id_seq', 1, true);


--
-- Name: customer_payments_id_seq; Type: SEQUENCE SET; Schema: public; Owner: waterexpress_user
--

SELECT pg_catalog.setval('public.customer_payments_id_seq', 1, false);


--
-- Name: customers_id_seq; Type: SEQUENCE SET; Schema: public; Owner: waterexpress_user
--

SELECT pg_catalog.setval('public.customers_id_seq', 16, true);


--
-- Name: debit_notes_id_seq; Type: SEQUENCE SET; Schema: public; Owner: waterexpress_user
--

SELECT pg_catalog.setval('public.debit_notes_id_seq', 1, false);


--
-- Name: delivery_city_queues_id_seq; Type: SEQUENCE SET; Schema: public; Owner: waterexpress_user
--

SELECT pg_catalog.setval('public.delivery_city_queues_id_seq', 17, true);


--
-- Name: delivery_event_orders_id_seq; Type: SEQUENCE SET; Schema: public; Owner: waterexpress_user
--

SELECT pg_catalog.setval('public.delivery_event_orders_id_seq', 14, true);


--
-- Name: delivery_events_id_seq; Type: SEQUENCE SET; Schema: public; Owner: waterexpress_user
--

SELECT pg_catalog.setval('public.delivery_events_id_seq', 9, true);


--
-- Name: em_cost_adjustments_id_seq; Type: SEQUENCE SET; Schema: public; Owner: waterexpress_user
--

SELECT pg_catalog.setval('public.em_cost_adjustments_id_seq', 1, false);


--
-- Name: em_expense_categories_id_seq; Type: SEQUENCE SET; Schema: public; Owner: waterexpress_user
--

SELECT pg_catalog.setval('public.em_expense_categories_id_seq', 19, true);


--
-- Name: em_expense_lines_id_seq; Type: SEQUENCE SET; Schema: public; Owner: waterexpress_user
--

SELECT pg_catalog.setval('public.em_expense_lines_id_seq', 3, true);


--
-- Name: em_expense_reports_id_seq; Type: SEQUENCE SET; Schema: public; Owner: waterexpress_user
--

SELECT pg_catalog.setval('public.em_expense_reports_id_seq', 2, true);


--
-- Name: em_time_entries_id_seq; Type: SEQUENCE SET; Schema: public; Owner: waterexpress_user
--

SELECT pg_catalog.setval('public.em_time_entries_id_seq', 21, true);


--
-- Name: em_workspace_context_id_seq; Type: SEQUENCE SET; Schema: public; Owner: waterexpress_user
--

SELECT pg_catalog.setval('public.em_workspace_context_id_seq', 1, true);


--
-- Name: em_workspace_documents_id_seq; Type: SEQUENCE SET; Schema: public; Owner: waterexpress_user
--

SELECT pg_catalog.setval('public.em_workspace_documents_id_seq', 1, false);


--
-- Name: em_workspace_notes_id_seq; Type: SEQUENCE SET; Schema: public; Owner: waterexpress_user
--

SELECT pg_catalog.setval('public.em_workspace_notes_id_seq', 1, true);


--
-- Name: email_template_langs_id_seq; Type: SEQUENCE SET; Schema: public; Owner: waterexpress_user
--

SELECT pg_catalog.setval('public.email_template_langs_id_seq', 1, false);


--
-- Name: email_templates_id_seq; Type: SEQUENCE SET; Schema: public; Owner: waterexpress_user
--

SELECT pg_catalog.setval('public.email_templates_id_seq', 1, false);


--
-- Name: expenses_id_seq; Type: SEQUENCE SET; Schema: public; Owner: waterexpress_user
--

SELECT pg_catalog.setval('public.expenses_id_seq', 1, false);


--
-- Name: form_conversions_id_seq; Type: SEQUENCE SET; Schema: public; Owner: waterexpress_user
--

SELECT pg_catalog.setval('public.form_conversions_id_seq', 1, false);


--
-- Name: form_fields_id_seq; Type: SEQUENCE SET; Schema: public; Owner: waterexpress_user
--

SELECT pg_catalog.setval('public.form_fields_id_seq', 104, true);


--
-- Name: form_responses_id_seq; Type: SEQUENCE SET; Schema: public; Owner: waterexpress_user
--

SELECT pg_catalog.setval('public.form_responses_id_seq', 1, false);


--
-- Name: forms_id_seq; Type: SEQUENCE SET; Schema: public; Owner: waterexpress_user
--

SELECT pg_catalog.setval('public.forms_id_seq', 8, true);


--
-- Name: hrm_acknowledgments_id_seq; Type: SEQUENCE SET; Schema: public; Owner: waterexpress_user
--

SELECT pg_catalog.setval('public.hrm_acknowledgments_id_seq', 1, false);


--
-- Name: hrm_announcements_id_seq; Type: SEQUENCE SET; Schema: public; Owner: waterexpress_user
--

SELECT pg_catalog.setval('public.hrm_announcements_id_seq', 1, false);


--
-- Name: hrm_attendances_id_seq; Type: SEQUENCE SET; Schema: public; Owner: waterexpress_user
--

SELECT pg_catalog.setval('public.hrm_attendances_id_seq', 2, true);


--
-- Name: hrm_award_types_id_seq; Type: SEQUENCE SET; Schema: public; Owner: waterexpress_user
--

SELECT pg_catalog.setval('public.hrm_award_types_id_seq', 1, false);


--
-- Name: hrm_awards_id_seq; Type: SEQUENCE SET; Schema: public; Owner: waterexpress_user
--

SELECT pg_catalog.setval('public.hrm_awards_id_seq', 1, false);


--
-- Name: hrm_branches_id_seq; Type: SEQUENCE SET; Schema: public; Owner: waterexpress_user
--

SELECT pg_catalog.setval('public.hrm_branches_id_seq', 1, false);


--
-- Name: hrm_complaints_id_seq; Type: SEQUENCE SET; Schema: public; Owner: waterexpress_user
--

SELECT pg_catalog.setval('public.hrm_complaints_id_seq', 1, false);


--
-- Name: hrm_departments_id_seq; Type: SEQUENCE SET; Schema: public; Owner: waterexpress_user
--

SELECT pg_catalog.setval('public.hrm_departments_id_seq', 1, false);


--
-- Name: hrm_designations_id_seq; Type: SEQUENCE SET; Schema: public; Owner: waterexpress_user
--

SELECT pg_catalog.setval('public.hrm_designations_id_seq', 1, false);


--
-- Name: hrm_documents_id_seq; Type: SEQUENCE SET; Schema: public; Owner: waterexpress_user
--

SELECT pg_catalog.setval('public.hrm_documents_id_seq', 1, false);


--
-- Name: hrm_employees_id_seq; Type: SEQUENCE SET; Schema: public; Owner: waterexpress_user
--

SELECT pg_catalog.setval('public.hrm_employees_id_seq', 8, true);


--
-- Name: hrm_events_id_seq; Type: SEQUENCE SET; Schema: public; Owner: waterexpress_user
--

SELECT pg_catalog.setval('public.hrm_events_id_seq', 1, false);


--
-- Name: hrm_holidays_id_seq; Type: SEQUENCE SET; Schema: public; Owner: waterexpress_user
--

SELECT pg_catalog.setval('public.hrm_holidays_id_seq', 1, true);


--
-- Name: hrm_leave_applications_id_seq; Type: SEQUENCE SET; Schema: public; Owner: waterexpress_user
--

SELECT pg_catalog.setval('public.hrm_leave_applications_id_seq', 1, false);


--
-- Name: hrm_leave_types_id_seq; Type: SEQUENCE SET; Schema: public; Owner: waterexpress_user
--

SELECT pg_catalog.setval('public.hrm_leave_types_id_seq', 1, false);


--
-- Name: hrm_payrolls_id_seq; Type: SEQUENCE SET; Schema: public; Owner: waterexpress_user
--

SELECT pg_catalog.setval('public.hrm_payrolls_id_seq', 1, false);


--
-- Name: hrm_promotions_id_seq; Type: SEQUENCE SET; Schema: public; Owner: waterexpress_user
--

SELECT pg_catalog.setval('public.hrm_promotions_id_seq', 1, false);


--
-- Name: hrm_resignations_id_seq; Type: SEQUENCE SET; Schema: public; Owner: waterexpress_user
--

SELECT pg_catalog.setval('public.hrm_resignations_id_seq', 1, false);


--
-- Name: hrm_salary_allocations_id_seq; Type: SEQUENCE SET; Schema: public; Owner: waterexpress_user
--

SELECT pg_catalog.setval('public.hrm_salary_allocations_id_seq', 1, false);


--
-- Name: hrm_shifts_id_seq; Type: SEQUENCE SET; Schema: public; Owner: waterexpress_user
--

SELECT pg_catalog.setval('public.hrm_shifts_id_seq', 1, false);


--
-- Name: hrm_terminations_id_seq; Type: SEQUENCE SET; Schema: public; Owner: waterexpress_user
--

SELECT pg_catalog.setval('public.hrm_terminations_id_seq', 1, false);


--
-- Name: hrm_transfers_id_seq; Type: SEQUENCE SET; Schema: public; Owner: waterexpress_user
--

SELECT pg_catalog.setval('public.hrm_transfers_id_seq', 1, false);


--
-- Name: hrm_warnings_id_seq; Type: SEQUENCE SET; Schema: public; Owner: waterexpress_user
--

SELECT pg_catalog.setval('public.hrm_warnings_id_seq', 1, false);


--
-- Name: interview_feedbacks_id_seq; Type: SEQUENCE SET; Schema: public; Owner: waterexpress_user
--

SELECT pg_catalog.setval('public.interview_feedbacks_id_seq', 1, false);


--
-- Name: interview_rounds_id_seq; Type: SEQUENCE SET; Schema: public; Owner: waterexpress_user
--

SELECT pg_catalog.setval('public.interview_rounds_id_seq', 1, true);


--
-- Name: interview_types_id_seq; Type: SEQUENCE SET; Schema: public; Owner: waterexpress_user
--

SELECT pg_catalog.setval('public.interview_types_id_seq', 2, true);


--
-- Name: interviews_id_seq; Type: SEQUENCE SET; Schema: public; Owner: waterexpress_user
--

SELECT pg_catalog.setval('public.interviews_id_seq', 1, false);


--
-- Name: job_locations_id_seq; Type: SEQUENCE SET; Schema: public; Owner: waterexpress_user
--

SELECT pg_catalog.setval('public.job_locations_id_seq', 2, true);


--
-- Name: job_postings_id_seq; Type: SEQUENCE SET; Schema: public; Owner: waterexpress_user
--

SELECT pg_catalog.setval('public.job_postings_id_seq', 1, false);


--
-- Name: job_types_id_seq; Type: SEQUENCE SET; Schema: public; Owner: waterexpress_user
--

SELECT pg_catalog.setval('public.job_types_id_seq', 2, true);


--
-- Name: lms_course_categories_id_seq; Type: SEQUENCE SET; Schema: public; Owner: waterexpress_user
--

SELECT pg_catalog.setval('public.lms_course_categories_id_seq', 1, true);


--
-- Name: lms_course_instructors_id_seq; Type: SEQUENCE SET; Schema: public; Owner: waterexpress_user
--

SELECT pg_catalog.setval('public.lms_course_instructors_id_seq', 18, true);


--
-- Name: lms_course_lessons_id_seq; Type: SEQUENCE SET; Schema: public; Owner: waterexpress_user
--

SELECT pg_catalog.setval('public.lms_course_lessons_id_seq', 33, true);


--
-- Name: lms_course_revenue_records_id_seq; Type: SEQUENCE SET; Schema: public; Owner: waterexpress_user
--

SELECT pg_catalog.setval('public.lms_course_revenue_records_id_seq', 1, true);


--
-- Name: lms_course_reviews_id_seq; Type: SEQUENCE SET; Schema: public; Owner: waterexpress_user
--

SELECT pg_catalog.setval('public.lms_course_reviews_id_seq', 2, true);


--
-- Name: lms_course_sections_id_seq; Type: SEQUENCE SET; Schema: public; Owner: waterexpress_user
--

SELECT pg_catalog.setval('public.lms_course_sections_id_seq', 15, true);


--
-- Name: lms_course_tags_id_seq; Type: SEQUENCE SET; Schema: public; Owner: waterexpress_user
--

SELECT pg_catalog.setval('public.lms_course_tags_id_seq', 5, true);


--
-- Name: lms_courses_id_seq; Type: SEQUENCE SET; Schema: public; Owner: waterexpress_user
--

SELECT pg_catalog.setval('public.lms_courses_id_seq', 8, true);


--
-- Name: lms_enrollments_id_seq; Type: SEQUENCE SET; Schema: public; Owner: waterexpress_user
--

SELECT pg_catalog.setval('public.lms_enrollments_id_seq', 12, true);


--
-- Name: lms_instructor_commissions_id_seq; Type: SEQUENCE SET; Schema: public; Owner: waterexpress_user
--

SELECT pg_catalog.setval('public.lms_instructor_commissions_id_seq', 1, true);


--
-- Name: lms_instructor_payouts_id_seq; Type: SEQUENCE SET; Schema: public; Owner: waterexpress_user
--

SELECT pg_catalog.setval('public.lms_instructor_payouts_id_seq', 1, true);


--
-- Name: lms_instructor_profiles_id_seq; Type: SEQUENCE SET; Schema: public; Owner: waterexpress_user
--

SELECT pg_catalog.setval('public.lms_instructor_profiles_id_seq', 2, true);


--
-- Name: lms_lesson_progress_id_seq; Type: SEQUENCE SET; Schema: public; Owner: waterexpress_user
--

SELECT pg_catalog.setval('public.lms_lesson_progress_id_seq', 3, true);


--
-- Name: lms_live_attendance_id_seq; Type: SEQUENCE SET; Schema: public; Owner: waterexpress_user
--

SELECT pg_catalog.setval('public.lms_live_attendance_id_seq', 2, true);


--
-- Name: lms_live_sessions_id_seq; Type: SEQUENCE SET; Schema: public; Owner: waterexpress_user
--

SELECT pg_catalog.setval('public.lms_live_sessions_id_seq', 2, true);


--
-- Name: lms_notification_logs_id_seq; Type: SEQUENCE SET; Schema: public; Owner: waterexpress_user
--

SELECT pg_catalog.setval('public.lms_notification_logs_id_seq', 1, false);


--
-- Name: lms_student_subscriptions_id_seq; Type: SEQUENCE SET; Schema: public; Owner: waterexpress_user
--

SELECT pg_catalog.setval('public.lms_student_subscriptions_id_seq', 1, true);


--
-- Name: lms_subscription_plan_courses_id_seq; Type: SEQUENCE SET; Schema: public; Owner: waterexpress_user
--

SELECT pg_catalog.setval('public.lms_subscription_plan_courses_id_seq', 3, true);


--
-- Name: lms_subscription_plans_id_seq; Type: SEQUENCE SET; Schema: public; Owner: waterexpress_user
--

SELECT pg_catalog.setval('public.lms_subscription_plans_id_seq', 1, true);


--
-- Name: lms_user_calendar_event_links_id_seq; Type: SEQUENCE SET; Schema: public; Owner: waterexpress_user
--

SELECT pg_catalog.setval('public.lms_user_calendar_event_links_id_seq', 1, false);


--
-- Name: login_histories_id_seq; Type: SEQUENCE SET; Schema: public; Owner: waterexpress_user
--

SELECT pg_catalog.setval('public.login_histories_id_seq', 296, true);


--
-- Name: marketplace_categories_id_seq; Type: SEQUENCE SET; Schema: public; Owner: waterexpress_user
--

SELECT pg_catalog.setval('public.marketplace_categories_id_seq', 37, true);


--
-- Name: marketplace_config_id_seq; Type: SEQUENCE SET; Schema: public; Owner: waterexpress_user
--

SELECT pg_catalog.setval('public.marketplace_config_id_seq', 1, false);


--
-- Name: marketplace_deliveries_id_seq; Type: SEQUENCE SET; Schema: public; Owner: waterexpress_user
--

SELECT pg_catalog.setval('public.marketplace_deliveries_id_seq', 24, true);


--
-- Name: marketplace_delivery_events_id_seq; Type: SEQUENCE SET; Schema: public; Owner: waterexpress_user
--

SELECT pg_catalog.setval('public.marketplace_delivery_events_id_seq', 46, true);


--
-- Name: marketplace_delivery_queues_id_seq; Type: SEQUENCE SET; Schema: public; Owner: waterexpress_user
--

SELECT pg_catalog.setval('public.marketplace_delivery_queues_id_seq', 5, true);


--
-- Name: marketplace_order_items_id_seq; Type: SEQUENCE SET; Schema: public; Owner: waterexpress_user
--

SELECT pg_catalog.setval('public.marketplace_order_items_id_seq', 43, true);


--
-- Name: marketplace_order_lines_id_seq; Type: SEQUENCE SET; Schema: public; Owner: waterexpress_user
--

SELECT pg_catalog.setval('public.marketplace_order_lines_id_seq', 43, true);


--
-- Name: marketplace_orders_id_seq; Type: SEQUENCE SET; Schema: public; Owner: waterexpress_user
--

SELECT pg_catalog.setval('public.marketplace_orders_id_seq', 24, true);


--
-- Name: marketplace_products_id_seq; Type: SEQUENCE SET; Schema: public; Owner: waterexpress_user
--

SELECT pg_catalog.setval('public.marketplace_products_id_seq', 44, true);


--
-- Name: marketplace_settings_id_seq; Type: SEQUENCE SET; Schema: public; Owner: waterexpress_user
--

SELECT pg_catalog.setval('public.marketplace_settings_id_seq', 1, false);


--
-- Name: marketplace_vendor_permissions_id_seq; Type: SEQUENCE SET; Schema: public; Owner: waterexpress_user
--

SELECT pg_catalog.setval('public.marketplace_vendor_permissions_id_seq', 1, false);


--
-- Name: marketplace_vendor_staff_id_seq; Type: SEQUENCE SET; Schema: public; Owner: waterexpress_user
--

SELECT pg_catalog.setval('public.marketplace_vendor_staff_id_seq', 1, false);


--
-- Name: marketplace_vendors_id_seq; Type: SEQUENCE SET; Schema: public; Owner: waterexpress_user
--

SELECT pg_catalog.setval('public.marketplace_vendors_id_seq', 8, true);


--
-- Name: media_directories_id_seq; Type: SEQUENCE SET; Schema: public; Owner: waterexpress_user
--

SELECT pg_catalog.setval('public.media_directories_id_seq', 1, true);


--
-- Name: media_id_seq; Type: SEQUENCE SET; Schema: public; Owner: waterexpress_user
--

SELECT pg_catalog.setval('public.media_id_seq', 24, true);


--
-- Name: newsletter_subscribers_id_seq; Type: SEQUENCE SET; Schema: public; Owner: waterexpress_user
--

SELECT pg_catalog.setval('public.newsletter_subscribers_id_seq', 1, false);


--
-- Name: notification_template_langs_id_seq; Type: SEQUENCE SET; Schema: public; Owner: waterexpress_user
--

SELECT pg_catalog.setval('public.notification_template_langs_id_seq', 4, true);


--
-- Name: offer_letters_id_seq; Type: SEQUENCE SET; Schema: public; Owner: waterexpress_user
--

SELECT pg_catalog.setval('public.offer_letters_id_seq', 1, false);


--
-- Name: offers_id_seq; Type: SEQUENCE SET; Schema: public; Owner: waterexpress_user
--

SELECT pg_catalog.setval('public.offers_id_seq', 1, false);


--
-- Name: onboarding_checklists_id_seq; Type: SEQUENCE SET; Schema: public; Owner: waterexpress_user
--

SELECT pg_catalog.setval('public.onboarding_checklists_id_seq', 4, true);


--
-- Name: pos_branch_sales_targets_id_seq; Type: SEQUENCE SET; Schema: public; Owner: waterexpress_user
--

SELECT pg_catalog.setval('public.pos_branch_sales_targets_id_seq', 1, false);


--
-- Name: pos_branches_id_seq; Type: SEQUENCE SET; Schema: public; Owner: waterexpress_user
--

SELECT pg_catalog.setval('public.pos_branches_id_seq', 1, false);


--
-- Name: pos_brands_id_seq; Type: SEQUENCE SET; Schema: public; Owner: waterexpress_user
--

SELECT pg_catalog.setval('public.pos_brands_id_seq', 1, false);


--
-- Name: pos_cash_registers_id_seq; Type: SEQUENCE SET; Schema: public; Owner: waterexpress_user
--

SELECT pg_catalog.setval('public.pos_cash_registers_id_seq', 1, false);


--
-- Name: pos_categories_id_seq; Type: SEQUENCE SET; Schema: public; Owner: waterexpress_user
--

SELECT pg_catalog.setval('public.pos_categories_id_seq', 1, false);


--
-- Name: pos_customers_id_seq; Type: SEQUENCE SET; Schema: public; Owner: waterexpress_user
--

SELECT pg_catalog.setval('public.pos_customers_id_seq', 1, false);


--
-- Name: pos_expense_categories_id_seq; Type: SEQUENCE SET; Schema: public; Owner: waterexpress_user
--

SELECT pg_catalog.setval('public.pos_expense_categories_id_seq', 1, false);


--
-- Name: pos_expenses_id_seq; Type: SEQUENCE SET; Schema: public; Owner: waterexpress_user
--

SELECT pg_catalog.setval('public.pos_expenses_id_seq', 1, false);


--
-- Name: pos_products_id_seq; Type: SEQUENCE SET; Schema: public; Owner: waterexpress_user
--

SELECT pg_catalog.setval('public.pos_products_id_seq', 40, true);


--
-- Name: pos_purchase_items_id_seq; Type: SEQUENCE SET; Schema: public; Owner: waterexpress_user
--

SELECT pg_catalog.setval('public.pos_purchase_items_id_seq', 1, false);


--
-- Name: pos_purchase_return_items_id_seq; Type: SEQUENCE SET; Schema: public; Owner: waterexpress_user
--

SELECT pg_catalog.setval('public.pos_purchase_return_items_id_seq', 1, false);


--
-- Name: pos_purchase_returns_id_seq; Type: SEQUENCE SET; Schema: public; Owner: waterexpress_user
--

SELECT pg_catalog.setval('public.pos_purchase_returns_id_seq', 1, false);


--
-- Name: pos_purchases_id_seq; Type: SEQUENCE SET; Schema: public; Owner: waterexpress_user
--

SELECT pg_catalog.setval('public.pos_purchases_id_seq', 1, false);


--
-- Name: pos_quotation_items_id_seq; Type: SEQUENCE SET; Schema: public; Owner: waterexpress_user
--

SELECT pg_catalog.setval('public.pos_quotation_items_id_seq', 1, false);


--
-- Name: pos_quotations_id_seq; Type: SEQUENCE SET; Schema: public; Owner: waterexpress_user
--

SELECT pg_catalog.setval('public.pos_quotations_id_seq', 1, false);


--
-- Name: pos_referrals_id_seq; Type: SEQUENCE SET; Schema: public; Owner: waterexpress_user
--

SELECT pg_catalog.setval('public.pos_referrals_id_seq', 1, false);


--
-- Name: pos_sale_items_id_seq; Type: SEQUENCE SET; Schema: public; Owner: waterexpress_user
--

SELECT pg_catalog.setval('public.pos_sale_items_id_seq', 1, false);


--
-- Name: pos_sale_return_items_id_seq; Type: SEQUENCE SET; Schema: public; Owner: waterexpress_user
--

SELECT pg_catalog.setval('public.pos_sale_return_items_id_seq', 1, false);


--
-- Name: pos_sale_returns_id_seq; Type: SEQUENCE SET; Schema: public; Owner: waterexpress_user
--

SELECT pg_catalog.setval('public.pos_sale_returns_id_seq', 1, false);


--
-- Name: pos_sales_id_seq; Type: SEQUENCE SET; Schema: public; Owner: waterexpress_user
--

SELECT pg_catalog.setval('public.pos_sales_id_seq', 1, false);


--
-- Name: pos_sessions_id_seq; Type: SEQUENCE SET; Schema: public; Owner: waterexpress_user
--

SELECT pg_catalog.setval('public.pos_sessions_id_seq', 1, false);


--
-- Name: pos_taxes_id_seq; Type: SEQUENCE SET; Schema: public; Owner: waterexpress_user
--

SELECT pg_catalog.setval('public.pos_taxes_id_seq', 1, false);


--
-- Name: pos_units_id_seq; Type: SEQUENCE SET; Schema: public; Owner: waterexpress_user
--

SELECT pg_catalog.setval('public.pos_units_id_seq', 1, false);


--
-- Name: pos_vendors_id_seq; Type: SEQUENCE SET; Schema: public; Owner: waterexpress_user
--

SELECT pg_catalog.setval('public.pos_vendors_id_seq', 1, false);


--
-- Name: project_activity_logs_id_seq; Type: SEQUENCE SET; Schema: public; Owner: waterexpress_user
--

SELECT pg_catalog.setval('public.project_activity_logs_id_seq', 1, false);


--
-- Name: project_bugs_id_seq; Type: SEQUENCE SET; Schema: public; Owner: waterexpress_user
--

SELECT pg_catalog.setval('public.project_bugs_id_seq', 2, true);


--
-- Name: project_clients_id_seq; Type: SEQUENCE SET; Schema: public; Owner: waterexpress_user
--

SELECT pg_catalog.setval('public.project_clients_id_seq', 1, false);


--
-- Name: project_files_id_seq; Type: SEQUENCE SET; Schema: public; Owner: waterexpress_user
--

SELECT pg_catalog.setval('public.project_files_id_seq', 1, false);


--
-- Name: project_milestones_id_seq; Type: SEQUENCE SET; Schema: public; Owner: waterexpress_user
--

SELECT pg_catalog.setval('public.project_milestones_id_seq', 1, true);


--
-- Name: project_tasks_id_seq; Type: SEQUENCE SET; Schema: public; Owner: waterexpress_user
--

SELECT pg_catalog.setval('public.project_tasks_id_seq', 4, true);


--
-- Name: project_users_id_seq; Type: SEQUENCE SET; Schema: public; Owner: waterexpress_user
--

SELECT pg_catalog.setval('public.project_users_id_seq', 2, true);


--
-- Name: projects_id_seq; Type: SEQUENCE SET; Schema: public; Owner: waterexpress_user
--

SELECT pg_catalog.setval('public.projects_id_seq', 9, true);


--
-- Name: questions_id_seq; Type: SEQUENCE SET; Schema: public; Owner: waterexpress_user
--

SELECT pg_catalog.setval('public.questions_id_seq', 1, false);


--
-- Name: recruitment_settings_id_seq; Type: SEQUENCE SET; Schema: public; Owner: waterexpress_user
--

SELECT pg_catalog.setval('public.recruitment_settings_id_seq', 1, false);


--
-- Name: resume_builder_settings_id_seq; Type: SEQUENCE SET; Schema: public; Owner: waterexpress_user
--

SELECT pg_catalog.setval('public.resume_builder_settings_id_seq', 1, false);


--
-- Name: resume_templates_id_seq; Type: SEQUENCE SET; Schema: public; Owner: waterexpress_user
--

SELECT pg_catalog.setval('public.resume_templates_id_seq', 1, false);


--
-- Name: resumes_id_seq; Type: SEQUENCE SET; Schema: public; Owner: waterexpress_user
--

SELECT pg_catalog.setval('public.resumes_id_seq', 1, false);


--
-- Name: revenues_id_seq; Type: SEQUENCE SET; Schema: public; Owner: waterexpress_user
--

SELECT pg_catalog.setval('public.revenues_id_seq', 1, true);


--
-- Name: saas_audit_logs_id_seq; Type: SEQUENCE SET; Schema: public; Owner: waterexpress_user
--

SELECT pg_catalog.setval('public.saas_audit_logs_id_seq', 111, true);


--
-- Name: sales_proposal_items_id_seq; Type: SEQUENCE SET; Schema: public; Owner: waterexpress_user
--

SELECT pg_catalog.setval('public.sales_proposal_items_id_seq', 1, false);


--
-- Name: sales_proposals_id_seq; Type: SEQUENCE SET; Schema: public; Owner: waterexpress_user
--

SELECT pg_catalog.setval('public.sales_proposals_id_seq', 1, false);


--
-- Name: schedules_id_seq; Type: SEQUENCE SET; Schema: public; Owner: waterexpress_user
--

SELECT pg_catalog.setval('public.schedules_id_seq', 1, false);


--
-- Name: st_contacts_id_seq; Type: SEQUENCE SET; Schema: public; Owner: waterexpress_user
--

SELECT pg_catalog.setval('public.st_contacts_id_seq', 1, false);


--
-- Name: st_custom_pages_id_seq; Type: SEQUENCE SET; Schema: public; Owner: waterexpress_user
--

SELECT pg_catalog.setval('public.st_custom_pages_id_seq', 1, false);


--
-- Name: st_faqs_id_seq; Type: SEQUENCE SET; Schema: public; Owner: waterexpress_user
--

SELECT pg_catalog.setval('public.st_faqs_id_seq', 4, true);


--
-- Name: st_kb_categories_id_seq; Type: SEQUENCE SET; Schema: public; Owner: waterexpress_user
--

SELECT pg_catalog.setval('public.st_kb_categories_id_seq', 1, false);


--
-- Name: st_knowledge_bases_id_seq; Type: SEQUENCE SET; Schema: public; Owner: waterexpress_user
--

SELECT pg_catalog.setval('public.st_knowledge_bases_id_seq', 1, false);


--
-- Name: st_quick_links_id_seq; Type: SEQUENCE SET; Schema: public; Owner: waterexpress_user
--

SELECT pg_catalog.setval('public.st_quick_links_id_seq', 1, false);


--
-- Name: st_settings_id_seq; Type: SEQUENCE SET; Schema: public; Owner: waterexpress_user
--

SELECT pg_catalog.setval('public.st_settings_id_seq', 1, false);


--
-- Name: st_ticket_categories_id_seq; Type: SEQUENCE SET; Schema: public; Owner: waterexpress_user
--

SELECT pg_catalog.setval('public.st_ticket_categories_id_seq', 1, false);


--
-- Name: st_tickets_id_seq; Type: SEQUENCE SET; Schema: public; Owner: waterexpress_user
--

SELECT pg_catalog.setval('public.st_tickets_id_seq', 1, true);


--
-- Name: storefront_block_instances_id_seq; Type: SEQUENCE SET; Schema: public; Owner: waterexpress_user
--

SELECT pg_catalog.setval('public.storefront_block_instances_id_seq', 1, false);


--
-- Name: storefront_blog_comments_id_seq; Type: SEQUENCE SET; Schema: public; Owner: waterexpress_user
--

SELECT pg_catalog.setval('public.storefront_blog_comments_id_seq', 1, true);


--
-- Name: storefront_blog_posts_id_seq; Type: SEQUENCE SET; Schema: public; Owner: waterexpress_user
--

SELECT pg_catalog.setval('public.storefront_blog_posts_id_seq', 4, true);


--
-- Name: storefront_cart_lines_id_seq; Type: SEQUENCE SET; Schema: public; Owner: waterexpress_user
--

SELECT pg_catalog.setval('public.storefront_cart_lines_id_seq', 19, true);


--
-- Name: storefront_collection_products_id_seq; Type: SEQUENCE SET; Schema: public; Owner: waterexpress_user
--

SELECT pg_catalog.setval('public.storefront_collection_products_id_seq', 77, true);


--
-- Name: storefront_collections_id_seq; Type: SEQUENCE SET; Schema: public; Owner: waterexpress_user
--

SELECT pg_catalog.setval('public.storefront_collections_id_seq', 13, true);


--
-- Name: storefront_customer_sessions_id_seq; Type: SEQUENCE SET; Schema: public; Owner: waterexpress_user
--

SELECT pg_catalog.setval('public.storefront_customer_sessions_id_seq', 1, false);


--
-- Name: storefront_customers_id_seq; Type: SEQUENCE SET; Schema: public; Owner: waterexpress_user
--

SELECT pg_catalog.setval('public.storefront_customers_id_seq', 1, false);


--
-- Name: storefront_discount_codes_id_seq; Type: SEQUENCE SET; Schema: public; Owner: waterexpress_user
--

SELECT pg_catalog.setval('public.storefront_discount_codes_id_seq', 1, false);


--
-- Name: storefront_discount_redemptions_id_seq; Type: SEQUENCE SET; Schema: public; Owner: waterexpress_user
--

SELECT pg_catalog.setval('public.storefront_discount_redemptions_id_seq', 1, false);


--
-- Name: storefront_discount_rules_id_seq; Type: SEQUENCE SET; Schema: public; Owner: waterexpress_user
--

SELECT pg_catalog.setval('public.storefront_discount_rules_id_seq', 1, false);


--
-- Name: storefront_domains_id_seq; Type: SEQUENCE SET; Schema: public; Owner: waterexpress_user
--

SELECT pg_catalog.setval('public.storefront_domains_id_seq', 6, true);


--
-- Name: storefront_event_logs_id_seq; Type: SEQUENCE SET; Schema: public; Owner: waterexpress_user
--

SELECT pg_catalog.setval('public.storefront_event_logs_id_seq', 76, true);


--
-- Name: storefront_events_id_seq; Type: SEQUENCE SET; Schema: public; Owner: waterexpress_user
--

SELECT pg_catalog.setval('public.storefront_events_id_seq', 12, true);


--
-- Name: storefront_notification_logs_id_seq; Type: SEQUENCE SET; Schema: public; Owner: waterexpress_user
--

SELECT pg_catalog.setval('public.storefront_notification_logs_id_seq', 1, false);


--
-- Name: storefront_notification_templates_id_seq; Type: SEQUENCE SET; Schema: public; Owner: waterexpress_user
--

SELECT pg_catalog.setval('public.storefront_notification_templates_id_seq', 1, false);


--
-- Name: storefront_order_events_id_seq; Type: SEQUENCE SET; Schema: public; Owner: waterexpress_user
--

SELECT pg_catalog.setval('public.storefront_order_events_id_seq', 5, true);


--
-- Name: storefront_order_lines_id_seq; Type: SEQUENCE SET; Schema: public; Owner: waterexpress_user
--

SELECT pg_catalog.setval('public.storefront_order_lines_id_seq', 3, true);


--
-- Name: storefront_orders_id_seq; Type: SEQUENCE SET; Schema: public; Owner: waterexpress_user
--

SELECT pg_catalog.setval('public.storefront_orders_id_seq', 3, true);


--
-- Name: storefront_page_versions_id_seq; Type: SEQUENCE SET; Schema: public; Owner: waterexpress_user
--

SELECT pg_catalog.setval('public.storefront_page_versions_id_seq', 1, false);


--
-- Name: storefront_pages_id_seq; Type: SEQUENCE SET; Schema: public; Owner: waterexpress_user
--

SELECT pg_catalog.setval('public.storefront_pages_id_seq', 1, false);


--
-- Name: storefront_payment_records_id_seq; Type: SEQUENCE SET; Schema: public; Owner: waterexpress_user
--

SELECT pg_catalog.setval('public.storefront_payment_records_id_seq', 1, true);


--
-- Name: storefront_section_instances_id_seq; Type: SEQUENCE SET; Schema: public; Owner: waterexpress_user
--

SELECT pg_catalog.setval('public.storefront_section_instances_id_seq', 1, false);


--
-- Name: storefront_shipments_id_seq; Type: SEQUENCE SET; Schema: public; Owner: waterexpress_user
--

SELECT pg_catalog.setval('public.storefront_shipments_id_seq', 3, true);


--
-- Name: storefront_shipping_methods_id_seq; Type: SEQUENCE SET; Schema: public; Owner: waterexpress_user
--

SELECT pg_catalog.setval('public.storefront_shipping_methods_id_seq', 1, false);


--
-- Name: storefront_shipping_zones_id_seq; Type: SEQUENCE SET; Schema: public; Owner: waterexpress_user
--

SELECT pg_catalog.setval('public.storefront_shipping_zones_id_seq', 1, false);


--
-- Name: storefront_stock_reservations_id_seq; Type: SEQUENCE SET; Schema: public; Owner: waterexpress_user
--

SELECT pg_catalog.setval('public.storefront_stock_reservations_id_seq', 1, true);


--
-- Name: storefront_tax_rules_id_seq; Type: SEQUENCE SET; Schema: public; Owner: waterexpress_user
--

SELECT pg_catalog.setval('public.storefront_tax_rules_id_seq', 1, false);


--
-- Name: storefront_tax_settings_id_seq; Type: SEQUENCE SET; Schema: public; Owner: waterexpress_user
--

SELECT pg_catalog.setval('public.storefront_tax_settings_id_seq', 1, false);


--
-- Name: storefront_theme_block_definitions_id_seq; Type: SEQUENCE SET; Schema: public; Owner: waterexpress_user
--

SELECT pg_catalog.setval('public.storefront_theme_block_definitions_id_seq', 1, false);


--
-- Name: storefront_theme_section_definitions_id_seq; Type: SEQUENCE SET; Schema: public; Owner: waterexpress_user
--

SELECT pg_catalog.setval('public.storefront_theme_section_definitions_id_seq', 1, false);


--
-- Name: storefront_theme_style_tokens_id_seq; Type: SEQUENCE SET; Schema: public; Owner: waterexpress_user
--

SELECT pg_catalog.setval('public.storefront_theme_style_tokens_id_seq', 131, true);


--
-- Name: storefront_theme_templates_id_seq; Type: SEQUENCE SET; Schema: public; Owner: waterexpress_user
--

SELECT pg_catalog.setval('public.storefront_theme_templates_id_seq', 4, true);


--
-- Name: storefront_theme_versions_id_seq; Type: SEQUENCE SET; Schema: public; Owner: waterexpress_user
--

SELECT pg_catalog.setval('public.storefront_theme_versions_id_seq', 5, true);


--
-- Name: storefront_themes_id_seq; Type: SEQUENCE SET; Schema: public; Owner: waterexpress_user
--

SELECT pg_catalog.setval('public.storefront_themes_id_seq', 8, true);


--
-- Name: storefront_websites_id_seq; Type: SEQUENCE SET; Schema: public; Owner: waterexpress_user
--

SELECT pg_catalog.setval('public.storefront_websites_id_seq', 3, true);


--
-- Name: task_comments_id_seq; Type: SEQUENCE SET; Schema: public; Owner: waterexpress_user
--

SELECT pg_catalog.setval('public.task_comments_id_seq', 1, false);


--
-- Name: task_stages_id_seq; Type: SEQUENCE SET; Schema: public; Owner: waterexpress_user
--

SELECT pg_catalog.setval('public.task_stages_id_seq', 1, true);


--
-- Name: task_subtasks_id_seq; Type: SEQUENCE SET; Schema: public; Owner: waterexpress_user
--

SELECT pg_catalog.setval('public.task_subtasks_id_seq', 1, false);


--
-- Name: user_coupons_id_seq; Type: SEQUENCE SET; Schema: public; Owner: waterexpress_user
--

SELECT pg_catalog.setval('public.user_coupons_id_seq', 1, false);


--
-- Name: user_google_calendar_connections_id_seq; Type: SEQUENCE SET; Schema: public; Owner: waterexpress_user
--

SELECT pg_catalog.setval('public.user_google_calendar_connections_id_seq', 1, false);


--
-- Name: vendor_payments_id_seq; Type: SEQUENCE SET; Schema: public; Owner: waterexpress_user
--

SELECT pg_catalog.setval('public.vendor_payments_id_seq', 1, false);


--
-- Name: vendors_id_seq; Type: SEQUENCE SET; Schema: public; Owner: waterexpress_user
--

SELECT pg_catalog.setval('public.vendors_id_seq', 2, true);


--
-- Name: wa_contacts_id_seq; Type: SEQUENCE SET; Schema: public; Owner: waterexpress_user
--

SELECT pg_catalog.setval('public.wa_contacts_id_seq', 1, false);


--
-- Name: wa_event_notifications_id_seq; Type: SEQUENCE SET; Schema: public; Owner: waterexpress_user
--

SELECT pg_catalog.setval('public.wa_event_notifications_id_seq', 1, false);


--
-- Name: wa_messages_id_seq; Type: SEQUENCE SET; Schema: public; Owner: waterexpress_user
--

SELECT pg_catalog.setval('public.wa_messages_id_seq', 1, false);


--
-- Name: wa_settings_id_seq; Type: SEQUENCE SET; Schema: public; Owner: waterexpress_user
--

SELECT pg_catalog.setval('public.wa_settings_id_seq', 1, false);


--
-- Name: warehouses_id_seq; Type: SEQUENCE SET; Schema: public; Owner: waterexpress_user
--

SELECT pg_catalog.setval('public.warehouses_id_seq', 1, false);


--
-- Name: waterice_memberships_id_seq; Type: SEQUENCE SET; Schema: public; Owner: waterexpress_user
--

SELECT pg_catalog.setval('public.waterice_memberships_id_seq', 2, true);


--
-- Name: _prisma_migrations _prisma_migrations_pkey; Type: CONSTRAINT; Schema: public; Owner: waterexpress_user
--

ALTER TABLE ONLY public._prisma_migrations
    ADD CONSTRAINT _prisma_migrations_pkey PRIMARY KEY (id);


--
-- Name: account_categories account_categories_pkey; Type: CONSTRAINT; Schema: public; Owner: waterexpress_user
--

ALTER TABLE ONLY public.account_categories
    ADD CONSTRAINT account_categories_pkey PRIMARY KEY (id);


--
-- Name: account_types account_types_pkey; Type: CONSTRAINT; Schema: public; Owner: waterexpress_user
--

ALTER TABLE ONLY public.account_types
    ADD CONSTRAINT account_types_pkey PRIMARY KEY (id);


--
-- Name: add_ons add_ons_pkey; Type: CONSTRAINT; Schema: public; Owner: waterexpress_user
--

ALTER TABLE ONLY public.add_ons
    ADD CONSTRAINT add_ons_pkey PRIMARY KEY (id);


--
-- Name: affiliate_commissions affiliate_commissions_pkey; Type: CONSTRAINT; Schema: public; Owner: waterexpress_user
--

ALTER TABLE ONLY public.affiliate_commissions
    ADD CONSTRAINT affiliate_commissions_pkey PRIMARY KEY (id);


--
-- Name: affiliate_links affiliate_links_pkey; Type: CONSTRAINT; Schema: public; Owner: waterexpress_user
--

ALTER TABLE ONLY public.affiliate_links
    ADD CONSTRAINT affiliate_links_pkey PRIMARY KEY (id);


--
-- Name: affiliate_partners affiliate_partners_pkey; Type: CONSTRAINT; Schema: public; Owner: waterexpress_user
--

ALTER TABLE ONLY public.affiliate_partners
    ADD CONSTRAINT affiliate_partners_pkey PRIMARY KEY (id);


--
-- Name: affiliate_payouts affiliate_payouts_pkey; Type: CONSTRAINT; Schema: public; Owner: waterexpress_user
--

ALTER TABLE ONLY public.affiliate_payouts
    ADD CONSTRAINT affiliate_payouts_pkey PRIMARY KEY (id);


--
-- Name: affiliate_programs affiliate_programs_pkey; Type: CONSTRAINT; Schema: public; Owner: waterexpress_user
--

ALTER TABLE ONLY public.affiliate_programs
    ADD CONSTRAINT affiliate_programs_pkey PRIMARY KEY (id);


--
-- Name: affiliate_settings affiliate_settings_organization_id_key; Type: CONSTRAINT; Schema: public; Owner: waterexpress_user
--

ALTER TABLE ONLY public.affiliate_settings
    ADD CONSTRAINT affiliate_settings_organization_id_key UNIQUE (organization_id);


--
-- Name: affiliate_settings affiliate_settings_pkey; Type: CONSTRAINT; Schema: public; Owner: waterexpress_user
--

ALTER TABLE ONLY public.affiliate_settings
    ADD CONSTRAINT affiliate_settings_pkey PRIMARY KEY (id);


--
-- Name: app_notifications app_notifications_pkey; Type: CONSTRAINT; Schema: public; Owner: waterexpress_user
--

ALTER TABLE ONLY public.app_notifications
    ADD CONSTRAINT app_notifications_pkey PRIMARY KEY (id);


--
-- Name: appointment_callbacks appointment_callbacks_pkey; Type: CONSTRAINT; Schema: public; Owner: waterexpress_user
--

ALTER TABLE ONLY public.appointment_callbacks
    ADD CONSTRAINT appointment_callbacks_pkey PRIMARY KEY (id);


--
-- Name: appointment_hours appointment_hours_pkey; Type: CONSTRAINT; Schema: public; Owner: waterexpress_user
--

ALTER TABLE ONLY public.appointment_hours
    ADD CONSTRAINT appointment_hours_pkey PRIMARY KEY (id);


--
-- Name: appointment_settings appointment_settings_pkey; Type: CONSTRAINT; Schema: public; Owner: waterexpress_user
--

ALTER TABLE ONLY public.appointment_settings
    ADD CONSTRAINT appointment_settings_pkey PRIMARY KEY (id);


--
-- Name: appointments appointments_pkey; Type: CONSTRAINT; Schema: public; Owner: waterexpress_user
--

ALTER TABLE ONLY public.appointments
    ADD CONSTRAINT appointments_pkey PRIMARY KEY (id);


--
-- Name: asset_assignments asset_assignments_pkey; Type: CONSTRAINT; Schema: public; Owner: waterexpress_user
--

ALTER TABLE ONLY public.asset_assignments
    ADD CONSTRAINT asset_assignments_pkey PRIMARY KEY (id);


--
-- Name: asset_borrow_payments asset_borrow_payments_pkey; Type: CONSTRAINT; Schema: public; Owner: waterexpress_user
--

ALTER TABLE ONLY public.asset_borrow_payments
    ADD CONSTRAINT asset_borrow_payments_pkey PRIMARY KEY (id);


--
-- Name: asset_borrow_rents asset_borrow_rents_pkey; Type: CONSTRAINT; Schema: public; Owner: waterexpress_user
--

ALTER TABLE ONLY public.asset_borrow_rents
    ADD CONSTRAINT asset_borrow_rents_pkey PRIMARY KEY (id);


--
-- Name: asset_categories asset_categories_pkey; Type: CONSTRAINT; Schema: public; Owner: waterexpress_user
--

ALTER TABLE ONLY public.asset_categories
    ADD CONSTRAINT asset_categories_pkey PRIMARY KEY (id);


--
-- Name: asset_depreciations asset_depreciations_pkey; Type: CONSTRAINT; Schema: public; Owner: waterexpress_user
--

ALTER TABLE ONLY public.asset_depreciations
    ADD CONSTRAINT asset_depreciations_pkey PRIMARY KEY (id);


--
-- Name: asset_locations asset_locations_pkey; Type: CONSTRAINT; Schema: public; Owner: waterexpress_user
--

ALTER TABLE ONLY public.asset_locations
    ADD CONSTRAINT asset_locations_pkey PRIMARY KEY (id);


--
-- Name: asset_maintenances asset_maintenances_pkey; Type: CONSTRAINT; Schema: public; Owner: waterexpress_user
--

ALTER TABLE ONLY public.asset_maintenances
    ADD CONSTRAINT asset_maintenances_pkey PRIMARY KEY (id);


--
-- Name: assets assets_pkey; Type: CONSTRAINT; Schema: public; Owner: waterexpress_user
--

ALTER TABLE ONLY public.assets
    ADD CONSTRAINT assets_pkey PRIMARY KEY (id);


--
-- Name: bank_accounts bank_accounts_pkey; Type: CONSTRAINT; Schema: public; Owner: waterexpress_user
--

ALTER TABLE ONLY public.bank_accounts
    ADD CONSTRAINT bank_accounts_pkey PRIMARY KEY (id);


--
-- Name: bank_transactions bank_transactions_pkey; Type: CONSTRAINT; Schema: public; Owner: waterexpress_user
--

ALTER TABLE ONLY public.bank_transactions
    ADD CONSTRAINT bank_transactions_pkey PRIMARY KEY (id);


--
-- Name: bank_transfer_payments bank_transfer_payments_pkey; Type: CONSTRAINT; Schema: public; Owner: waterexpress_user
--

ALTER TABLE ONLY public.bank_transfer_payments
    ADD CONSTRAINT bank_transfer_payments_pkey PRIMARY KEY (id);


--
-- Name: bank_transfers bank_transfers_pkey; Type: CONSTRAINT; Schema: public; Owner: waterexpress_user
--

ALTER TABLE ONLY public.bank_transfers
    ADD CONSTRAINT bank_transfers_pkey PRIMARY KEY (id);


--
-- Name: bug_comments bug_comments_pkey; Type: CONSTRAINT; Schema: public; Owner: waterexpress_user
--

ALTER TABLE ONLY public.bug_comments
    ADD CONSTRAINT bug_comments_pkey PRIMARY KEY (id);


--
-- Name: bug_stages bug_stages_pkey; Type: CONSTRAINT; Schema: public; Owner: waterexpress_user
--

ALTER TABLE ONLY public.bug_stages
    ADD CONSTRAINT bug_stages_pkey PRIMARY KEY (id);


--
-- Name: business_module_features business_module_features_pkey; Type: CONSTRAINT; Schema: public; Owner: waterexpress_user
--

ALTER TABLE ONLY public.business_module_features
    ADD CONSTRAINT business_module_features_pkey PRIMARY KEY (id);


--
-- Name: business_modules business_modules_pkey; Type: CONSTRAINT; Schema: public; Owner: waterexpress_user
--

ALTER TABLE ONLY public.business_modules
    ADD CONSTRAINT business_modules_pkey PRIMARY KEY (id);


--
-- Name: candidate_assessments candidate_assessments_pkey; Type: CONSTRAINT; Schema: public; Owner: waterexpress_user
--

ALTER TABLE ONLY public.candidate_assessments
    ADD CONSTRAINT candidate_assessments_pkey PRIMARY KEY (id);


--
-- Name: candidate_onboardings candidate_onboardings_pkey; Type: CONSTRAINT; Schema: public; Owner: waterexpress_user
--

ALTER TABLE ONLY public.candidate_onboardings
    ADD CONSTRAINT candidate_onboardings_pkey PRIMARY KEY (id);


--
-- Name: candidate_sources candidate_sources_pkey; Type: CONSTRAINT; Schema: public; Owner: waterexpress_user
--

ALTER TABLE ONLY public.candidate_sources
    ADD CONSTRAINT candidate_sources_pkey PRIMARY KEY (id);


--
-- Name: candidates candidates_pkey; Type: CONSTRAINT; Schema: public; Owner: waterexpress_user
--

ALTER TABLE ONLY public.candidates
    ADD CONSTRAINT candidates_pkey PRIMARY KEY (id);


--
-- Name: ch_favorites ch_favorites_pkey; Type: CONSTRAINT; Schema: public; Owner: waterexpress_user
--

ALTER TABLE ONLY public.ch_favorites
    ADD CONSTRAINT ch_favorites_pkey PRIMARY KEY (id);


--
-- Name: ch_messages ch_messages_pkey; Type: CONSTRAINT; Schema: public; Owner: waterexpress_user
--

ALTER TABLE ONLY public.ch_messages
    ADD CONSTRAINT ch_messages_pkey PRIMARY KEY (id);


--
-- Name: chart_of_accounts chart_of_accounts_pkey; Type: CONSTRAINT; Schema: public; Owner: waterexpress_user
--

ALTER TABLE ONLY public.chart_of_accounts
    ADD CONSTRAINT chart_of_accounts_pkey PRIMARY KEY (id);


--
-- Name: checklist_items checklist_items_pkey; Type: CONSTRAINT; Schema: public; Owner: waterexpress_user
--

ALTER TABLE ONLY public.checklist_items
    ADD CONSTRAINT checklist_items_pkey PRIMARY KEY (id);


--
-- Name: company_marketplace_links company_marketplace_links_pkey; Type: CONSTRAINT; Schema: public; Owner: waterexpress_user
--

ALTER TABLE ONLY public.company_marketplace_links
    ADD CONSTRAINT company_marketplace_links_pkey PRIMARY KEY (id);


--
-- Name: coupons coupons_pkey; Type: CONSTRAINT; Schema: public; Owner: waterexpress_user
--

ALTER TABLE ONLY public.coupons
    ADD CONSTRAINT coupons_pkey PRIMARY KEY (id);


--
-- Name: credit_notes credit_notes_pkey; Type: CONSTRAINT; Schema: public; Owner: waterexpress_user
--

ALTER TABLE ONLY public.credit_notes
    ADD CONSTRAINT credit_notes_pkey PRIMARY KEY (id);


--
-- Name: crm_deal_activities crm_deal_activities_pkey; Type: CONSTRAINT; Schema: public; Owner: waterexpress_user
--

ALTER TABLE ONLY public.crm_deal_activities
    ADD CONSTRAINT crm_deal_activities_pkey PRIMARY KEY (id);


--
-- Name: crm_deals crm_deals_pkey; Type: CONSTRAINT; Schema: public; Owner: waterexpress_user
--

ALTER TABLE ONLY public.crm_deals
    ADD CONSTRAINT crm_deals_pkey PRIMARY KEY (id);


--
-- Name: crm_lead_activities crm_lead_activities_pkey; Type: CONSTRAINT; Schema: public; Owner: waterexpress_user
--

ALTER TABLE ONLY public.crm_lead_activities
    ADD CONSTRAINT crm_lead_activities_pkey PRIMARY KEY (id);


--
-- Name: crm_leads crm_leads_pkey; Type: CONSTRAINT; Schema: public; Owner: waterexpress_user
--

ALTER TABLE ONLY public.crm_leads
    ADD CONSTRAINT crm_leads_pkey PRIMARY KEY (id);


--
-- Name: crm_pipeline_stages crm_pipeline_stages_pkey; Type: CONSTRAINT; Schema: public; Owner: waterexpress_user
--

ALTER TABLE ONLY public.crm_pipeline_stages
    ADD CONSTRAINT crm_pipeline_stages_pkey PRIMARY KEY (id);


--
-- Name: crm_pipelines crm_pipelines_pkey; Type: CONSTRAINT; Schema: public; Owner: waterexpress_user
--

ALTER TABLE ONLY public.crm_pipelines
    ADD CONSTRAINT crm_pipelines_pkey PRIMARY KEY (id);


--
-- Name: currencies currencies_pkey; Type: CONSTRAINT; Schema: public; Owner: waterexpress_user
--

ALTER TABLE ONLY public.currencies
    ADD CONSTRAINT currencies_pkey PRIMARY KEY (id);


--
-- Name: custom_pages custom_pages_pkey; Type: CONSTRAINT; Schema: public; Owner: waterexpress_user
--

ALTER TABLE ONLY public.custom_pages
    ADD CONSTRAINT custom_pages_pkey PRIMARY KEY (id);


--
-- Name: custom_questions custom_questions_pkey; Type: CONSTRAINT; Schema: public; Owner: waterexpress_user
--

ALTER TABLE ONLY public.custom_questions
    ADD CONSTRAINT custom_questions_pkey PRIMARY KEY (id);


--
-- Name: customer_payments customer_payments_pkey; Type: CONSTRAINT; Schema: public; Owner: waterexpress_user
--

ALTER TABLE ONLY public.customer_payments
    ADD CONSTRAINT customer_payments_pkey PRIMARY KEY (id);


--
-- Name: customers customers_pkey; Type: CONSTRAINT; Schema: public; Owner: waterexpress_user
--

ALTER TABLE ONLY public.customers
    ADD CONSTRAINT customers_pkey PRIMARY KEY (id);


--
-- Name: debit_notes debit_notes_pkey; Type: CONSTRAINT; Schema: public; Owner: waterexpress_user
--

ALTER TABLE ONLY public.debit_notes
    ADD CONSTRAINT debit_notes_pkey PRIMARY KEY (id);


--
-- Name: delivery_city_queues delivery_city_queues_pkey; Type: CONSTRAINT; Schema: public; Owner: waterexpress_user
--

ALTER TABLE ONLY public.delivery_city_queues
    ADD CONSTRAINT delivery_city_queues_pkey PRIMARY KEY (id);


--
-- Name: delivery_event_orders delivery_event_orders_pkey; Type: CONSTRAINT; Schema: public; Owner: waterexpress_user
--

ALTER TABLE ONLY public.delivery_event_orders
    ADD CONSTRAINT delivery_event_orders_pkey PRIMARY KEY (id);


--
-- Name: delivery_events delivery_events_pkey; Type: CONSTRAINT; Schema: public; Owner: waterexpress_user
--

ALTER TABLE ONLY public.delivery_events
    ADD CONSTRAINT delivery_events_pkey PRIMARY KEY (id);


--
-- Name: em_cost_adjustments em_cost_adjustments_pkey; Type: CONSTRAINT; Schema: public; Owner: waterexpress_user
--

ALTER TABLE ONLY public.em_cost_adjustments
    ADD CONSTRAINT em_cost_adjustments_pkey PRIMARY KEY (id);


--
-- Name: em_expense_categories em_expense_categories_pkey; Type: CONSTRAINT; Schema: public; Owner: waterexpress_user
--

ALTER TABLE ONLY public.em_expense_categories
    ADD CONSTRAINT em_expense_categories_pkey PRIMARY KEY (id);


--
-- Name: em_expense_lines em_expense_lines_pkey; Type: CONSTRAINT; Schema: public; Owner: waterexpress_user
--

ALTER TABLE ONLY public.em_expense_lines
    ADD CONSTRAINT em_expense_lines_pkey PRIMARY KEY (id);


--
-- Name: em_expense_reports em_expense_reports_pkey; Type: CONSTRAINT; Schema: public; Owner: waterexpress_user
--

ALTER TABLE ONLY public.em_expense_reports
    ADD CONSTRAINT em_expense_reports_pkey PRIMARY KEY (id);


--
-- Name: em_time_entries em_time_entries_pkey; Type: CONSTRAINT; Schema: public; Owner: waterexpress_user
--

ALTER TABLE ONLY public.em_time_entries
    ADD CONSTRAINT em_time_entries_pkey PRIMARY KEY (id);


--
-- Name: em_workspace_context em_workspace_context_pkey; Type: CONSTRAINT; Schema: public; Owner: waterexpress_user
--

ALTER TABLE ONLY public.em_workspace_context
    ADD CONSTRAINT em_workspace_context_pkey PRIMARY KEY (id);


--
-- Name: em_workspace_documents em_workspace_documents_pkey; Type: CONSTRAINT; Schema: public; Owner: waterexpress_user
--

ALTER TABLE ONLY public.em_workspace_documents
    ADD CONSTRAINT em_workspace_documents_pkey PRIMARY KEY (id);


--
-- Name: em_workspace_notes em_workspace_notes_pkey; Type: CONSTRAINT; Schema: public; Owner: waterexpress_user
--

ALTER TABLE ONLY public.em_workspace_notes
    ADD CONSTRAINT em_workspace_notes_pkey PRIMARY KEY (id);


--
-- Name: email_template_langs email_template_langs_pkey; Type: CONSTRAINT; Schema: public; Owner: waterexpress_user
--

ALTER TABLE ONLY public.email_template_langs
    ADD CONSTRAINT email_template_langs_pkey PRIMARY KEY (id);


--
-- Name: email_templates email_templates_pkey; Type: CONSTRAINT; Schema: public; Owner: waterexpress_user
--

ALTER TABLE ONLY public.email_templates
    ADD CONSTRAINT email_templates_pkey PRIMARY KEY (id);


--
-- Name: expenses expenses_pkey; Type: CONSTRAINT; Schema: public; Owner: waterexpress_user
--

ALTER TABLE ONLY public.expenses
    ADD CONSTRAINT expenses_pkey PRIMARY KEY (id);


--
-- Name: form_conversions form_conversions_pkey; Type: CONSTRAINT; Schema: public; Owner: waterexpress_user
--

ALTER TABLE ONLY public.form_conversions
    ADD CONSTRAINT form_conversions_pkey PRIMARY KEY (id);


--
-- Name: form_fields form_fields_pkey; Type: CONSTRAINT; Schema: public; Owner: waterexpress_user
--

ALTER TABLE ONLY public.form_fields
    ADD CONSTRAINT form_fields_pkey PRIMARY KEY (id);


--
-- Name: form_responses form_responses_pkey; Type: CONSTRAINT; Schema: public; Owner: waterexpress_user
--

ALTER TABLE ONLY public.form_responses
    ADD CONSTRAINT form_responses_pkey PRIMARY KEY (id);


--
-- Name: forms forms_pkey; Type: CONSTRAINT; Schema: public; Owner: waterexpress_user
--

ALTER TABLE ONLY public.forms
    ADD CONSTRAINT forms_pkey PRIMARY KEY (id);


--
-- Name: gantt_hour_entries gantt_hour_entries_pkey; Type: CONSTRAINT; Schema: public; Owner: waterexpress_user
--

ALTER TABLE ONLY public.gantt_hour_entries
    ADD CONSTRAINT gantt_hour_entries_pkey PRIMARY KEY (id);


--
-- Name: gantt_project_locations gantt_project_locations_pkey; Type: CONSTRAINT; Schema: public; Owner: waterexpress_user
--

ALTER TABLE ONLY public.gantt_project_locations
    ADD CONSTRAINT gantt_project_locations_pkey PRIMARY KEY (id);


--
-- Name: gantt_project_staff gantt_project_staff_pkey; Type: CONSTRAINT; Schema: public; Owner: waterexpress_user
--

ALTER TABLE ONLY public.gantt_project_staff
    ADD CONSTRAINT gantt_project_staff_pkey PRIMARY KEY (id);


--
-- Name: gantt_project_subs gantt_project_subs_pkey; Type: CONSTRAINT; Schema: public; Owner: waterexpress_user
--

ALTER TABLE ONLY public.gantt_project_subs
    ADD CONSTRAINT gantt_project_subs_pkey PRIMARY KEY (id);


--
-- Name: gantt_projects gantt_projects_pkey; Type: CONSTRAINT; Schema: public; Owner: waterexpress_user
--

ALTER TABLE ONLY public.gantt_projects
    ADD CONSTRAINT gantt_projects_pkey PRIMARY KEY (id);


--
-- Name: gantt_staff gantt_staff_pkey; Type: CONSTRAINT; Schema: public; Owner: waterexpress_user
--

ALTER TABLE ONLY public.gantt_staff
    ADD CONSTRAINT gantt_staff_pkey PRIMARY KEY (id);


--
-- Name: gantt_subs gantt_subs_pkey; Type: CONSTRAINT; Schema: public; Owner: waterexpress_user
--

ALTER TABLE ONLY public.gantt_subs
    ADD CONSTRAINT gantt_subs_pkey PRIMARY KEY (id);


--
-- Name: helpdesk_categories helpdesk_categories_pkey; Type: CONSTRAINT; Schema: public; Owner: waterexpress_user
--

ALTER TABLE ONLY public.helpdesk_categories
    ADD CONSTRAINT helpdesk_categories_pkey PRIMARY KEY (id);


--
-- Name: helpdesk_replies helpdesk_replies_pkey; Type: CONSTRAINT; Schema: public; Owner: waterexpress_user
--

ALTER TABLE ONLY public.helpdesk_replies
    ADD CONSTRAINT helpdesk_replies_pkey PRIMARY KEY (id);


--
-- Name: helpdesk_tickets helpdesk_tickets_pkey; Type: CONSTRAINT; Schema: public; Owner: waterexpress_user
--

ALTER TABLE ONLY public.helpdesk_tickets
    ADD CONSTRAINT helpdesk_tickets_pkey PRIMARY KEY (id);


--
-- Name: hrm_acknowledgments hrm_acknowledgments_pkey; Type: CONSTRAINT; Schema: public; Owner: waterexpress_user
--

ALTER TABLE ONLY public.hrm_acknowledgments
    ADD CONSTRAINT hrm_acknowledgments_pkey PRIMARY KEY (id);


--
-- Name: hrm_announcements hrm_announcements_pkey; Type: CONSTRAINT; Schema: public; Owner: waterexpress_user
--

ALTER TABLE ONLY public.hrm_announcements
    ADD CONSTRAINT hrm_announcements_pkey PRIMARY KEY (id);


--
-- Name: hrm_attendances hrm_attendances_pkey; Type: CONSTRAINT; Schema: public; Owner: waterexpress_user
--

ALTER TABLE ONLY public.hrm_attendances
    ADD CONSTRAINT hrm_attendances_pkey PRIMARY KEY (id);


--
-- Name: hrm_award_types hrm_award_types_pkey; Type: CONSTRAINT; Schema: public; Owner: waterexpress_user
--

ALTER TABLE ONLY public.hrm_award_types
    ADD CONSTRAINT hrm_award_types_pkey PRIMARY KEY (id);


--
-- Name: hrm_awards hrm_awards_pkey; Type: CONSTRAINT; Schema: public; Owner: waterexpress_user
--

ALTER TABLE ONLY public.hrm_awards
    ADD CONSTRAINT hrm_awards_pkey PRIMARY KEY (id);


--
-- Name: hrm_branches hrm_branches_pkey; Type: CONSTRAINT; Schema: public; Owner: waterexpress_user
--

ALTER TABLE ONLY public.hrm_branches
    ADD CONSTRAINT hrm_branches_pkey PRIMARY KEY (id);


--
-- Name: hrm_complaints hrm_complaints_pkey; Type: CONSTRAINT; Schema: public; Owner: waterexpress_user
--

ALTER TABLE ONLY public.hrm_complaints
    ADD CONSTRAINT hrm_complaints_pkey PRIMARY KEY (id);


--
-- Name: hrm_departments hrm_departments_pkey; Type: CONSTRAINT; Schema: public; Owner: waterexpress_user
--

ALTER TABLE ONLY public.hrm_departments
    ADD CONSTRAINT hrm_departments_pkey PRIMARY KEY (id);


--
-- Name: hrm_designations hrm_designations_pkey; Type: CONSTRAINT; Schema: public; Owner: waterexpress_user
--

ALTER TABLE ONLY public.hrm_designations
    ADD CONSTRAINT hrm_designations_pkey PRIMARY KEY (id);


--
-- Name: hrm_documents hrm_documents_pkey; Type: CONSTRAINT; Schema: public; Owner: waterexpress_user
--

ALTER TABLE ONLY public.hrm_documents
    ADD CONSTRAINT hrm_documents_pkey PRIMARY KEY (id);


--
-- Name: hrm_employees hrm_employees_pkey; Type: CONSTRAINT; Schema: public; Owner: waterexpress_user
--

ALTER TABLE ONLY public.hrm_employees
    ADD CONSTRAINT hrm_employees_pkey PRIMARY KEY (id);


--
-- Name: hrm_events hrm_events_pkey; Type: CONSTRAINT; Schema: public; Owner: waterexpress_user
--

ALTER TABLE ONLY public.hrm_events
    ADD CONSTRAINT hrm_events_pkey PRIMARY KEY (id);


--
-- Name: hrm_holidays hrm_holidays_pkey; Type: CONSTRAINT; Schema: public; Owner: waterexpress_user
--

ALTER TABLE ONLY public.hrm_holidays
    ADD CONSTRAINT hrm_holidays_pkey PRIMARY KEY (id);


--
-- Name: hrm_leave_applications hrm_leave_applications_pkey; Type: CONSTRAINT; Schema: public; Owner: waterexpress_user
--

ALTER TABLE ONLY public.hrm_leave_applications
    ADD CONSTRAINT hrm_leave_applications_pkey PRIMARY KEY (id);


--
-- Name: hrm_leave_types hrm_leave_types_pkey; Type: CONSTRAINT; Schema: public; Owner: waterexpress_user
--

ALTER TABLE ONLY public.hrm_leave_types
    ADD CONSTRAINT hrm_leave_types_pkey PRIMARY KEY (id);


--
-- Name: hrm_payrolls hrm_payrolls_pkey; Type: CONSTRAINT; Schema: public; Owner: waterexpress_user
--

ALTER TABLE ONLY public.hrm_payrolls
    ADD CONSTRAINT hrm_payrolls_pkey PRIMARY KEY (id);


--
-- Name: hrm_promotions hrm_promotions_pkey; Type: CONSTRAINT; Schema: public; Owner: waterexpress_user
--

ALTER TABLE ONLY public.hrm_promotions
    ADD CONSTRAINT hrm_promotions_pkey PRIMARY KEY (id);


--
-- Name: hrm_resignations hrm_resignations_pkey; Type: CONSTRAINT; Schema: public; Owner: waterexpress_user
--

ALTER TABLE ONLY public.hrm_resignations
    ADD CONSTRAINT hrm_resignations_pkey PRIMARY KEY (id);


--
-- Name: hrm_salary_allocations hrm_salary_allocations_pkey; Type: CONSTRAINT; Schema: public; Owner: waterexpress_user
--

ALTER TABLE ONLY public.hrm_salary_allocations
    ADD CONSTRAINT hrm_salary_allocations_pkey PRIMARY KEY (id);


--
-- Name: hrm_shifts hrm_shifts_pkey; Type: CONSTRAINT; Schema: public; Owner: waterexpress_user
--

ALTER TABLE ONLY public.hrm_shifts
    ADD CONSTRAINT hrm_shifts_pkey PRIMARY KEY (id);


--
-- Name: hrm_terminations hrm_terminations_pkey; Type: CONSTRAINT; Schema: public; Owner: waterexpress_user
--

ALTER TABLE ONLY public.hrm_terminations
    ADD CONSTRAINT hrm_terminations_pkey PRIMARY KEY (id);


--
-- Name: hrm_transfers hrm_transfers_pkey; Type: CONSTRAINT; Schema: public; Owner: waterexpress_user
--

ALTER TABLE ONLY public.hrm_transfers
    ADD CONSTRAINT hrm_transfers_pkey PRIMARY KEY (id);


--
-- Name: hrm_warnings hrm_warnings_pkey; Type: CONSTRAINT; Schema: public; Owner: waterexpress_user
--

ALTER TABLE ONLY public.hrm_warnings
    ADD CONSTRAINT hrm_warnings_pkey PRIMARY KEY (id);


--
-- Name: interview_feedbacks interview_feedbacks_pkey; Type: CONSTRAINT; Schema: public; Owner: waterexpress_user
--

ALTER TABLE ONLY public.interview_feedbacks
    ADD CONSTRAINT interview_feedbacks_pkey PRIMARY KEY (id);


--
-- Name: interview_rounds interview_rounds_pkey; Type: CONSTRAINT; Schema: public; Owner: waterexpress_user
--

ALTER TABLE ONLY public.interview_rounds
    ADD CONSTRAINT interview_rounds_pkey PRIMARY KEY (id);


--
-- Name: interview_types interview_types_pkey; Type: CONSTRAINT; Schema: public; Owner: waterexpress_user
--

ALTER TABLE ONLY public.interview_types
    ADD CONSTRAINT interview_types_pkey PRIMARY KEY (id);


--
-- Name: interviews interviews_pkey; Type: CONSTRAINT; Schema: public; Owner: waterexpress_user
--

ALTER TABLE ONLY public.interviews
    ADD CONSTRAINT interviews_pkey PRIMARY KEY (id);


--
-- Name: job_locations job_locations_pkey; Type: CONSTRAINT; Schema: public; Owner: waterexpress_user
--

ALTER TABLE ONLY public.job_locations
    ADD CONSTRAINT job_locations_pkey PRIMARY KEY (id);


--
-- Name: job_postings job_postings_pkey; Type: CONSTRAINT; Schema: public; Owner: waterexpress_user
--

ALTER TABLE ONLY public.job_postings
    ADD CONSTRAINT job_postings_pkey PRIMARY KEY (id);


--
-- Name: job_types job_types_pkey; Type: CONSTRAINT; Schema: public; Owner: waterexpress_user
--

ALTER TABLE ONLY public.job_types
    ADD CONSTRAINT job_types_pkey PRIMARY KEY (id);


--
-- Name: landing_page_settings landing_page_settings_pkey; Type: CONSTRAINT; Schema: public; Owner: waterexpress_user
--

ALTER TABLE ONLY public.landing_page_settings
    ADD CONSTRAINT landing_page_settings_pkey PRIMARY KEY (id);


--
-- Name: lms_course_categories lms_course_categories_pkey; Type: CONSTRAINT; Schema: public; Owner: waterexpress_user
--

ALTER TABLE ONLY public.lms_course_categories
    ADD CONSTRAINT lms_course_categories_pkey PRIMARY KEY (id);


--
-- Name: lms_course_instructors lms_course_instructors_pkey; Type: CONSTRAINT; Schema: public; Owner: waterexpress_user
--

ALTER TABLE ONLY public.lms_course_instructors
    ADD CONSTRAINT lms_course_instructors_pkey PRIMARY KEY (id);


--
-- Name: lms_course_lessons lms_course_lessons_pkey; Type: CONSTRAINT; Schema: public; Owner: waterexpress_user
--

ALTER TABLE ONLY public.lms_course_lessons
    ADD CONSTRAINT lms_course_lessons_pkey PRIMARY KEY (id);


--
-- Name: lms_course_revenue_records lms_course_revenue_records_pkey; Type: CONSTRAINT; Schema: public; Owner: waterexpress_user
--

ALTER TABLE ONLY public.lms_course_revenue_records
    ADD CONSTRAINT lms_course_revenue_records_pkey PRIMARY KEY (id);


--
-- Name: lms_course_reviews lms_course_reviews_pkey; Type: CONSTRAINT; Schema: public; Owner: waterexpress_user
--

ALTER TABLE ONLY public.lms_course_reviews
    ADD CONSTRAINT lms_course_reviews_pkey PRIMARY KEY (id);


--
-- Name: lms_course_sections lms_course_sections_pkey; Type: CONSTRAINT; Schema: public; Owner: waterexpress_user
--

ALTER TABLE ONLY public.lms_course_sections
    ADD CONSTRAINT lms_course_sections_pkey PRIMARY KEY (id);


--
-- Name: lms_course_tag_on_course lms_course_tag_on_course_pkey; Type: CONSTRAINT; Schema: public; Owner: waterexpress_user
--

ALTER TABLE ONLY public.lms_course_tag_on_course
    ADD CONSTRAINT lms_course_tag_on_course_pkey PRIMARY KEY (course_id, tag_id);


--
-- Name: lms_course_tags lms_course_tags_pkey; Type: CONSTRAINT; Schema: public; Owner: waterexpress_user
--

ALTER TABLE ONLY public.lms_course_tags
    ADD CONSTRAINT lms_course_tags_pkey PRIMARY KEY (id);


--
-- Name: lms_courses lms_courses_pkey; Type: CONSTRAINT; Schema: public; Owner: waterexpress_user
--

ALTER TABLE ONLY public.lms_courses
    ADD CONSTRAINT lms_courses_pkey PRIMARY KEY (id);


--
-- Name: lms_enrollments lms_enrollments_pkey; Type: CONSTRAINT; Schema: public; Owner: waterexpress_user
--

ALTER TABLE ONLY public.lms_enrollments
    ADD CONSTRAINT lms_enrollments_pkey PRIMARY KEY (id);


--
-- Name: lms_instructor_commissions lms_instructor_commissions_pkey; Type: CONSTRAINT; Schema: public; Owner: waterexpress_user
--

ALTER TABLE ONLY public.lms_instructor_commissions
    ADD CONSTRAINT lms_instructor_commissions_pkey PRIMARY KEY (id);


--
-- Name: lms_instructor_payouts lms_instructor_payouts_pkey; Type: CONSTRAINT; Schema: public; Owner: waterexpress_user
--

ALTER TABLE ONLY public.lms_instructor_payouts
    ADD CONSTRAINT lms_instructor_payouts_pkey PRIMARY KEY (id);


--
-- Name: lms_instructor_profiles lms_instructor_profiles_pkey; Type: CONSTRAINT; Schema: public; Owner: waterexpress_user
--

ALTER TABLE ONLY public.lms_instructor_profiles
    ADD CONSTRAINT lms_instructor_profiles_pkey PRIMARY KEY (id);


--
-- Name: lms_lesson_progress lms_lesson_progress_pkey; Type: CONSTRAINT; Schema: public; Owner: waterexpress_user
--

ALTER TABLE ONLY public.lms_lesson_progress
    ADD CONSTRAINT lms_lesson_progress_pkey PRIMARY KEY (id);


--
-- Name: lms_live_attendance lms_live_attendance_pkey; Type: CONSTRAINT; Schema: public; Owner: waterexpress_user
--

ALTER TABLE ONLY public.lms_live_attendance
    ADD CONSTRAINT lms_live_attendance_pkey PRIMARY KEY (id);


--
-- Name: lms_live_sessions lms_live_sessions_pkey; Type: CONSTRAINT; Schema: public; Owner: waterexpress_user
--

ALTER TABLE ONLY public.lms_live_sessions
    ADD CONSTRAINT lms_live_sessions_pkey PRIMARY KEY (id);


--
-- Name: lms_notification_logs lms_notification_logs_pkey; Type: CONSTRAINT; Schema: public; Owner: waterexpress_user
--

ALTER TABLE ONLY public.lms_notification_logs
    ADD CONSTRAINT lms_notification_logs_pkey PRIMARY KEY (id);


--
-- Name: lms_student_subscriptions lms_student_subscriptions_pkey; Type: CONSTRAINT; Schema: public; Owner: waterexpress_user
--

ALTER TABLE ONLY public.lms_student_subscriptions
    ADD CONSTRAINT lms_student_subscriptions_pkey PRIMARY KEY (id);


--
-- Name: lms_subscription_plan_courses lms_subscription_plan_courses_pkey; Type: CONSTRAINT; Schema: public; Owner: waterexpress_user
--

ALTER TABLE ONLY public.lms_subscription_plan_courses
    ADD CONSTRAINT lms_subscription_plan_courses_pkey PRIMARY KEY (id);


--
-- Name: lms_subscription_plans lms_subscription_plans_pkey; Type: CONSTRAINT; Schema: public; Owner: waterexpress_user
--

ALTER TABLE ONLY public.lms_subscription_plans
    ADD CONSTRAINT lms_subscription_plans_pkey PRIMARY KEY (id);


--
-- Name: lms_user_calendar_event_links lms_user_calendar_event_links_pkey; Type: CONSTRAINT; Schema: public; Owner: waterexpress_user
--

ALTER TABLE ONLY public.lms_user_calendar_event_links
    ADD CONSTRAINT lms_user_calendar_event_links_pkey PRIMARY KEY (id);


--
-- Name: login_histories login_histories_pkey; Type: CONSTRAINT; Schema: public; Owner: waterexpress_user
--

ALTER TABLE ONLY public.login_histories
    ADD CONSTRAINT login_histories_pkey PRIMARY KEY (id);


--
-- Name: marketplace_categories marketplace_categories_pkey; Type: CONSTRAINT; Schema: public; Owner: waterexpress_user
--

ALTER TABLE ONLY public.marketplace_categories
    ADD CONSTRAINT marketplace_categories_pkey PRIMARY KEY (id);


--
-- Name: marketplace_config marketplace_config_pkey; Type: CONSTRAINT; Schema: public; Owner: waterexpress_user
--

ALTER TABLE ONLY public.marketplace_config
    ADD CONSTRAINT marketplace_config_pkey PRIMARY KEY (id);


--
-- Name: marketplace_deliveries marketplace_deliveries_pkey; Type: CONSTRAINT; Schema: public; Owner: waterexpress_user
--

ALTER TABLE ONLY public.marketplace_deliveries
    ADD CONSTRAINT marketplace_deliveries_pkey PRIMARY KEY (id);


--
-- Name: marketplace_delivery_events marketplace_delivery_events_pkey; Type: CONSTRAINT; Schema: public; Owner: waterexpress_user
--

ALTER TABLE ONLY public.marketplace_delivery_events
    ADD CONSTRAINT marketplace_delivery_events_pkey PRIMARY KEY (id);


--
-- Name: marketplace_delivery_queues marketplace_delivery_queues_pkey; Type: CONSTRAINT; Schema: public; Owner: waterexpress_user
--

ALTER TABLE ONLY public.marketplace_delivery_queues
    ADD CONSTRAINT marketplace_delivery_queues_pkey PRIMARY KEY (id);


--
-- Name: marketplace_order_items marketplace_order_items_pkey; Type: CONSTRAINT; Schema: public; Owner: waterexpress_user
--

ALTER TABLE ONLY public.marketplace_order_items
    ADD CONSTRAINT marketplace_order_items_pkey PRIMARY KEY (id);


--
-- Name: marketplace_order_lines marketplace_order_lines_pkey; Type: CONSTRAINT; Schema: public; Owner: waterexpress_user
--

ALTER TABLE ONLY public.marketplace_order_lines
    ADD CONSTRAINT marketplace_order_lines_pkey PRIMARY KEY (id);


--
-- Name: marketplace_orders marketplace_orders_pkey; Type: CONSTRAINT; Schema: public; Owner: waterexpress_user
--

ALTER TABLE ONLY public.marketplace_orders
    ADD CONSTRAINT marketplace_orders_pkey PRIMARY KEY (id);


--
-- Name: marketplace_products marketplace_products_pkey; Type: CONSTRAINT; Schema: public; Owner: waterexpress_user
--

ALTER TABLE ONLY public.marketplace_products
    ADD CONSTRAINT marketplace_products_pkey PRIMARY KEY (id);


--
-- Name: marketplace_settings marketplace_settings_pkey; Type: CONSTRAINT; Schema: public; Owner: waterexpress_user
--

ALTER TABLE ONLY public.marketplace_settings
    ADD CONSTRAINT marketplace_settings_pkey PRIMARY KEY (id);


--
-- Name: marketplace_vendor_permissions marketplace_vendor_permissions_pkey; Type: CONSTRAINT; Schema: public; Owner: waterexpress_user
--

ALTER TABLE ONLY public.marketplace_vendor_permissions
    ADD CONSTRAINT marketplace_vendor_permissions_pkey PRIMARY KEY (id);


--
-- Name: marketplace_vendor_staff marketplace_vendor_staff_pkey; Type: CONSTRAINT; Schema: public; Owner: waterexpress_user
--

ALTER TABLE ONLY public.marketplace_vendor_staff
    ADD CONSTRAINT marketplace_vendor_staff_pkey PRIMARY KEY (id);


--
-- Name: marketplace_vendors marketplace_vendors_pkey; Type: CONSTRAINT; Schema: public; Owner: waterexpress_user
--

ALTER TABLE ONLY public.marketplace_vendors
    ADD CONSTRAINT marketplace_vendors_pkey PRIMARY KEY (id);


--
-- Name: media_directories media_directories_pkey; Type: CONSTRAINT; Schema: public; Owner: waterexpress_user
--

ALTER TABLE ONLY public.media_directories
    ADD CONSTRAINT media_directories_pkey PRIMARY KEY (id);


--
-- Name: media media_pkey; Type: CONSTRAINT; Schema: public; Owner: waterexpress_user
--

ALTER TABLE ONLY public.media
    ADD CONSTRAINT media_pkey PRIMARY KEY (id);


--
-- Name: model_has_roles model_has_roles_pkey; Type: CONSTRAINT; Schema: public; Owner: waterexpress_user
--

ALTER TABLE ONLY public.model_has_roles
    ADD CONSTRAINT model_has_roles_pkey PRIMARY KEY (role_id, model_id, model_type);


--
-- Name: newsletter_subscribers newsletter_subscribers_pkey; Type: CONSTRAINT; Schema: public; Owner: waterexpress_user
--

ALTER TABLE ONLY public.newsletter_subscribers
    ADD CONSTRAINT newsletter_subscribers_pkey PRIMARY KEY (id);


--
-- Name: notification_template_langs notification_template_langs_pkey; Type: CONSTRAINT; Schema: public; Owner: waterexpress_user
--

ALTER TABLE ONLY public.notification_template_langs
    ADD CONSTRAINT notification_template_langs_pkey PRIMARY KEY (id);


--
-- Name: notifications notifications_pkey; Type: CONSTRAINT; Schema: public; Owner: waterexpress_user
--

ALTER TABLE ONLY public.notifications
    ADD CONSTRAINT notifications_pkey PRIMARY KEY (id);


--
-- Name: offer_letters offer_letters_pkey; Type: CONSTRAINT; Schema: public; Owner: waterexpress_user
--

ALTER TABLE ONLY public.offer_letters
    ADD CONSTRAINT offer_letters_pkey PRIMARY KEY (id);


--
-- Name: offers offers_pkey; Type: CONSTRAINT; Schema: public; Owner: waterexpress_user
--

ALTER TABLE ONLY public.offers
    ADD CONSTRAINT offers_pkey PRIMARY KEY (id);


--
-- Name: onboarding_checklists onboarding_checklists_pkey; Type: CONSTRAINT; Schema: public; Owner: waterexpress_user
--

ALTER TABLE ONLY public.onboarding_checklists
    ADD CONSTRAINT onboarding_checklists_pkey PRIMARY KEY (id);


--
-- Name: orders orders_pkey; Type: CONSTRAINT; Schema: public; Owner: waterexpress_user
--

ALTER TABLE ONLY public.orders
    ADD CONSTRAINT orders_pkey PRIMARY KEY (id);


--
-- Name: partner_commissions partner_commissions_pkey; Type: CONSTRAINT; Schema: public; Owner: waterexpress_user
--

ALTER TABLE ONLY public.partner_commissions
    ADD CONSTRAINT partner_commissions_pkey PRIMARY KEY (id);


--
-- Name: partner_landing_pages partner_landing_pages_pkey; Type: CONSTRAINT; Schema: public; Owner: waterexpress_user
--

ALTER TABLE ONLY public.partner_landing_pages
    ADD CONSTRAINT partner_landing_pages_pkey PRIMARY KEY (id);


--
-- Name: partner_payouts partner_payouts_pkey; Type: CONSTRAINT; Schema: public; Owner: waterexpress_user
--

ALTER TABLE ONLY public.partner_payouts
    ADD CONSTRAINT partner_payouts_pkey PRIMARY KEY (id);


--
-- Name: partner_referrals partner_referrals_pkey; Type: CONSTRAINT; Schema: public; Owner: waterexpress_user
--

ALTER TABLE ONLY public.partner_referrals
    ADD CONSTRAINT partner_referrals_pkey PRIMARY KEY (id);


--
-- Name: partners partners_pkey; Type: CONSTRAINT; Schema: public; Owner: waterexpress_user
--

ALTER TABLE ONLY public.partners
    ADD CONSTRAINT partners_pkey PRIMARY KEY (id);


--
-- Name: permissions permissions_pkey; Type: CONSTRAINT; Schema: public; Owner: waterexpress_user
--

ALTER TABLE ONLY public.permissions
    ADD CONSTRAINT permissions_pkey PRIMARY KEY (id);


--
-- Name: plans plans_pkey; Type: CONSTRAINT; Schema: public; Owner: waterexpress_user
--

ALTER TABLE ONLY public.plans
    ADD CONSTRAINT plans_pkey PRIMARY KEY (id);


--
-- Name: pos_branch_sales_targets pos_branch_sales_targets_pkey; Type: CONSTRAINT; Schema: public; Owner: waterexpress_user
--

ALTER TABLE ONLY public.pos_branch_sales_targets
    ADD CONSTRAINT pos_branch_sales_targets_pkey PRIMARY KEY (id);


--
-- Name: pos_branches pos_branches_pkey; Type: CONSTRAINT; Schema: public; Owner: waterexpress_user
--

ALTER TABLE ONLY public.pos_branches
    ADD CONSTRAINT pos_branches_pkey PRIMARY KEY (id);


--
-- Name: pos_brands pos_brands_pkey; Type: CONSTRAINT; Schema: public; Owner: waterexpress_user
--

ALTER TABLE ONLY public.pos_brands
    ADD CONSTRAINT pos_brands_pkey PRIMARY KEY (id);


--
-- Name: pos_cash_registers pos_cash_registers_pkey; Type: CONSTRAINT; Schema: public; Owner: waterexpress_user
--

ALTER TABLE ONLY public.pos_cash_registers
    ADD CONSTRAINT pos_cash_registers_pkey PRIMARY KEY (id);


--
-- Name: pos_categories pos_categories_pkey; Type: CONSTRAINT; Schema: public; Owner: waterexpress_user
--

ALTER TABLE ONLY public.pos_categories
    ADD CONSTRAINT pos_categories_pkey PRIMARY KEY (id);


--
-- Name: pos_customers pos_customers_pkey; Type: CONSTRAINT; Schema: public; Owner: waterexpress_user
--

ALTER TABLE ONLY public.pos_customers
    ADD CONSTRAINT pos_customers_pkey PRIMARY KEY (id);


--
-- Name: pos_expense_categories pos_expense_categories_pkey; Type: CONSTRAINT; Schema: public; Owner: waterexpress_user
--

ALTER TABLE ONLY public.pos_expense_categories
    ADD CONSTRAINT pos_expense_categories_pkey PRIMARY KEY (id);


--
-- Name: pos_expenses pos_expenses_pkey; Type: CONSTRAINT; Schema: public; Owner: waterexpress_user
--

ALTER TABLE ONLY public.pos_expenses
    ADD CONSTRAINT pos_expenses_pkey PRIMARY KEY (id);


--
-- Name: pos_products pos_products_pkey; Type: CONSTRAINT; Schema: public; Owner: waterexpress_user
--

ALTER TABLE ONLY public.pos_products
    ADD CONSTRAINT pos_products_pkey PRIMARY KEY (id);


--
-- Name: pos_purchase_items pos_purchase_items_pkey; Type: CONSTRAINT; Schema: public; Owner: waterexpress_user
--

ALTER TABLE ONLY public.pos_purchase_items
    ADD CONSTRAINT pos_purchase_items_pkey PRIMARY KEY (id);


--
-- Name: pos_purchase_return_items pos_purchase_return_items_pkey; Type: CONSTRAINT; Schema: public; Owner: waterexpress_user
--

ALTER TABLE ONLY public.pos_purchase_return_items
    ADD CONSTRAINT pos_purchase_return_items_pkey PRIMARY KEY (id);


--
-- Name: pos_purchase_returns pos_purchase_returns_pkey; Type: CONSTRAINT; Schema: public; Owner: waterexpress_user
--

ALTER TABLE ONLY public.pos_purchase_returns
    ADD CONSTRAINT pos_purchase_returns_pkey PRIMARY KEY (id);


--
-- Name: pos_purchases pos_purchases_pkey; Type: CONSTRAINT; Schema: public; Owner: waterexpress_user
--

ALTER TABLE ONLY public.pos_purchases
    ADD CONSTRAINT pos_purchases_pkey PRIMARY KEY (id);


--
-- Name: pos_quotation_items pos_quotation_items_pkey; Type: CONSTRAINT; Schema: public; Owner: waterexpress_user
--

ALTER TABLE ONLY public.pos_quotation_items
    ADD CONSTRAINT pos_quotation_items_pkey PRIMARY KEY (id);


--
-- Name: pos_quotations pos_quotations_pkey; Type: CONSTRAINT; Schema: public; Owner: waterexpress_user
--

ALTER TABLE ONLY public.pos_quotations
    ADD CONSTRAINT pos_quotations_pkey PRIMARY KEY (id);


--
-- Name: pos_referrals pos_referrals_pkey; Type: CONSTRAINT; Schema: public; Owner: waterexpress_user
--

ALTER TABLE ONLY public.pos_referrals
    ADD CONSTRAINT pos_referrals_pkey PRIMARY KEY (id);


--
-- Name: pos_sale_items pos_sale_items_pkey; Type: CONSTRAINT; Schema: public; Owner: waterexpress_user
--

ALTER TABLE ONLY public.pos_sale_items
    ADD CONSTRAINT pos_sale_items_pkey PRIMARY KEY (id);


--
-- Name: pos_sale_return_items pos_sale_return_items_pkey; Type: CONSTRAINT; Schema: public; Owner: waterexpress_user
--

ALTER TABLE ONLY public.pos_sale_return_items
    ADD CONSTRAINT pos_sale_return_items_pkey PRIMARY KEY (id);


--
-- Name: pos_sale_returns pos_sale_returns_pkey; Type: CONSTRAINT; Schema: public; Owner: waterexpress_user
--

ALTER TABLE ONLY public.pos_sale_returns
    ADD CONSTRAINT pos_sale_returns_pkey PRIMARY KEY (id);


--
-- Name: pos_sales pos_sales_pkey; Type: CONSTRAINT; Schema: public; Owner: waterexpress_user
--

ALTER TABLE ONLY public.pos_sales
    ADD CONSTRAINT pos_sales_pkey PRIMARY KEY (id);


--
-- Name: pos_sessions pos_sessions_pkey; Type: CONSTRAINT; Schema: public; Owner: waterexpress_user
--

ALTER TABLE ONLY public.pos_sessions
    ADD CONSTRAINT pos_sessions_pkey PRIMARY KEY (id);


--
-- Name: pos_taxes pos_taxes_pkey; Type: CONSTRAINT; Schema: public; Owner: waterexpress_user
--

ALTER TABLE ONLY public.pos_taxes
    ADD CONSTRAINT pos_taxes_pkey PRIMARY KEY (id);


--
-- Name: pos_units pos_units_pkey; Type: CONSTRAINT; Schema: public; Owner: waterexpress_user
--

ALTER TABLE ONLY public.pos_units
    ADD CONSTRAINT pos_units_pkey PRIMARY KEY (id);


--
-- Name: pos_vendors pos_vendors_pkey; Type: CONSTRAINT; Schema: public; Owner: waterexpress_user
--

ALTER TABLE ONLY public.pos_vendors
    ADD CONSTRAINT pos_vendors_pkey PRIMARY KEY (id);


--
-- Name: project_activity_logs project_activity_logs_pkey; Type: CONSTRAINT; Schema: public; Owner: waterexpress_user
--

ALTER TABLE ONLY public.project_activity_logs
    ADD CONSTRAINT project_activity_logs_pkey PRIMARY KEY (id);


--
-- Name: project_bugs project_bugs_pkey; Type: CONSTRAINT; Schema: public; Owner: waterexpress_user
--

ALTER TABLE ONLY public.project_bugs
    ADD CONSTRAINT project_bugs_pkey PRIMARY KEY (id);


--
-- Name: project_clients project_clients_pkey; Type: CONSTRAINT; Schema: public; Owner: waterexpress_user
--

ALTER TABLE ONLY public.project_clients
    ADD CONSTRAINT project_clients_pkey PRIMARY KEY (id);


--
-- Name: project_files project_files_pkey; Type: CONSTRAINT; Schema: public; Owner: waterexpress_user
--

ALTER TABLE ONLY public.project_files
    ADD CONSTRAINT project_files_pkey PRIMARY KEY (id);


--
-- Name: project_milestones project_milestones_pkey; Type: CONSTRAINT; Schema: public; Owner: waterexpress_user
--

ALTER TABLE ONLY public.project_milestones
    ADD CONSTRAINT project_milestones_pkey PRIMARY KEY (id);


--
-- Name: project_tasks project_tasks_pkey; Type: CONSTRAINT; Schema: public; Owner: waterexpress_user
--

ALTER TABLE ONLY public.project_tasks
    ADD CONSTRAINT project_tasks_pkey PRIMARY KEY (id);


--
-- Name: project_users project_users_pkey; Type: CONSTRAINT; Schema: public; Owner: waterexpress_user
--

ALTER TABLE ONLY public.project_users
    ADD CONSTRAINT project_users_pkey PRIMARY KEY (id);


--
-- Name: projects projects_pkey; Type: CONSTRAINT; Schema: public; Owner: waterexpress_user
--

ALTER TABLE ONLY public.projects
    ADD CONSTRAINT projects_pkey PRIMARY KEY (id);


--
-- Name: questions questions_pkey; Type: CONSTRAINT; Schema: public; Owner: waterexpress_user
--

ALTER TABLE ONLY public.questions
    ADD CONSTRAINT questions_pkey PRIMARY KEY (id);


--
-- Name: recruitment_settings recruitment_settings_pkey; Type: CONSTRAINT; Schema: public; Owner: waterexpress_user
--

ALTER TABLE ONLY public.recruitment_settings
    ADD CONSTRAINT recruitment_settings_pkey PRIMARY KEY (id);


--
-- Name: resume_builder_settings resume_builder_settings_pkey; Type: CONSTRAINT; Schema: public; Owner: waterexpress_user
--

ALTER TABLE ONLY public.resume_builder_settings
    ADD CONSTRAINT resume_builder_settings_pkey PRIMARY KEY (id);


--
-- Name: resume_templates resume_templates_pkey; Type: CONSTRAINT; Schema: public; Owner: waterexpress_user
--

ALTER TABLE ONLY public.resume_templates
    ADD CONSTRAINT resume_templates_pkey PRIMARY KEY (id);


--
-- Name: resumes resumes_pkey; Type: CONSTRAINT; Schema: public; Owner: waterexpress_user
--

ALTER TABLE ONLY public.resumes
    ADD CONSTRAINT resumes_pkey PRIMARY KEY (id);


--
-- Name: revenues revenues_pkey; Type: CONSTRAINT; Schema: public; Owner: waterexpress_user
--

ALTER TABLE ONLY public.revenues
    ADD CONSTRAINT revenues_pkey PRIMARY KEY (id);


--
-- Name: role_has_permissions role_has_permissions_pkey; Type: CONSTRAINT; Schema: public; Owner: waterexpress_user
--

ALTER TABLE ONLY public.role_has_permissions
    ADD CONSTRAINT role_has_permissions_pkey PRIMARY KEY (role_id, permission_id);


--
-- Name: roles roles_pkey; Type: CONSTRAINT; Schema: public; Owner: waterexpress_user
--

ALTER TABLE ONLY public.roles
    ADD CONSTRAINT roles_pkey PRIMARY KEY (id);


--
-- Name: saas_audit_logs saas_audit_logs_pkey; Type: CONSTRAINT; Schema: public; Owner: waterexpress_user
--

ALTER TABLE ONLY public.saas_audit_logs
    ADD CONSTRAINT saas_audit_logs_pkey PRIMARY KEY (id);


--
-- Name: sales_proposal_items sales_proposal_items_pkey; Type: CONSTRAINT; Schema: public; Owner: waterexpress_user
--

ALTER TABLE ONLY public.sales_proposal_items
    ADD CONSTRAINT sales_proposal_items_pkey PRIMARY KEY (id);


--
-- Name: sales_proposals sales_proposals_pkey; Type: CONSTRAINT; Schema: public; Owner: waterexpress_user
--

ALTER TABLE ONLY public.sales_proposals
    ADD CONSTRAINT sales_proposals_pkey PRIMARY KEY (id);


--
-- Name: schedules schedules_pkey; Type: CONSTRAINT; Schema: public; Owner: waterexpress_user
--

ALTER TABLE ONLY public.schedules
    ADD CONSTRAINT schedules_pkey PRIMARY KEY (id);


--
-- Name: settings settings_pkey; Type: CONSTRAINT; Schema: public; Owner: waterexpress_user
--

ALTER TABLE ONLY public.settings
    ADD CONSTRAINT settings_pkey PRIMARY KEY (id);


--
-- Name: st_contacts st_contacts_pkey; Type: CONSTRAINT; Schema: public; Owner: waterexpress_user
--

ALTER TABLE ONLY public.st_contacts
    ADD CONSTRAINT st_contacts_pkey PRIMARY KEY (id);


--
-- Name: st_custom_pages st_custom_pages_pkey; Type: CONSTRAINT; Schema: public; Owner: waterexpress_user
--

ALTER TABLE ONLY public.st_custom_pages
    ADD CONSTRAINT st_custom_pages_pkey PRIMARY KEY (id);


--
-- Name: st_faqs st_faqs_pkey; Type: CONSTRAINT; Schema: public; Owner: waterexpress_user
--

ALTER TABLE ONLY public.st_faqs
    ADD CONSTRAINT st_faqs_pkey PRIMARY KEY (id);


--
-- Name: st_kb_categories st_kb_categories_pkey; Type: CONSTRAINT; Schema: public; Owner: waterexpress_user
--

ALTER TABLE ONLY public.st_kb_categories
    ADD CONSTRAINT st_kb_categories_pkey PRIMARY KEY (id);


--
-- Name: st_knowledge_bases st_knowledge_bases_pkey; Type: CONSTRAINT; Schema: public; Owner: waterexpress_user
--

ALTER TABLE ONLY public.st_knowledge_bases
    ADD CONSTRAINT st_knowledge_bases_pkey PRIMARY KEY (id);


--
-- Name: st_quick_links st_quick_links_pkey; Type: CONSTRAINT; Schema: public; Owner: waterexpress_user
--

ALTER TABLE ONLY public.st_quick_links
    ADD CONSTRAINT st_quick_links_pkey PRIMARY KEY (id);


--
-- Name: st_settings st_settings_pkey; Type: CONSTRAINT; Schema: public; Owner: waterexpress_user
--

ALTER TABLE ONLY public.st_settings
    ADD CONSTRAINT st_settings_pkey PRIMARY KEY (id);


--
-- Name: st_ticket_categories st_ticket_categories_pkey; Type: CONSTRAINT; Schema: public; Owner: waterexpress_user
--

ALTER TABLE ONLY public.st_ticket_categories
    ADD CONSTRAINT st_ticket_categories_pkey PRIMARY KEY (id);


--
-- Name: st_tickets st_tickets_pkey; Type: CONSTRAINT; Schema: public; Owner: waterexpress_user
--

ALTER TABLE ONLY public.st_tickets
    ADD CONSTRAINT st_tickets_pkey PRIMARY KEY (id);


--
-- Name: storefront_block_instances storefront_block_instances_pkey; Type: CONSTRAINT; Schema: public; Owner: waterexpress_user
--

ALTER TABLE ONLY public.storefront_block_instances
    ADD CONSTRAINT storefront_block_instances_pkey PRIMARY KEY (id);


--
-- Name: storefront_blog_comments storefront_blog_comments_pkey; Type: CONSTRAINT; Schema: public; Owner: waterexpress_user
--

ALTER TABLE ONLY public.storefront_blog_comments
    ADD CONSTRAINT storefront_blog_comments_pkey PRIMARY KEY (id);


--
-- Name: storefront_blog_posts storefront_blog_posts_pkey; Type: CONSTRAINT; Schema: public; Owner: waterexpress_user
--

ALTER TABLE ONLY public.storefront_blog_posts
    ADD CONSTRAINT storefront_blog_posts_pkey PRIMARY KEY (id);


--
-- Name: storefront_cart_lines storefront_cart_lines_pkey; Type: CONSTRAINT; Schema: public; Owner: waterexpress_user
--

ALTER TABLE ONLY public.storefront_cart_lines
    ADD CONSTRAINT storefront_cart_lines_pkey PRIMARY KEY (id);


--
-- Name: storefront_carts storefront_carts_pkey; Type: CONSTRAINT; Schema: public; Owner: waterexpress_user
--

ALTER TABLE ONLY public.storefront_carts
    ADD CONSTRAINT storefront_carts_pkey PRIMARY KEY (id);


--
-- Name: storefront_checkout_sessions storefront_checkout_sessions_pkey; Type: CONSTRAINT; Schema: public; Owner: waterexpress_user
--

ALTER TABLE ONLY public.storefront_checkout_sessions
    ADD CONSTRAINT storefront_checkout_sessions_pkey PRIMARY KEY (id);


--
-- Name: storefront_collection_products storefront_collection_products_pkey; Type: CONSTRAINT; Schema: public; Owner: waterexpress_user
--

ALTER TABLE ONLY public.storefront_collection_products
    ADD CONSTRAINT storefront_collection_products_pkey PRIMARY KEY (id);


--
-- Name: storefront_collections storefront_collections_pkey; Type: CONSTRAINT; Schema: public; Owner: waterexpress_user
--

ALTER TABLE ONLY public.storefront_collections
    ADD CONSTRAINT storefront_collections_pkey PRIMARY KEY (id);


--
-- Name: storefront_customer_sessions storefront_customer_sessions_pkey; Type: CONSTRAINT; Schema: public; Owner: waterexpress_user
--

ALTER TABLE ONLY public.storefront_customer_sessions
    ADD CONSTRAINT storefront_customer_sessions_pkey PRIMARY KEY (id);


--
-- Name: storefront_customers storefront_customers_pkey; Type: CONSTRAINT; Schema: public; Owner: waterexpress_user
--

ALTER TABLE ONLY public.storefront_customers
    ADD CONSTRAINT storefront_customers_pkey PRIMARY KEY (id);


--
-- Name: storefront_discount_codes storefront_discount_codes_pkey; Type: CONSTRAINT; Schema: public; Owner: waterexpress_user
--

ALTER TABLE ONLY public.storefront_discount_codes
    ADD CONSTRAINT storefront_discount_codes_pkey PRIMARY KEY (id);


--
-- Name: storefront_discount_redemptions storefront_discount_redemptions_pkey; Type: CONSTRAINT; Schema: public; Owner: waterexpress_user
--

ALTER TABLE ONLY public.storefront_discount_redemptions
    ADD CONSTRAINT storefront_discount_redemptions_pkey PRIMARY KEY (id);


--
-- Name: storefront_discount_rules storefront_discount_rules_pkey; Type: CONSTRAINT; Schema: public; Owner: waterexpress_user
--

ALTER TABLE ONLY public.storefront_discount_rules
    ADD CONSTRAINT storefront_discount_rules_pkey PRIMARY KEY (id);


--
-- Name: storefront_domains storefront_domains_pkey; Type: CONSTRAINT; Schema: public; Owner: waterexpress_user
--

ALTER TABLE ONLY public.storefront_domains
    ADD CONSTRAINT storefront_domains_pkey PRIMARY KEY (id);


--
-- Name: storefront_event_logs storefront_event_logs_pkey; Type: CONSTRAINT; Schema: public; Owner: waterexpress_user
--

ALTER TABLE ONLY public.storefront_event_logs
    ADD CONSTRAINT storefront_event_logs_pkey PRIMARY KEY (id);


--
-- Name: storefront_events storefront_events_pkey; Type: CONSTRAINT; Schema: public; Owner: waterexpress_user
--

ALTER TABLE ONLY public.storefront_events
    ADD CONSTRAINT storefront_events_pkey PRIMARY KEY (id);


--
-- Name: storefront_notification_logs storefront_notification_logs_pkey; Type: CONSTRAINT; Schema: public; Owner: waterexpress_user
--

ALTER TABLE ONLY public.storefront_notification_logs
    ADD CONSTRAINT storefront_notification_logs_pkey PRIMARY KEY (id);


--
-- Name: storefront_notification_templates storefront_notification_templates_pkey; Type: CONSTRAINT; Schema: public; Owner: waterexpress_user
--

ALTER TABLE ONLY public.storefront_notification_templates
    ADD CONSTRAINT storefront_notification_templates_pkey PRIMARY KEY (id);


--
-- Name: storefront_order_events storefront_order_events_pkey; Type: CONSTRAINT; Schema: public; Owner: waterexpress_user
--

ALTER TABLE ONLY public.storefront_order_events
    ADD CONSTRAINT storefront_order_events_pkey PRIMARY KEY (id);


--
-- Name: storefront_order_lines storefront_order_lines_pkey; Type: CONSTRAINT; Schema: public; Owner: waterexpress_user
--

ALTER TABLE ONLY public.storefront_order_lines
    ADD CONSTRAINT storefront_order_lines_pkey PRIMARY KEY (id);


--
-- Name: storefront_orders storefront_orders_pkey; Type: CONSTRAINT; Schema: public; Owner: waterexpress_user
--

ALTER TABLE ONLY public.storefront_orders
    ADD CONSTRAINT storefront_orders_pkey PRIMARY KEY (id);


--
-- Name: storefront_page_versions storefront_page_versions_pkey; Type: CONSTRAINT; Schema: public; Owner: waterexpress_user
--

ALTER TABLE ONLY public.storefront_page_versions
    ADD CONSTRAINT storefront_page_versions_pkey PRIMARY KEY (id);


--
-- Name: storefront_pages storefront_pages_pkey; Type: CONSTRAINT; Schema: public; Owner: waterexpress_user
--

ALTER TABLE ONLY public.storefront_pages
    ADD CONSTRAINT storefront_pages_pkey PRIMARY KEY (id);


--
-- Name: storefront_payment_records storefront_payment_records_pkey; Type: CONSTRAINT; Schema: public; Owner: waterexpress_user
--

ALTER TABLE ONLY public.storefront_payment_records
    ADD CONSTRAINT storefront_payment_records_pkey PRIMARY KEY (id);


--
-- Name: storefront_section_instances storefront_section_instances_pkey; Type: CONSTRAINT; Schema: public; Owner: waterexpress_user
--

ALTER TABLE ONLY public.storefront_section_instances
    ADD CONSTRAINT storefront_section_instances_pkey PRIMARY KEY (id);


--
-- Name: storefront_shipments storefront_shipments_pkey; Type: CONSTRAINT; Schema: public; Owner: waterexpress_user
--

ALTER TABLE ONLY public.storefront_shipments
    ADD CONSTRAINT storefront_shipments_pkey PRIMARY KEY (id);


--
-- Name: storefront_shipping_methods storefront_shipping_methods_pkey; Type: CONSTRAINT; Schema: public; Owner: waterexpress_user
--

ALTER TABLE ONLY public.storefront_shipping_methods
    ADD CONSTRAINT storefront_shipping_methods_pkey PRIMARY KEY (id);


--
-- Name: storefront_shipping_zones storefront_shipping_zones_pkey; Type: CONSTRAINT; Schema: public; Owner: waterexpress_user
--

ALTER TABLE ONLY public.storefront_shipping_zones
    ADD CONSTRAINT storefront_shipping_zones_pkey PRIMARY KEY (id);


--
-- Name: storefront_stock_reservations storefront_stock_reservations_pkey; Type: CONSTRAINT; Schema: public; Owner: waterexpress_user
--

ALTER TABLE ONLY public.storefront_stock_reservations
    ADD CONSTRAINT storefront_stock_reservations_pkey PRIMARY KEY (id);


--
-- Name: storefront_tax_rules storefront_tax_rules_pkey; Type: CONSTRAINT; Schema: public; Owner: waterexpress_user
--

ALTER TABLE ONLY public.storefront_tax_rules
    ADD CONSTRAINT storefront_tax_rules_pkey PRIMARY KEY (id);


--
-- Name: storefront_tax_settings storefront_tax_settings_pkey; Type: CONSTRAINT; Schema: public; Owner: waterexpress_user
--

ALTER TABLE ONLY public.storefront_tax_settings
    ADD CONSTRAINT storefront_tax_settings_pkey PRIMARY KEY (id);


--
-- Name: storefront_theme_block_definitions storefront_theme_block_definitions_pkey; Type: CONSTRAINT; Schema: public; Owner: waterexpress_user
--

ALTER TABLE ONLY public.storefront_theme_block_definitions
    ADD CONSTRAINT storefront_theme_block_definitions_pkey PRIMARY KEY (id);


--
-- Name: storefront_theme_section_definitions storefront_theme_section_definitions_pkey; Type: CONSTRAINT; Schema: public; Owner: waterexpress_user
--

ALTER TABLE ONLY public.storefront_theme_section_definitions
    ADD CONSTRAINT storefront_theme_section_definitions_pkey PRIMARY KEY (id);


--
-- Name: storefront_theme_style_tokens storefront_theme_style_tokens_pkey; Type: CONSTRAINT; Schema: public; Owner: waterexpress_user
--

ALTER TABLE ONLY public.storefront_theme_style_tokens
    ADD CONSTRAINT storefront_theme_style_tokens_pkey PRIMARY KEY (id);


--
-- Name: storefront_theme_templates storefront_theme_templates_pkey; Type: CONSTRAINT; Schema: public; Owner: waterexpress_user
--

ALTER TABLE ONLY public.storefront_theme_templates
    ADD CONSTRAINT storefront_theme_templates_pkey PRIMARY KEY (id);


--
-- Name: storefront_theme_versions storefront_theme_versions_pkey; Type: CONSTRAINT; Schema: public; Owner: waterexpress_user
--

ALTER TABLE ONLY public.storefront_theme_versions
    ADD CONSTRAINT storefront_theme_versions_pkey PRIMARY KEY (id);


--
-- Name: storefront_themes storefront_themes_pkey; Type: CONSTRAINT; Schema: public; Owner: waterexpress_user
--

ALTER TABLE ONLY public.storefront_themes
    ADD CONSTRAINT storefront_themes_pkey PRIMARY KEY (id);


--
-- Name: storefront_websites storefront_websites_pkey; Type: CONSTRAINT; Schema: public; Owner: waterexpress_user
--

ALTER TABLE ONLY public.storefront_websites
    ADD CONSTRAINT storefront_websites_pkey PRIMARY KEY (id);


--
-- Name: task_comments task_comments_pkey; Type: CONSTRAINT; Schema: public; Owner: waterexpress_user
--

ALTER TABLE ONLY public.task_comments
    ADD CONSTRAINT task_comments_pkey PRIMARY KEY (id);


--
-- Name: task_stages task_stages_pkey; Type: CONSTRAINT; Schema: public; Owner: waterexpress_user
--

ALTER TABLE ONLY public.task_stages
    ADD CONSTRAINT task_stages_pkey PRIMARY KEY (id);


--
-- Name: task_subtasks task_subtasks_pkey; Type: CONSTRAINT; Schema: public; Owner: waterexpress_user
--

ALTER TABLE ONLY public.task_subtasks
    ADD CONSTRAINT task_subtasks_pkey PRIMARY KEY (id);


--
-- Name: user_coupons user_coupons_pkey; Type: CONSTRAINT; Schema: public; Owner: waterexpress_user
--

ALTER TABLE ONLY public.user_coupons
    ADD CONSTRAINT user_coupons_pkey PRIMARY KEY (id);


--
-- Name: user_google_calendar_connections user_google_calendar_connections_pkey; Type: CONSTRAINT; Schema: public; Owner: waterexpress_user
--

ALTER TABLE ONLY public.user_google_calendar_connections
    ADD CONSTRAINT user_google_calendar_connections_pkey PRIMARY KEY (id);


--
-- Name: users users_pkey; Type: CONSTRAINT; Schema: public; Owner: waterexpress_user
--

ALTER TABLE ONLY public.users
    ADD CONSTRAINT users_pkey PRIMARY KEY (id);


--
-- Name: vendor_payments vendor_payments_pkey; Type: CONSTRAINT; Schema: public; Owner: waterexpress_user
--

ALTER TABLE ONLY public.vendor_payments
    ADD CONSTRAINT vendor_payments_pkey PRIMARY KEY (id);


--
-- Name: vendors vendors_pkey; Type: CONSTRAINT; Schema: public; Owner: waterexpress_user
--

ALTER TABLE ONLY public.vendors
    ADD CONSTRAINT vendors_pkey PRIMARY KEY (id);


--
-- Name: wa_contacts wa_contacts_pkey; Type: CONSTRAINT; Schema: public; Owner: waterexpress_user
--

ALTER TABLE ONLY public.wa_contacts
    ADD CONSTRAINT wa_contacts_pkey PRIMARY KEY (id);


--
-- Name: wa_event_notifications wa_event_notifications_pkey; Type: CONSTRAINT; Schema: public; Owner: waterexpress_user
--

ALTER TABLE ONLY public.wa_event_notifications
    ADD CONSTRAINT wa_event_notifications_pkey PRIMARY KEY (id);


--
-- Name: wa_messages wa_messages_pkey; Type: CONSTRAINT; Schema: public; Owner: waterexpress_user
--

ALTER TABLE ONLY public.wa_messages
    ADD CONSTRAINT wa_messages_pkey PRIMARY KEY (id);


--
-- Name: wa_settings wa_settings_pkey; Type: CONSTRAINT; Schema: public; Owner: waterexpress_user
--

ALTER TABLE ONLY public.wa_settings
    ADD CONSTRAINT wa_settings_pkey PRIMARY KEY (id);


--
-- Name: warehouses warehouses_pkey; Type: CONSTRAINT; Schema: public; Owner: waterexpress_user
--

ALTER TABLE ONLY public.warehouses
    ADD CONSTRAINT warehouses_pkey PRIMARY KEY (id);


--
-- Name: waterice_memberships waterice_memberships_pkey; Type: CONSTRAINT; Schema: public; Owner: waterexpress_user
--

ALTER TABLE ONLY public.waterice_memberships
    ADD CONSTRAINT waterice_memberships_pkey PRIMARY KEY (id);


--
-- Name: account_categories_created_by_idx; Type: INDEX; Schema: public; Owner: waterexpress_user
--

CREATE INDEX account_categories_created_by_idx ON public.account_categories USING btree (created_by);


--
-- Name: account_types_category_id_idx; Type: INDEX; Schema: public; Owner: waterexpress_user
--

CREATE INDEX account_types_category_id_idx ON public.account_types USING btree (category_id);


--
-- Name: account_types_created_by_idx; Type: INDEX; Schema: public; Owner: waterexpress_user
--

CREATE INDEX account_types_created_by_idx ON public.account_types USING btree (created_by);


--
-- Name: add_ons_module_key; Type: INDEX; Schema: public; Owner: waterexpress_user
--

CREATE UNIQUE INDEX add_ons_module_key ON public.add_ons USING btree (module);


--
-- Name: affiliate_links_org_slug_unique; Type: INDEX; Schema: public; Owner: waterexpress_user
--

CREATE UNIQUE INDEX affiliate_links_org_slug_unique ON public.affiliate_links USING btree (organization_id, slug);


--
-- Name: affiliate_links_org_status_idx; Type: INDEX; Schema: public; Owner: waterexpress_user
--

CREATE INDEX affiliate_links_org_status_idx ON public.affiliate_links USING btree (organization_id, status);


--
-- Name: affiliate_partners_org_code_unique; Type: INDEX; Schema: public; Owner: waterexpress_user
--

CREATE UNIQUE INDEX affiliate_partners_org_code_unique ON public.affiliate_partners USING btree (organization_id, referral_code);


--
-- Name: app_notifications_user_id_created_at_idx; Type: INDEX; Schema: public; Owner: waterexpress_user
--

CREATE INDEX app_notifications_user_id_created_at_idx ON public.app_notifications USING btree (user_id, created_at);


--
-- Name: app_notifications_user_id_read_at_idx; Type: INDEX; Schema: public; Owner: waterexpress_user
--

CREATE INDEX app_notifications_user_id_read_at_idx ON public.app_notifications USING btree (user_id, read_at);


--
-- Name: appointment_callbacks_appointment_id_idx; Type: INDEX; Schema: public; Owner: waterexpress_user
--

CREATE INDEX appointment_callbacks_appointment_id_idx ON public.appointment_callbacks USING btree (appointment_id);


--
-- Name: appointment_callbacks_created_by_idx; Type: INDEX; Schema: public; Owner: waterexpress_user
--

CREATE INDEX appointment_callbacks_created_by_idx ON public.appointment_callbacks USING btree (created_by);


--
-- Name: appointment_callbacks_schedule_id_idx; Type: INDEX; Schema: public; Owner: waterexpress_user
--

CREATE INDEX appointment_callbacks_schedule_id_idx ON public.appointment_callbacks USING btree (schedule_id);


--
-- Name: appointment_hours_created_by_idx; Type: INDEX; Schema: public; Owner: waterexpress_user
--

CREATE INDEX appointment_hours_created_by_idx ON public.appointment_hours USING btree (created_by);


--
-- Name: appointment_settings_created_by_idx; Type: INDEX; Schema: public; Owner: waterexpress_user
--

CREATE INDEX appointment_settings_created_by_idx ON public.appointment_settings USING btree (created_by);


--
-- Name: appointments_created_by_idx; Type: INDEX; Schema: public; Owner: waterexpress_user
--

CREATE INDEX appointments_created_by_idx ON public.appointments USING btree (created_by);


--
-- Name: asset_assignments_asset_id_idx; Type: INDEX; Schema: public; Owner: waterexpress_user
--

CREATE INDEX asset_assignments_asset_id_idx ON public.asset_assignments USING btree (asset_id);


--
-- Name: asset_borrow_payments_asset_id_idx; Type: INDEX; Schema: public; Owner: waterexpress_user
--

CREATE INDEX asset_borrow_payments_asset_id_idx ON public.asset_borrow_payments USING btree (asset_id);


--
-- Name: asset_borrow_payments_borrow_rent_id_idx; Type: INDEX; Schema: public; Owner: waterexpress_user
--

CREATE INDEX asset_borrow_payments_borrow_rent_id_idx ON public.asset_borrow_payments USING btree (borrow_rent_id);


--
-- Name: asset_borrow_rents_asset_id_idx; Type: INDEX; Schema: public; Owner: waterexpress_user
--

CREATE INDEX asset_borrow_rents_asset_id_idx ON public.asset_borrow_rents USING btree (asset_id);


--
-- Name: asset_depreciations_asset_id_idx; Type: INDEX; Schema: public; Owner: waterexpress_user
--

CREATE INDEX asset_depreciations_asset_id_idx ON public.asset_depreciations USING btree (asset_id);


--
-- Name: asset_locations_code_key; Type: INDEX; Schema: public; Owner: waterexpress_user
--

CREATE UNIQUE INDEX asset_locations_code_key ON public.asset_locations USING btree (code);


--
-- Name: asset_locations_parent_id_idx; Type: INDEX; Schema: public; Owner: waterexpress_user
--

CREATE INDEX asset_locations_parent_id_idx ON public.asset_locations USING btree (parent_id);


--
-- Name: asset_maintenances_asset_id_idx; Type: INDEX; Schema: public; Owner: waterexpress_user
--

CREATE INDEX asset_maintenances_asset_id_idx ON public.asset_maintenances USING btree (asset_id);


--
-- Name: assets_category_id_idx; Type: INDEX; Schema: public; Owner: waterexpress_user
--

CREATE INDEX assets_category_id_idx ON public.assets USING btree (category_id);


--
-- Name: assets_location_id_idx; Type: INDEX; Schema: public; Owner: waterexpress_user
--

CREATE INDEX assets_location_id_idx ON public.assets USING btree (location_id);


--
-- Name: bank_accounts_created_by_idx; Type: INDEX; Schema: public; Owner: waterexpress_user
--

CREATE INDEX bank_accounts_created_by_idx ON public.bank_accounts USING btree (created_by);


--
-- Name: bank_accounts_gl_account_id_idx; Type: INDEX; Schema: public; Owner: waterexpress_user
--

CREATE INDEX bank_accounts_gl_account_id_idx ON public.bank_accounts USING btree (gl_account_id);


--
-- Name: bank_transactions_bank_account_id_idx; Type: INDEX; Schema: public; Owner: waterexpress_user
--

CREATE INDEX bank_transactions_bank_account_id_idx ON public.bank_transactions USING btree (bank_account_id);


--
-- Name: bank_transactions_created_by_idx; Type: INDEX; Schema: public; Owner: waterexpress_user
--

CREATE INDEX bank_transactions_created_by_idx ON public.bank_transactions USING btree (created_by);


--
-- Name: bank_transfer_payments_order_id_key; Type: INDEX; Schema: public; Owner: waterexpress_user
--

CREATE UNIQUE INDEX bank_transfer_payments_order_id_key ON public.bank_transfer_payments USING btree (order_id);


--
-- Name: bank_transfers_created_by_idx; Type: INDEX; Schema: public; Owner: waterexpress_user
--

CREATE INDEX bank_transfers_created_by_idx ON public.bank_transfers USING btree (created_by);


--
-- Name: bank_transfers_from_account_id_idx; Type: INDEX; Schema: public; Owner: waterexpress_user
--

CREATE INDEX bank_transfers_from_account_id_idx ON public.bank_transfers USING btree (from_account_id);


--
-- Name: bank_transfers_to_account_id_idx; Type: INDEX; Schema: public; Owner: waterexpress_user
--

CREATE INDEX bank_transfers_to_account_id_idx ON public.bank_transfers USING btree (to_account_id);


--
-- Name: bug_comments_bug_id_idx; Type: INDEX; Schema: public; Owner: waterexpress_user
--

CREATE INDEX bug_comments_bug_id_idx ON public.bug_comments USING btree (bug_id);


--
-- Name: bug_stages_created_by_idx; Type: INDEX; Schema: public; Owner: waterexpress_user
--

CREATE INDEX bug_stages_created_by_idx ON public.bug_stages USING btree (created_by);


--
-- Name: business_module_features_business_module_id_idx; Type: INDEX; Schema: public; Owner: waterexpress_user
--

CREATE INDEX business_module_features_business_module_id_idx ON public.business_module_features USING btree (business_module_id);


--
-- Name: candidate_assessments_candidate_id_idx; Type: INDEX; Schema: public; Owner: waterexpress_user
--

CREATE INDEX candidate_assessments_candidate_id_idx ON public.candidate_assessments USING btree (candidate_id);


--
-- Name: candidate_assessments_created_by_idx; Type: INDEX; Schema: public; Owner: waterexpress_user
--

CREATE INDEX candidate_assessments_created_by_idx ON public.candidate_assessments USING btree (created_by);


--
-- Name: candidate_onboardings_candidate_id_idx; Type: INDEX; Schema: public; Owner: waterexpress_user
--

CREATE INDEX candidate_onboardings_candidate_id_idx ON public.candidate_onboardings USING btree (candidate_id);


--
-- Name: candidate_onboardings_checklist_id_idx; Type: INDEX; Schema: public; Owner: waterexpress_user
--

CREATE INDEX candidate_onboardings_checklist_id_idx ON public.candidate_onboardings USING btree (checklist_id);


--
-- Name: candidate_onboardings_created_by_idx; Type: INDEX; Schema: public; Owner: waterexpress_user
--

CREATE INDEX candidate_onboardings_created_by_idx ON public.candidate_onboardings USING btree (created_by);


--
-- Name: candidate_sources_created_by_idx; Type: INDEX; Schema: public; Owner: waterexpress_user
--

CREATE INDEX candidate_sources_created_by_idx ON public.candidate_sources USING btree (created_by);


--
-- Name: candidates_created_by_idx; Type: INDEX; Schema: public; Owner: waterexpress_user
--

CREATE INDEX candidates_created_by_idx ON public.candidates USING btree (created_by);


--
-- Name: candidates_job_id_idx; Type: INDEX; Schema: public; Owner: waterexpress_user
--

CREATE INDEX candidates_job_id_idx ON public.candidates USING btree (job_id);


--
-- Name: candidates_source_id_idx; Type: INDEX; Schema: public; Owner: waterexpress_user
--

CREATE INDEX candidates_source_id_idx ON public.candidates USING btree (source_id);


--
-- Name: candidates_tracking_id_key; Type: INDEX; Schema: public; Owner: waterexpress_user
--

CREATE UNIQUE INDEX candidates_tracking_id_key ON public.candidates USING btree (tracking_id);


--
-- Name: ch_favorites_user_id_favorite_id_key; Type: INDEX; Schema: public; Owner: waterexpress_user
--

CREATE UNIQUE INDEX ch_favorites_user_id_favorite_id_key ON public.ch_favorites USING btree (user_id, favorite_id);


--
-- Name: ch_favorites_user_id_idx; Type: INDEX; Schema: public; Owner: waterexpress_user
--

CREATE INDEX ch_favorites_user_id_idx ON public.ch_favorites USING btree (user_id);


--
-- Name: ch_messages_from_id_idx; Type: INDEX; Schema: public; Owner: waterexpress_user
--

CREATE INDEX ch_messages_from_id_idx ON public.ch_messages USING btree (from_id);


--
-- Name: ch_messages_from_id_to_id_idx; Type: INDEX; Schema: public; Owner: waterexpress_user
--

CREATE INDEX ch_messages_from_id_to_id_idx ON public.ch_messages USING btree (from_id, to_id);


--
-- Name: ch_messages_to_id_idx; Type: INDEX; Schema: public; Owner: waterexpress_user
--

CREATE INDEX ch_messages_to_id_idx ON public.ch_messages USING btree (to_id);


--
-- Name: chart_of_accounts_account_type_id_idx; Type: INDEX; Schema: public; Owner: waterexpress_user
--

CREATE INDEX chart_of_accounts_account_type_id_idx ON public.chart_of_accounts USING btree (account_type_id);


--
-- Name: chart_of_accounts_created_by_idx; Type: INDEX; Schema: public; Owner: waterexpress_user
--

CREATE INDEX chart_of_accounts_created_by_idx ON public.chart_of_accounts USING btree (created_by);


--
-- Name: chart_of_accounts_parent_account_id_idx; Type: INDEX; Schema: public; Owner: waterexpress_user
--

CREATE INDEX chart_of_accounts_parent_account_id_idx ON public.chart_of_accounts USING btree (parent_account_id);


--
-- Name: checklist_items_checklist_id_idx; Type: INDEX; Schema: public; Owner: waterexpress_user
--

CREATE INDEX checklist_items_checklist_id_idx ON public.checklist_items USING btree (checklist_id);


--
-- Name: checklist_items_created_by_idx; Type: INDEX; Schema: public; Owner: waterexpress_user
--

CREATE INDEX checklist_items_created_by_idx ON public.checklist_items USING btree (created_by);


--
-- Name: company_marketplace_links_company_id_idx; Type: INDEX; Schema: public; Owner: waterexpress_user
--

CREATE INDEX company_marketplace_links_company_id_idx ON public.company_marketplace_links USING btree (company_id);


--
-- Name: company_marketplace_links_vendor_id_idx; Type: INDEX; Schema: public; Owner: waterexpress_user
--

CREATE INDEX company_marketplace_links_vendor_id_idx ON public.company_marketplace_links USING btree (vendor_id);


--
-- Name: coupons_code_key; Type: INDEX; Schema: public; Owner: waterexpress_user
--

CREATE UNIQUE INDEX coupons_code_key ON public.coupons USING btree (code);


--
-- Name: coupons_status_expiry_date_idx; Type: INDEX; Schema: public; Owner: waterexpress_user
--

CREATE INDEX coupons_status_expiry_date_idx ON public.coupons USING btree (status, expiry_date);


--
-- Name: credit_notes_created_by_idx; Type: INDEX; Schema: public; Owner: waterexpress_user
--

CREATE INDEX credit_notes_created_by_idx ON public.credit_notes USING btree (created_by);


--
-- Name: credit_notes_customer_id_idx; Type: INDEX; Schema: public; Owner: waterexpress_user
--

CREATE INDEX credit_notes_customer_id_idx ON public.credit_notes USING btree (customer_id);


--
-- Name: crm_deal_activities_deal_id_idx; Type: INDEX; Schema: public; Owner: waterexpress_user
--

CREATE INDEX crm_deal_activities_deal_id_idx ON public.crm_deal_activities USING btree (deal_id);


--
-- Name: crm_deals_created_by_idx; Type: INDEX; Schema: public; Owner: waterexpress_user
--

CREATE INDEX crm_deals_created_by_idx ON public.crm_deals USING btree (created_by);


--
-- Name: crm_deals_lead_id_idx; Type: INDEX; Schema: public; Owner: waterexpress_user
--

CREATE INDEX crm_deals_lead_id_idx ON public.crm_deals USING btree (lead_id);


--
-- Name: crm_deals_pipeline_id_idx; Type: INDEX; Schema: public; Owner: waterexpress_user
--

CREATE INDEX crm_deals_pipeline_id_idx ON public.crm_deals USING btree (pipeline_id);


--
-- Name: crm_deals_stage_id_idx; Type: INDEX; Schema: public; Owner: waterexpress_user
--

CREATE INDEX crm_deals_stage_id_idx ON public.crm_deals USING btree (stage_id);


--
-- Name: crm_lead_activities_lead_id_idx; Type: INDEX; Schema: public; Owner: waterexpress_user
--

CREATE INDEX crm_lead_activities_lead_id_idx ON public.crm_lead_activities USING btree (lead_id);


--
-- Name: crm_leads_created_by_idx; Type: INDEX; Schema: public; Owner: waterexpress_user
--

CREATE INDEX crm_leads_created_by_idx ON public.crm_leads USING btree (created_by);


--
-- Name: crm_leads_pipeline_id_idx; Type: INDEX; Schema: public; Owner: waterexpress_user
--

CREATE INDEX crm_leads_pipeline_id_idx ON public.crm_leads USING btree (pipeline_id);


--
-- Name: crm_leads_stage_id_idx; Type: INDEX; Schema: public; Owner: waterexpress_user
--

CREATE INDEX crm_leads_stage_id_idx ON public.crm_leads USING btree (stage_id);


--
-- Name: crm_pipeline_stages_pipeline_id_idx; Type: INDEX; Schema: public; Owner: waterexpress_user
--

CREATE INDEX crm_pipeline_stages_pipeline_id_idx ON public.crm_pipeline_stages USING btree (pipeline_id);


--
-- Name: currencies_code_key; Type: INDEX; Schema: public; Owner: waterexpress_user
--

CREATE UNIQUE INDEX currencies_code_key ON public.currencies USING btree (code);


--
-- Name: custom_pages_is_active_idx; Type: INDEX; Schema: public; Owner: waterexpress_user
--

CREATE INDEX custom_pages_is_active_idx ON public.custom_pages USING btree (is_active);


--
-- Name: custom_pages_slug_key; Type: INDEX; Schema: public; Owner: waterexpress_user
--

CREATE UNIQUE INDEX custom_pages_slug_key ON public.custom_pages USING btree (slug);


--
-- Name: custom_questions_created_by_idx; Type: INDEX; Schema: public; Owner: waterexpress_user
--

CREATE INDEX custom_questions_created_by_idx ON public.custom_questions USING btree (created_by);


--
-- Name: customer_payments_bank_account_id_idx; Type: INDEX; Schema: public; Owner: waterexpress_user
--

CREATE INDEX customer_payments_bank_account_id_idx ON public.customer_payments USING btree (bank_account_id);


--
-- Name: customer_payments_created_by_idx; Type: INDEX; Schema: public; Owner: waterexpress_user
--

CREATE INDEX customer_payments_created_by_idx ON public.customer_payments USING btree (created_by);


--
-- Name: customer_payments_customer_id_idx; Type: INDEX; Schema: public; Owner: waterexpress_user
--

CREATE INDEX customer_payments_customer_id_idx ON public.customer_payments USING btree (customer_id);


--
-- Name: customers_created_by_idx; Type: INDEX; Schema: public; Owner: waterexpress_user
--

CREATE INDEX customers_created_by_idx ON public.customers USING btree (created_by);


--
-- Name: customers_user_id_idx; Type: INDEX; Schema: public; Owner: waterexpress_user
--

CREATE INDEX customers_user_id_idx ON public.customers USING btree (user_id);


--
-- Name: debit_notes_created_by_idx; Type: INDEX; Schema: public; Owner: waterexpress_user
--

CREATE INDEX debit_notes_created_by_idx ON public.debit_notes USING btree (created_by);


--
-- Name: debit_notes_vendor_id_idx; Type: INDEX; Schema: public; Owner: waterexpress_user
--

CREATE INDEX debit_notes_vendor_id_idx ON public.debit_notes USING btree (vendor_id);


--
-- Name: delivery_city_queues_queue_status_idx; Type: INDEX; Schema: public; Owner: waterexpress_user
--

CREATE INDEX delivery_city_queues_queue_status_idx ON public.delivery_city_queues USING btree (queue_status);


--
-- Name: delivery_city_queues_vendor_id_city_state_key; Type: INDEX; Schema: public; Owner: waterexpress_user
--

CREATE UNIQUE INDEX delivery_city_queues_vendor_id_city_state_key ON public.delivery_city_queues USING btree (vendor_id, city, state);


--
-- Name: delivery_city_queues_vendor_id_idx; Type: INDEX; Schema: public; Owner: waterexpress_user
--

CREATE INDEX delivery_city_queues_vendor_id_idx ON public.delivery_city_queues USING btree (vendor_id);


--
-- Name: delivery_event_orders_company_id_idx; Type: INDEX; Schema: public; Owner: waterexpress_user
--

CREATE INDEX delivery_event_orders_company_id_idx ON public.delivery_event_orders USING btree (company_id);


--
-- Name: delivery_event_orders_delivery_event_id_idx; Type: INDEX; Schema: public; Owner: waterexpress_user
--

CREATE INDEX delivery_event_orders_delivery_event_id_idx ON public.delivery_event_orders USING btree (delivery_event_id);


--
-- Name: delivery_event_orders_order_id_idx; Type: INDEX; Schema: public; Owner: waterexpress_user
--

CREATE INDEX delivery_event_orders_order_id_idx ON public.delivery_event_orders USING btree (order_id);


--
-- Name: delivery_events_city_queue_id_idx; Type: INDEX; Schema: public; Owner: waterexpress_user
--

CREATE INDEX delivery_events_city_queue_id_idx ON public.delivery_events USING btree (city_queue_id);


--
-- Name: delivery_events_status_idx; Type: INDEX; Schema: public; Owner: waterexpress_user
--

CREATE INDEX delivery_events_status_idx ON public.delivery_events USING btree (status);


--
-- Name: delivery_events_vendor_id_idx; Type: INDEX; Schema: public; Owner: waterexpress_user
--

CREATE INDEX delivery_events_vendor_id_idx ON public.delivery_events USING btree (vendor_id);


--
-- Name: em_cost_adjustments_organization_id_idx; Type: INDEX; Schema: public; Owner: waterexpress_user
--

CREATE INDEX em_cost_adjustments_organization_id_idx ON public.em_cost_adjustments USING btree (organization_id);


--
-- Name: em_expense_categories_organization_id_name_key; Type: INDEX; Schema: public; Owner: waterexpress_user
--

CREATE UNIQUE INDEX em_expense_categories_organization_id_name_key ON public.em_expense_categories USING btree (organization_id, name);


--
-- Name: em_expense_categories_organization_id_sort_order_idx; Type: INDEX; Schema: public; Owner: waterexpress_user
--

CREATE INDEX em_expense_categories_organization_id_sort_order_idx ON public.em_expense_categories USING btree (organization_id, sort_order);


--
-- Name: em_expense_lines_organization_id_expense_date_idx; Type: INDEX; Schema: public; Owner: waterexpress_user
--

CREATE INDEX em_expense_lines_organization_id_expense_date_idx ON public.em_expense_lines USING btree (organization_id, expense_date);


--
-- Name: em_expense_lines_organization_id_idx; Type: INDEX; Schema: public; Owner: waterexpress_user
--

CREATE INDEX em_expense_lines_organization_id_idx ON public.em_expense_lines USING btree (organization_id);


--
-- Name: em_expense_lines_report_id_idx; Type: INDEX; Schema: public; Owner: waterexpress_user
--

CREATE INDEX em_expense_lines_report_id_idx ON public.em_expense_lines USING btree (report_id);


--
-- Name: em_expense_reports_organization_id_idx; Type: INDEX; Schema: public; Owner: waterexpress_user
--

CREATE INDEX em_expense_reports_organization_id_idx ON public.em_expense_reports USING btree (organization_id);


--
-- Name: em_expense_reports_organization_id_report_number_key; Type: INDEX; Schema: public; Owner: waterexpress_user
--

CREATE UNIQUE INDEX em_expense_reports_organization_id_report_number_key ON public.em_expense_reports USING btree (organization_id, report_number);


--
-- Name: em_expense_reports_organization_id_status_idx; Type: INDEX; Schema: public; Owner: waterexpress_user
--

CREATE INDEX em_expense_reports_organization_id_status_idx ON public.em_expense_reports USING btree (organization_id, status);


--
-- Name: em_time_entries_organization_id_clock_in_date_idx; Type: INDEX; Schema: public; Owner: waterexpress_user
--

CREATE INDEX em_time_entries_organization_id_clock_in_date_idx ON public.em_time_entries USING btree (organization_id, clock_in_date);


--
-- Name: em_workspace_context_organization_id_key; Type: INDEX; Schema: public; Owner: waterexpress_user
--

CREATE UNIQUE INDEX em_workspace_context_organization_id_key ON public.em_workspace_context USING btree (organization_id);


--
-- Name: em_workspace_documents_organization_id_created_at_idx; Type: INDEX; Schema: public; Owner: waterexpress_user
--

CREATE INDEX em_workspace_documents_organization_id_created_at_idx ON public.em_workspace_documents USING btree (organization_id, created_at);


--
-- Name: em_workspace_notes_organization_id_created_at_idx; Type: INDEX; Schema: public; Owner: waterexpress_user
--

CREATE INDEX em_workspace_notes_organization_id_created_at_idx ON public.em_workspace_notes USING btree (organization_id, created_at);


--
-- Name: email_template_langs_parent_id_idx; Type: INDEX; Schema: public; Owner: waterexpress_user
--

CREATE INDEX email_template_langs_parent_id_idx ON public.email_template_langs USING btree (parent_id);


--
-- Name: email_template_langs_parent_id_lang_idx; Type: INDEX; Schema: public; Owner: waterexpress_user
--

CREATE INDEX email_template_langs_parent_id_lang_idx ON public.email_template_langs USING btree (parent_id, lang);


--
-- Name: email_templates_module_name_idx; Type: INDEX; Schema: public; Owner: waterexpress_user
--

CREATE INDEX email_templates_module_name_idx ON public.email_templates USING btree (module_name);


--
-- Name: expenses_bank_account_id_idx; Type: INDEX; Schema: public; Owner: waterexpress_user
--

CREATE INDEX expenses_bank_account_id_idx ON public.expenses USING btree (bank_account_id);


--
-- Name: expenses_created_by_idx; Type: INDEX; Schema: public; Owner: waterexpress_user
--

CREATE INDEX expenses_created_by_idx ON public.expenses USING btree (created_by);


--
-- Name: expenses_vendor_id_idx; Type: INDEX; Schema: public; Owner: waterexpress_user
--

CREATE INDEX expenses_vendor_id_idx ON public.expenses USING btree (vendor_id);


--
-- Name: form_conversions_created_by_idx; Type: INDEX; Schema: public; Owner: waterexpress_user
--

CREATE INDEX form_conversions_created_by_idx ON public.form_conversions USING btree (created_by);


--
-- Name: form_conversions_form_id_key; Type: INDEX; Schema: public; Owner: waterexpress_user
--

CREATE UNIQUE INDEX form_conversions_form_id_key ON public.form_conversions USING btree (form_id);


--
-- Name: form_fields_created_by_idx; Type: INDEX; Schema: public; Owner: waterexpress_user
--

CREATE INDEX form_fields_created_by_idx ON public.form_fields USING btree (created_by);


--
-- Name: form_fields_form_id_idx; Type: INDEX; Schema: public; Owner: waterexpress_user
--

CREATE INDEX form_fields_form_id_idx ON public.form_fields USING btree (form_id);


--
-- Name: form_responses_form_id_idx; Type: INDEX; Schema: public; Owner: waterexpress_user
--

CREATE INDEX form_responses_form_id_idx ON public.form_responses USING btree (form_id);


--
-- Name: forms_code_key; Type: INDEX; Schema: public; Owner: waterexpress_user
--

CREATE UNIQUE INDEX forms_code_key ON public.forms USING btree (code);


--
-- Name: forms_created_by_idx; Type: INDEX; Schema: public; Owner: waterexpress_user
--

CREATE INDEX forms_created_by_idx ON public.forms USING btree (created_by);


--
-- Name: helpdesk_tickets_ticket_id_key; Type: INDEX; Schema: public; Owner: waterexpress_user
--

CREATE UNIQUE INDEX helpdesk_tickets_ticket_id_key ON public.helpdesk_tickets USING btree (ticket_id);


--
-- Name: hrm_acknowledgments_created_by_idx; Type: INDEX; Schema: public; Owner: waterexpress_user
--

CREATE INDEX hrm_acknowledgments_created_by_idx ON public.hrm_acknowledgments USING btree (created_by);


--
-- Name: hrm_acknowledgments_employee_id_idx; Type: INDEX; Schema: public; Owner: waterexpress_user
--

CREATE INDEX hrm_acknowledgments_employee_id_idx ON public.hrm_acknowledgments USING btree (employee_id);


--
-- Name: hrm_announcements_created_by_idx; Type: INDEX; Schema: public; Owner: waterexpress_user
--

CREATE INDEX hrm_announcements_created_by_idx ON public.hrm_announcements USING btree (created_by);


--
-- Name: hrm_attendances_created_by_idx; Type: INDEX; Schema: public; Owner: waterexpress_user
--

CREATE INDEX hrm_attendances_created_by_idx ON public.hrm_attendances USING btree (created_by);


--
-- Name: hrm_attendances_date_idx; Type: INDEX; Schema: public; Owner: waterexpress_user
--

CREATE INDEX hrm_attendances_date_idx ON public.hrm_attendances USING btree (date);


--
-- Name: hrm_attendances_employee_id_date_key; Type: INDEX; Schema: public; Owner: waterexpress_user
--

CREATE UNIQUE INDEX hrm_attendances_employee_id_date_key ON public.hrm_attendances USING btree (employee_id, date);


--
-- Name: hrm_attendances_employee_id_idx; Type: INDEX; Schema: public; Owner: waterexpress_user
--

CREATE INDEX hrm_attendances_employee_id_idx ON public.hrm_attendances USING btree (employee_id);


--
-- Name: hrm_award_types_created_by_idx; Type: INDEX; Schema: public; Owner: waterexpress_user
--

CREATE INDEX hrm_award_types_created_by_idx ON public.hrm_award_types USING btree (created_by);


--
-- Name: hrm_awards_award_type_id_idx; Type: INDEX; Schema: public; Owner: waterexpress_user
--

CREATE INDEX hrm_awards_award_type_id_idx ON public.hrm_awards USING btree (award_type_id);


--
-- Name: hrm_awards_created_by_idx; Type: INDEX; Schema: public; Owner: waterexpress_user
--

CREATE INDEX hrm_awards_created_by_idx ON public.hrm_awards USING btree (created_by);


--
-- Name: hrm_awards_employee_id_idx; Type: INDEX; Schema: public; Owner: waterexpress_user
--

CREATE INDEX hrm_awards_employee_id_idx ON public.hrm_awards USING btree (employee_id);


--
-- Name: hrm_branches_created_by_idx; Type: INDEX; Schema: public; Owner: waterexpress_user
--

CREATE INDEX hrm_branches_created_by_idx ON public.hrm_branches USING btree (created_by);


--
-- Name: hrm_complaints_against_id_idx; Type: INDEX; Schema: public; Owner: waterexpress_user
--

CREATE INDEX hrm_complaints_against_id_idx ON public.hrm_complaints USING btree (against_id);


--
-- Name: hrm_complaints_complainant_id_idx; Type: INDEX; Schema: public; Owner: waterexpress_user
--

CREATE INDEX hrm_complaints_complainant_id_idx ON public.hrm_complaints USING btree (complainant_id);


--
-- Name: hrm_complaints_created_by_idx; Type: INDEX; Schema: public; Owner: waterexpress_user
--

CREATE INDEX hrm_complaints_created_by_idx ON public.hrm_complaints USING btree (created_by);


--
-- Name: hrm_departments_branch_id_idx; Type: INDEX; Schema: public; Owner: waterexpress_user
--

CREATE INDEX hrm_departments_branch_id_idx ON public.hrm_departments USING btree (branch_id);


--
-- Name: hrm_departments_created_by_idx; Type: INDEX; Schema: public; Owner: waterexpress_user
--

CREATE INDEX hrm_departments_created_by_idx ON public.hrm_departments USING btree (created_by);


--
-- Name: hrm_designations_created_by_idx; Type: INDEX; Schema: public; Owner: waterexpress_user
--

CREATE INDEX hrm_designations_created_by_idx ON public.hrm_designations USING btree (created_by);


--
-- Name: hrm_designations_department_id_idx; Type: INDEX; Schema: public; Owner: waterexpress_user
--

CREATE INDEX hrm_designations_department_id_idx ON public.hrm_designations USING btree (department_id);


--
-- Name: hrm_documents_created_by_idx; Type: INDEX; Schema: public; Owner: waterexpress_user
--

CREATE INDEX hrm_documents_created_by_idx ON public.hrm_documents USING btree (created_by);


--
-- Name: hrm_documents_employee_id_idx; Type: INDEX; Schema: public; Owner: waterexpress_user
--

CREATE INDEX hrm_documents_employee_id_idx ON public.hrm_documents USING btree (employee_id);


--
-- Name: hrm_employees_branch_id_idx; Type: INDEX; Schema: public; Owner: waterexpress_user
--

CREATE INDEX hrm_employees_branch_id_idx ON public.hrm_employees USING btree (branch_id);


--
-- Name: hrm_employees_created_by_idx; Type: INDEX; Schema: public; Owner: waterexpress_user
--

CREATE INDEX hrm_employees_created_by_idx ON public.hrm_employees USING btree (created_by);


--
-- Name: hrm_employees_department_id_idx; Type: INDEX; Schema: public; Owner: waterexpress_user
--

CREATE INDEX hrm_employees_department_id_idx ON public.hrm_employees USING btree (department_id);


--
-- Name: hrm_employees_designation_id_idx; Type: INDEX; Schema: public; Owner: waterexpress_user
--

CREATE INDEX hrm_employees_designation_id_idx ON public.hrm_employees USING btree (designation_id);


--
-- Name: hrm_employees_employee_id_key; Type: INDEX; Schema: public; Owner: waterexpress_user
--

CREATE UNIQUE INDEX hrm_employees_employee_id_key ON public.hrm_employees USING btree (employee_id);


--
-- Name: hrm_employees_user_id_key; Type: INDEX; Schema: public; Owner: waterexpress_user
--

CREATE UNIQUE INDEX hrm_employees_user_id_key ON public.hrm_employees USING btree (user_id);


--
-- Name: hrm_events_created_by_idx; Type: INDEX; Schema: public; Owner: waterexpress_user
--

CREATE INDEX hrm_events_created_by_idx ON public.hrm_events USING btree (created_by);


--
-- Name: hrm_events_start_at_idx; Type: INDEX; Schema: public; Owner: waterexpress_user
--

CREATE INDEX hrm_events_start_at_idx ON public.hrm_events USING btree (start_at);


--
-- Name: hrm_holidays_created_by_idx; Type: INDEX; Schema: public; Owner: waterexpress_user
--

CREATE INDEX hrm_holidays_created_by_idx ON public.hrm_holidays USING btree (created_by);


--
-- Name: hrm_leave_applications_created_by_idx; Type: INDEX; Schema: public; Owner: waterexpress_user
--

CREATE INDEX hrm_leave_applications_created_by_idx ON public.hrm_leave_applications USING btree (created_by);


--
-- Name: hrm_leave_applications_employee_id_idx; Type: INDEX; Schema: public; Owner: waterexpress_user
--

CREATE INDEX hrm_leave_applications_employee_id_idx ON public.hrm_leave_applications USING btree (employee_id);


--
-- Name: hrm_leave_applications_leave_type_id_idx; Type: INDEX; Schema: public; Owner: waterexpress_user
--

CREATE INDEX hrm_leave_applications_leave_type_id_idx ON public.hrm_leave_applications USING btree (leave_type_id);


--
-- Name: hrm_leave_applications_status_idx; Type: INDEX; Schema: public; Owner: waterexpress_user
--

CREATE INDEX hrm_leave_applications_status_idx ON public.hrm_leave_applications USING btree (status);


--
-- Name: hrm_leave_types_created_by_idx; Type: INDEX; Schema: public; Owner: waterexpress_user
--

CREATE INDEX hrm_leave_types_created_by_idx ON public.hrm_leave_types USING btree (created_by);


--
-- Name: hrm_payrolls_created_by_idx; Type: INDEX; Schema: public; Owner: waterexpress_user
--

CREATE INDEX hrm_payrolls_created_by_idx ON public.hrm_payrolls USING btree (created_by);


--
-- Name: hrm_payrolls_employee_id_idx; Type: INDEX; Schema: public; Owner: waterexpress_user
--

CREATE INDEX hrm_payrolls_employee_id_idx ON public.hrm_payrolls USING btree (employee_id);


--
-- Name: hrm_payrolls_employee_id_month_year_key; Type: INDEX; Schema: public; Owner: waterexpress_user
--

CREATE UNIQUE INDEX hrm_payrolls_employee_id_month_year_key ON public.hrm_payrolls USING btree (employee_id, month, year);


--
-- Name: hrm_payrolls_month_year_idx; Type: INDEX; Schema: public; Owner: waterexpress_user
--

CREATE INDEX hrm_payrolls_month_year_idx ON public.hrm_payrolls USING btree (month, year);


--
-- Name: hrm_promotions_created_by_idx; Type: INDEX; Schema: public; Owner: waterexpress_user
--

CREATE INDEX hrm_promotions_created_by_idx ON public.hrm_promotions USING btree (created_by);


--
-- Name: hrm_promotions_employee_id_idx; Type: INDEX; Schema: public; Owner: waterexpress_user
--

CREATE INDEX hrm_promotions_employee_id_idx ON public.hrm_promotions USING btree (employee_id);


--
-- Name: hrm_resignations_created_by_idx; Type: INDEX; Schema: public; Owner: waterexpress_user
--

CREATE INDEX hrm_resignations_created_by_idx ON public.hrm_resignations USING btree (created_by);


--
-- Name: hrm_resignations_employee_id_idx; Type: INDEX; Schema: public; Owner: waterexpress_user
--

CREATE INDEX hrm_resignations_employee_id_idx ON public.hrm_resignations USING btree (employee_id);


--
-- Name: hrm_salary_allocations_created_by_idx; Type: INDEX; Schema: public; Owner: waterexpress_user
--

CREATE INDEX hrm_salary_allocations_created_by_idx ON public.hrm_salary_allocations USING btree (created_by);


--
-- Name: hrm_salary_allocations_employee_id_key; Type: INDEX; Schema: public; Owner: waterexpress_user
--

CREATE UNIQUE INDEX hrm_salary_allocations_employee_id_key ON public.hrm_salary_allocations USING btree (employee_id);


--
-- Name: hrm_shifts_created_by_idx; Type: INDEX; Schema: public; Owner: waterexpress_user
--

CREATE INDEX hrm_shifts_created_by_idx ON public.hrm_shifts USING btree (created_by);


--
-- Name: hrm_terminations_created_by_idx; Type: INDEX; Schema: public; Owner: waterexpress_user
--

CREATE INDEX hrm_terminations_created_by_idx ON public.hrm_terminations USING btree (created_by);


--
-- Name: hrm_terminations_employee_id_idx; Type: INDEX; Schema: public; Owner: waterexpress_user
--

CREATE INDEX hrm_terminations_employee_id_idx ON public.hrm_terminations USING btree (employee_id);


--
-- Name: hrm_transfers_created_by_idx; Type: INDEX; Schema: public; Owner: waterexpress_user
--

CREATE INDEX hrm_transfers_created_by_idx ON public.hrm_transfers USING btree (created_by);


--
-- Name: hrm_transfers_employee_id_idx; Type: INDEX; Schema: public; Owner: waterexpress_user
--

CREATE INDEX hrm_transfers_employee_id_idx ON public.hrm_transfers USING btree (employee_id);


--
-- Name: hrm_warnings_created_by_idx; Type: INDEX; Schema: public; Owner: waterexpress_user
--

CREATE INDEX hrm_warnings_created_by_idx ON public.hrm_warnings USING btree (created_by);


--
-- Name: hrm_warnings_employee_id_idx; Type: INDEX; Schema: public; Owner: waterexpress_user
--

CREATE INDEX hrm_warnings_employee_id_idx ON public.hrm_warnings USING btree (employee_id);


--
-- Name: interview_feedbacks_created_by_idx; Type: INDEX; Schema: public; Owner: waterexpress_user
--

CREATE INDEX interview_feedbacks_created_by_idx ON public.interview_feedbacks USING btree (created_by);


--
-- Name: interview_feedbacks_interview_id_idx; Type: INDEX; Schema: public; Owner: waterexpress_user
--

CREATE INDEX interview_feedbacks_interview_id_idx ON public.interview_feedbacks USING btree (interview_id);


--
-- Name: interview_rounds_created_by_idx; Type: INDEX; Schema: public; Owner: waterexpress_user
--

CREATE INDEX interview_rounds_created_by_idx ON public.interview_rounds USING btree (created_by);


--
-- Name: interview_rounds_job_id_idx; Type: INDEX; Schema: public; Owner: waterexpress_user
--

CREATE INDEX interview_rounds_job_id_idx ON public.interview_rounds USING btree (job_id);


--
-- Name: interview_types_created_by_idx; Type: INDEX; Schema: public; Owner: waterexpress_user
--

CREATE INDEX interview_types_created_by_idx ON public.interview_types USING btree (created_by);


--
-- Name: interviews_candidate_id_idx; Type: INDEX; Schema: public; Owner: waterexpress_user
--

CREATE INDEX interviews_candidate_id_idx ON public.interviews USING btree (candidate_id);


--
-- Name: interviews_created_by_idx; Type: INDEX; Schema: public; Owner: waterexpress_user
--

CREATE INDEX interviews_created_by_idx ON public.interviews USING btree (created_by);


--
-- Name: interviews_job_id_idx; Type: INDEX; Schema: public; Owner: waterexpress_user
--

CREATE INDEX interviews_job_id_idx ON public.interviews USING btree (job_id);


--
-- Name: interviews_round_id_idx; Type: INDEX; Schema: public; Owner: waterexpress_user
--

CREATE INDEX interviews_round_id_idx ON public.interviews USING btree (round_id);


--
-- Name: job_locations_created_by_idx; Type: INDEX; Schema: public; Owner: waterexpress_user
--

CREATE INDEX job_locations_created_by_idx ON public.job_locations USING btree (created_by);


--
-- Name: job_postings_created_by_idx; Type: INDEX; Schema: public; Owner: waterexpress_user
--

CREATE INDEX job_postings_created_by_idx ON public.job_postings USING btree (created_by);


--
-- Name: job_postings_job_type_id_idx; Type: INDEX; Schema: public; Owner: waterexpress_user
--

CREATE INDEX job_postings_job_type_id_idx ON public.job_postings USING btree (job_type_id);


--
-- Name: job_postings_location_id_idx; Type: INDEX; Schema: public; Owner: waterexpress_user
--

CREATE INDEX job_postings_location_id_idx ON public.job_postings USING btree (location_id);


--
-- Name: job_postings_posting_code_key; Type: INDEX; Schema: public; Owner: waterexpress_user
--

CREATE UNIQUE INDEX job_postings_posting_code_key ON public.job_postings USING btree (posting_code);


--
-- Name: job_types_created_by_idx; Type: INDEX; Schema: public; Owner: waterexpress_user
--

CREATE INDEX job_types_created_by_idx ON public.job_types USING btree (created_by);


--
-- Name: lms_course_categories_organization_id_slug_key; Type: INDEX; Schema: public; Owner: waterexpress_user
--

CREATE UNIQUE INDEX lms_course_categories_organization_id_slug_key ON public.lms_course_categories USING btree (organization_id, slug);


--
-- Name: lms_course_categories_organization_id_sort_order_idx; Type: INDEX; Schema: public; Owner: waterexpress_user
--

CREATE INDEX lms_course_categories_organization_id_sort_order_idx ON public.lms_course_categories USING btree (organization_id, sort_order);


--
-- Name: lms_course_instructors_course_id_instructor_profile_id_key; Type: INDEX; Schema: public; Owner: waterexpress_user
--

CREATE UNIQUE INDEX lms_course_instructors_course_id_instructor_profile_id_key ON public.lms_course_instructors USING btree (course_id, instructor_profile_id);


--
-- Name: lms_course_instructors_instructor_profile_id_idx; Type: INDEX; Schema: public; Owner: waterexpress_user
--

CREATE INDEX lms_course_instructors_instructor_profile_id_idx ON public.lms_course_instructors USING btree (instructor_profile_id);


--
-- Name: lms_course_instructors_organization_id_idx; Type: INDEX; Schema: public; Owner: waterexpress_user
--

CREATE INDEX lms_course_instructors_organization_id_idx ON public.lms_course_instructors USING btree (organization_id);


--
-- Name: lms_course_lessons_course_id_idx; Type: INDEX; Schema: public; Owner: waterexpress_user
--

CREATE INDEX lms_course_lessons_course_id_idx ON public.lms_course_lessons USING btree (course_id);


--
-- Name: lms_course_lessons_organization_id_idx; Type: INDEX; Schema: public; Owner: waterexpress_user
--

CREATE INDEX lms_course_lessons_organization_id_idx ON public.lms_course_lessons USING btree (organization_id);


--
-- Name: lms_course_lessons_section_id_sort_order_idx; Type: INDEX; Schema: public; Owner: waterexpress_user
--

CREATE INDEX lms_course_lessons_section_id_sort_order_idx ON public.lms_course_lessons USING btree (section_id, sort_order);


--
-- Name: lms_course_revenue_records_organization_id_course_id_idx; Type: INDEX; Schema: public; Owner: waterexpress_user
--

CREATE INDEX lms_course_revenue_records_organization_id_course_id_idx ON public.lms_course_revenue_records USING btree (organization_id, course_id);


--
-- Name: lms_course_revenue_records_recorded_at_idx; Type: INDEX; Schema: public; Owner: waterexpress_user
--

CREATE INDEX lms_course_revenue_records_recorded_at_idx ON public.lms_course_revenue_records USING btree (recorded_at);


--
-- Name: lms_course_revenue_records_storefront_order_id_course_id_key; Type: INDEX; Schema: public; Owner: waterexpress_user
--

CREATE UNIQUE INDEX lms_course_revenue_records_storefront_order_id_course_id_key ON public.lms_course_revenue_records USING btree (storefront_order_id, course_id);


--
-- Name: lms_course_reviews_course_id_student_user_id_key; Type: INDEX; Schema: public; Owner: waterexpress_user
--

CREATE UNIQUE INDEX lms_course_reviews_course_id_student_user_id_key ON public.lms_course_reviews USING btree (course_id, student_user_id);


--
-- Name: lms_course_reviews_organization_id_course_id_status_idx; Type: INDEX; Schema: public; Owner: waterexpress_user
--

CREATE INDEX lms_course_reviews_organization_id_course_id_status_idx ON public.lms_course_reviews USING btree (organization_id, course_id, status);


--
-- Name: lms_course_reviews_student_user_id_idx; Type: INDEX; Schema: public; Owner: waterexpress_user
--

CREATE INDEX lms_course_reviews_student_user_id_idx ON public.lms_course_reviews USING btree (student_user_id);


--
-- Name: lms_course_sections_course_id_sort_order_idx; Type: INDEX; Schema: public; Owner: waterexpress_user
--

CREATE INDEX lms_course_sections_course_id_sort_order_idx ON public.lms_course_sections USING btree (course_id, sort_order);


--
-- Name: lms_course_sections_organization_id_idx; Type: INDEX; Schema: public; Owner: waterexpress_user
--

CREATE INDEX lms_course_sections_organization_id_idx ON public.lms_course_sections USING btree (organization_id);


--
-- Name: lms_course_tag_on_course_organization_id_idx; Type: INDEX; Schema: public; Owner: waterexpress_user
--

CREATE INDEX lms_course_tag_on_course_organization_id_idx ON public.lms_course_tag_on_course USING btree (organization_id);


--
-- Name: lms_course_tag_on_course_tag_id_idx; Type: INDEX; Schema: public; Owner: waterexpress_user
--

CREATE INDEX lms_course_tag_on_course_tag_id_idx ON public.lms_course_tag_on_course USING btree (tag_id);


--
-- Name: lms_course_tags_organization_id_idx; Type: INDEX; Schema: public; Owner: waterexpress_user
--

CREATE INDEX lms_course_tags_organization_id_idx ON public.lms_course_tags USING btree (organization_id);


--
-- Name: lms_course_tags_organization_id_slug_key; Type: INDEX; Schema: public; Owner: waterexpress_user
--

CREATE UNIQUE INDEX lms_course_tags_organization_id_slug_key ON public.lms_course_tags USING btree (organization_id, slug);


--
-- Name: lms_courses_category_id_idx; Type: INDEX; Schema: public; Owner: waterexpress_user
--

CREATE INDEX lms_courses_category_id_idx ON public.lms_courses USING btree (category_id);


--
-- Name: lms_courses_linked_pos_product_id_idx; Type: INDEX; Schema: public; Owner: waterexpress_user
--

CREATE INDEX lms_courses_linked_pos_product_id_idx ON public.lms_courses USING btree (linked_pos_product_id);


--
-- Name: lms_courses_organization_id_is_public_idx; Type: INDEX; Schema: public; Owner: waterexpress_user
--

CREATE INDEX lms_courses_organization_id_is_public_idx ON public.lms_courses USING btree (organization_id, is_public);


--
-- Name: lms_courses_organization_id_slug_key; Type: INDEX; Schema: public; Owner: waterexpress_user
--

CREATE UNIQUE INDEX lms_courses_organization_id_slug_key ON public.lms_courses USING btree (organization_id, slug);


--
-- Name: lms_courses_organization_id_status_idx; Type: INDEX; Schema: public; Owner: waterexpress_user
--

CREATE INDEX lms_courses_organization_id_status_idx ON public.lms_courses USING btree (organization_id, status);


--
-- Name: lms_enrollments_course_id_student_user_id_key; Type: INDEX; Schema: public; Owner: waterexpress_user
--

CREATE UNIQUE INDEX lms_enrollments_course_id_student_user_id_key ON public.lms_enrollments USING btree (course_id, student_user_id);


--
-- Name: lms_enrollments_crm_customer_id_idx; Type: INDEX; Schema: public; Owner: waterexpress_user
--

CREATE INDEX lms_enrollments_crm_customer_id_idx ON public.lms_enrollments USING btree (crm_customer_id);


--
-- Name: lms_enrollments_instructor_user_id_idx; Type: INDEX; Schema: public; Owner: waterexpress_user
--

CREATE INDEX lms_enrollments_instructor_user_id_idx ON public.lms_enrollments USING btree (instructor_user_id);


--
-- Name: lms_enrollments_organization_id_idx; Type: INDEX; Schema: public; Owner: waterexpress_user
--

CREATE INDEX lms_enrollments_organization_id_idx ON public.lms_enrollments USING btree (organization_id);


--
-- Name: lms_enrollments_organization_id_status_idx; Type: INDEX; Schema: public; Owner: waterexpress_user
--

CREATE INDEX lms_enrollments_organization_id_status_idx ON public.lms_enrollments USING btree (organization_id, status);


--
-- Name: lms_enrollments_storefront_order_id_idx; Type: INDEX; Schema: public; Owner: waterexpress_user
--

CREATE INDEX lms_enrollments_storefront_order_id_idx ON public.lms_enrollments USING btree (storefront_order_id);


--
-- Name: lms_enrollments_student_subscription_id_idx; Type: INDEX; Schema: public; Owner: waterexpress_user
--

CREATE INDEX lms_enrollments_student_subscription_id_idx ON public.lms_enrollments USING btree (student_subscription_id);


--
-- Name: lms_enrollments_student_user_id_idx; Type: INDEX; Schema: public; Owner: waterexpress_user
--

CREATE INDEX lms_enrollments_student_user_id_idx ON public.lms_enrollments USING btree (student_user_id);


--
-- Name: lms_instructor_commissions_course_id_idx; Type: INDEX; Schema: public; Owner: waterexpress_user
--

CREATE INDEX lms_instructor_commissions_course_id_idx ON public.lms_instructor_commissions USING btree (course_id);


--
-- Name: lms_instructor_commissions_organization_id_instructor_profile_i; Type: INDEX; Schema: public; Owner: waterexpress_user
--

CREATE INDEX lms_instructor_commissions_organization_id_instructor_profile_i ON public.lms_instructor_commissions USING btree (organization_id, instructor_profile_id, status);


--
-- Name: lms_instructor_commissions_payout_id_idx; Type: INDEX; Schema: public; Owner: waterexpress_user
--

CREATE INDEX lms_instructor_commissions_payout_id_idx ON public.lms_instructor_commissions USING btree (payout_id);


--
-- Name: lms_instructor_commissions_revenue_record_id_idx; Type: INDEX; Schema: public; Owner: waterexpress_user
--

CREATE INDEX lms_instructor_commissions_revenue_record_id_idx ON public.lms_instructor_commissions USING btree (revenue_record_id);


--
-- Name: lms_instructor_payouts_organization_id_instructor_profile_id_st; Type: INDEX; Schema: public; Owner: waterexpress_user
--

CREATE INDEX lms_instructor_payouts_organization_id_instructor_profile_id_st ON public.lms_instructor_payouts USING btree (organization_id, instructor_profile_id, status);


--
-- Name: lms_instructor_profiles_organization_id_is_active_idx; Type: INDEX; Schema: public; Owner: waterexpress_user
--

CREATE INDEX lms_instructor_profiles_organization_id_is_active_idx ON public.lms_instructor_profiles USING btree (organization_id, is_active);


--
-- Name: lms_instructor_profiles_organization_id_user_id_key; Type: INDEX; Schema: public; Owner: waterexpress_user
--

CREATE UNIQUE INDEX lms_instructor_profiles_organization_id_user_id_key ON public.lms_instructor_profiles USING btree (organization_id, user_id);


--
-- Name: lms_lesson_progress_enrollment_id_idx; Type: INDEX; Schema: public; Owner: waterexpress_user
--

CREATE INDEX lms_lesson_progress_enrollment_id_idx ON public.lms_lesson_progress USING btree (enrollment_id);


--
-- Name: lms_lesson_progress_enrollment_id_lesson_id_key; Type: INDEX; Schema: public; Owner: waterexpress_user
--

CREATE UNIQUE INDEX lms_lesson_progress_enrollment_id_lesson_id_key ON public.lms_lesson_progress USING btree (enrollment_id, lesson_id);


--
-- Name: lms_lesson_progress_lesson_id_idx; Type: INDEX; Schema: public; Owner: waterexpress_user
--

CREATE INDEX lms_lesson_progress_lesson_id_idx ON public.lms_lesson_progress USING btree (lesson_id);


--
-- Name: lms_lesson_progress_organization_id_idx; Type: INDEX; Schema: public; Owner: waterexpress_user
--

CREATE INDEX lms_lesson_progress_organization_id_idx ON public.lms_lesson_progress USING btree (organization_id);


--
-- Name: lms_live_attendance_enrollment_id_idx; Type: INDEX; Schema: public; Owner: waterexpress_user
--

CREATE INDEX lms_live_attendance_enrollment_id_idx ON public.lms_live_attendance USING btree (enrollment_id);


--
-- Name: lms_live_attendance_organization_id_idx; Type: INDEX; Schema: public; Owner: waterexpress_user
--

CREATE INDEX lms_live_attendance_organization_id_idx ON public.lms_live_attendance USING btree (organization_id);


--
-- Name: lms_live_attendance_session_id_enrollment_id_key; Type: INDEX; Schema: public; Owner: waterexpress_user
--

CREATE UNIQUE INDEX lms_live_attendance_session_id_enrollment_id_key ON public.lms_live_attendance USING btree (session_id, enrollment_id);


--
-- Name: lms_live_attendance_session_id_status_idx; Type: INDEX; Schema: public; Owner: waterexpress_user
--

CREATE INDEX lms_live_attendance_session_id_status_idx ON public.lms_live_attendance USING btree (session_id, status);


--
-- Name: lms_live_sessions_course_id_starts_at_idx; Type: INDEX; Schema: public; Owner: waterexpress_user
--

CREATE INDEX lms_live_sessions_course_id_starts_at_idx ON public.lms_live_sessions USING btree (course_id, starts_at);


--
-- Name: lms_live_sessions_course_lesson_id_idx; Type: INDEX; Schema: public; Owner: waterexpress_user
--

CREATE INDEX lms_live_sessions_course_lesson_id_idx ON public.lms_live_sessions USING btree (course_lesson_id);


--
-- Name: lms_live_sessions_organization_id_starts_at_idx; Type: INDEX; Schema: public; Owner: waterexpress_user
--

CREATE INDEX lms_live_sessions_organization_id_starts_at_idx ON public.lms_live_sessions USING btree (organization_id, starts_at);


--
-- Name: lms_notification_logs_dedupe_key; Type: INDEX; Schema: public; Owner: waterexpress_user
--

CREATE UNIQUE INDEX lms_notification_logs_dedupe_key ON public.lms_notification_logs USING btree (template_key, channel, reference_type, reference_id, user_id);


--
-- Name: lms_notification_logs_organization_id_template_key_idx; Type: INDEX; Schema: public; Owner: waterexpress_user
--

CREATE INDEX lms_notification_logs_organization_id_template_key_idx ON public.lms_notification_logs USING btree (organization_id, template_key);


--
-- Name: lms_student_subscriptions_organization_id_student_user_id_statu; Type: INDEX; Schema: public; Owner: waterexpress_user
--

CREATE INDEX lms_student_subscriptions_organization_id_student_user_id_statu ON public.lms_student_subscriptions USING btree (organization_id, student_user_id, status);


--
-- Name: lms_student_subscriptions_plan_id_idx; Type: INDEX; Schema: public; Owner: waterexpress_user
--

CREATE INDEX lms_student_subscriptions_plan_id_idx ON public.lms_student_subscriptions USING btree (plan_id);


--
-- Name: lms_student_subscriptions_storefront_order_id_idx; Type: INDEX; Schema: public; Owner: waterexpress_user
--

CREATE INDEX lms_student_subscriptions_storefront_order_id_idx ON public.lms_student_subscriptions USING btree (storefront_order_id);


--
-- Name: lms_subscription_plan_courses_course_id_idx; Type: INDEX; Schema: public; Owner: waterexpress_user
--

CREATE INDEX lms_subscription_plan_courses_course_id_idx ON public.lms_subscription_plan_courses USING btree (course_id);


--
-- Name: lms_subscription_plan_courses_organization_id_idx; Type: INDEX; Schema: public; Owner: waterexpress_user
--

CREATE INDEX lms_subscription_plan_courses_organization_id_idx ON public.lms_subscription_plan_courses USING btree (organization_id);


--
-- Name: lms_subscription_plan_courses_plan_id_course_id_key; Type: INDEX; Schema: public; Owner: waterexpress_user
--

CREATE UNIQUE INDEX lms_subscription_plan_courses_plan_id_course_id_key ON public.lms_subscription_plan_courses USING btree (plan_id, course_id);


--
-- Name: lms_subscription_plans_linked_pos_product_id_idx; Type: INDEX; Schema: public; Owner: waterexpress_user
--

CREATE INDEX lms_subscription_plans_linked_pos_product_id_idx ON public.lms_subscription_plans USING btree (linked_pos_product_id);


--
-- Name: lms_subscription_plans_organization_id_status_idx; Type: INDEX; Schema: public; Owner: waterexpress_user
--

CREATE INDEX lms_subscription_plans_organization_id_status_idx ON public.lms_subscription_plans USING btree (organization_id, status);


--
-- Name: lms_user_calendar_event_links_session_id_idx; Type: INDEX; Schema: public; Owner: waterexpress_user
--

CREATE INDEX lms_user_calendar_event_links_session_id_idx ON public.lms_user_calendar_event_links USING btree (session_id);


--
-- Name: lms_user_calendar_event_links_user_id_session_id_key; Type: INDEX; Schema: public; Owner: waterexpress_user
--

CREATE UNIQUE INDEX lms_user_calendar_event_links_user_id_session_id_key ON public.lms_user_calendar_event_links USING btree (user_id, session_id);


--
-- Name: login_histories_created_by_idx; Type: INDEX; Schema: public; Owner: waterexpress_user
--

CREATE INDEX login_histories_created_by_idx ON public.login_histories USING btree (created_by);


--
-- Name: login_histories_user_id_idx; Type: INDEX; Schema: public; Owner: waterexpress_user
--

CREATE INDEX login_histories_user_id_idx ON public.login_histories USING btree (user_id);


--
-- Name: marketplace_categories_is_active_idx; Type: INDEX; Schema: public; Owner: waterexpress_user
--

CREATE INDEX marketplace_categories_is_active_idx ON public.marketplace_categories USING btree (is_active);


--
-- Name: marketplace_categories_vendor_id_idx; Type: INDEX; Schema: public; Owner: waterexpress_user
--

CREATE INDEX marketplace_categories_vendor_id_idx ON public.marketplace_categories USING btree (vendor_id);


--
-- Name: marketplace_categories_vendor_id_slug_key; Type: INDEX; Schema: public; Owner: waterexpress_user
--

CREATE UNIQUE INDEX marketplace_categories_vendor_id_slug_key ON public.marketplace_categories USING btree (vendor_id, slug);


--
-- Name: marketplace_config_key_key; Type: INDEX; Schema: public; Owner: waterexpress_user
--

CREATE UNIQUE INDEX marketplace_config_key_key ON public.marketplace_config USING btree (key);


--
-- Name: marketplace_deliveries_buyer_organization_id_idx; Type: INDEX; Schema: public; Owner: waterexpress_user
--

CREATE INDEX marketplace_deliveries_buyer_organization_id_idx ON public.marketplace_deliveries USING btree (buyer_organization_id);


--
-- Name: marketplace_deliveries_order_id_idx; Type: INDEX; Schema: public; Owner: waterexpress_user
--

CREATE INDEX marketplace_deliveries_order_id_idx ON public.marketplace_deliveries USING btree (order_id);


--
-- Name: marketplace_deliveries_queue_id_idx; Type: INDEX; Schema: public; Owner: waterexpress_user
--

CREATE INDEX marketplace_deliveries_queue_id_idx ON public.marketplace_deliveries USING btree (queue_id);


--
-- Name: marketplace_deliveries_status_idx; Type: INDEX; Schema: public; Owner: waterexpress_user
--

CREATE INDEX marketplace_deliveries_status_idx ON public.marketplace_deliveries USING btree (status);


--
-- Name: marketplace_delivery_events_delivery_id_idx; Type: INDEX; Schema: public; Owner: waterexpress_user
--

CREATE INDEX marketplace_delivery_events_delivery_id_idx ON public.marketplace_delivery_events USING btree (delivery_id);


--
-- Name: marketplace_delivery_queues_status_idx; Type: INDEX; Schema: public; Owner: waterexpress_user
--

CREATE INDEX marketplace_delivery_queues_status_idx ON public.marketplace_delivery_queues USING btree (status);


--
-- Name: marketplace_order_items_order_id_idx; Type: INDEX; Schema: public; Owner: waterexpress_user
--

CREATE INDEX marketplace_order_items_order_id_idx ON public.marketplace_order_items USING btree (order_id);


--
-- Name: marketplace_order_items_product_id_idx; Type: INDEX; Schema: public; Owner: waterexpress_user
--

CREATE INDEX marketplace_order_items_product_id_idx ON public.marketplace_order_items USING btree (product_id);


--
-- Name: marketplace_order_lines_order_id_idx; Type: INDEX; Schema: public; Owner: waterexpress_user
--

CREATE INDEX marketplace_order_lines_order_id_idx ON public.marketplace_order_lines USING btree (order_id);


--
-- Name: marketplace_order_lines_product_id_idx; Type: INDEX; Schema: public; Owner: waterexpress_user
--

CREATE INDEX marketplace_order_lines_product_id_idx ON public.marketplace_order_lines USING btree (product_id);


--
-- Name: marketplace_order_lines_vendor_id_idx; Type: INDEX; Schema: public; Owner: waterexpress_user
--

CREATE INDEX marketplace_order_lines_vendor_id_idx ON public.marketplace_order_lines USING btree (vendor_id);


--
-- Name: marketplace_orders_accounting_customer_payment_id_key; Type: INDEX; Schema: public; Owner: waterexpress_user
--

CREATE UNIQUE INDEX marketplace_orders_accounting_customer_payment_id_key ON public.marketplace_orders USING btree (accounting_customer_payment_id);


--
-- Name: marketplace_orders_accounting_revenue_id_key; Type: INDEX; Schema: public; Owner: waterexpress_user
--

CREATE UNIQUE INDEX marketplace_orders_accounting_revenue_id_key ON public.marketplace_orders USING btree (accounting_revenue_id);


--
-- Name: marketplace_orders_buyer_organization_id_idx; Type: INDEX; Schema: public; Owner: waterexpress_user
--

CREATE INDEX marketplace_orders_buyer_organization_id_idx ON public.marketplace_orders USING btree (buyer_organization_id);


--
-- Name: marketplace_orders_company_id_idx; Type: INDEX; Schema: public; Owner: waterexpress_user
--

CREATE INDEX marketplace_orders_company_id_idx ON public.marketplace_orders USING btree (company_id);


--
-- Name: marketplace_orders_order_number_key; Type: INDEX; Schema: public; Owner: waterexpress_user
--

CREATE UNIQUE INDEX marketplace_orders_order_number_key ON public.marketplace_orders USING btree (order_number);


--
-- Name: marketplace_orders_partner_id_idx; Type: INDEX; Schema: public; Owner: waterexpress_user
--

CREATE INDEX marketplace_orders_partner_id_idx ON public.marketplace_orders USING btree (partner_id);


--
-- Name: marketplace_orders_payment_status_idx; Type: INDEX; Schema: public; Owner: waterexpress_user
--

CREATE INDEX marketplace_orders_payment_status_idx ON public.marketplace_orders USING btree (payment_status);


--
-- Name: marketplace_orders_status_idx; Type: INDEX; Schema: public; Owner: waterexpress_user
--

CREATE INDEX marketplace_orders_status_idx ON public.marketplace_orders USING btree (status);


--
-- Name: marketplace_orders_vendor_id_idx; Type: INDEX; Schema: public; Owner: waterexpress_user
--

CREATE INDEX marketplace_orders_vendor_id_idx ON public.marketplace_orders USING btree (vendor_id);


--
-- Name: marketplace_products_category_id_idx; Type: INDEX; Schema: public; Owner: waterexpress_user
--

CREATE INDEX marketplace_products_category_id_idx ON public.marketplace_products USING btree (category_id);


--
-- Name: marketplace_products_category_idx; Type: INDEX; Schema: public; Owner: waterexpress_user
--

CREATE INDEX marketplace_products_category_idx ON public.marketplace_products USING btree (category);


--
-- Name: marketplace_products_slug_key; Type: INDEX; Schema: public; Owner: waterexpress_user
--

CREATE UNIQUE INDEX marketplace_products_slug_key ON public.marketplace_products USING btree (slug);


--
-- Name: marketplace_products_status_idx; Type: INDEX; Schema: public; Owner: waterexpress_user
--

CREATE INDEX marketplace_products_status_idx ON public.marketplace_products USING btree (status);


--
-- Name: marketplace_products_vendor_id_idx; Type: INDEX; Schema: public; Owner: waterexpress_user
--

CREATE INDEX marketplace_products_vendor_id_idx ON public.marketplace_products USING btree (vendor_id);


--
-- Name: marketplace_settings_module_idx; Type: INDEX; Schema: public; Owner: waterexpress_user
--

CREATE INDEX marketplace_settings_module_idx ON public.marketplace_settings USING btree (module);


--
-- Name: marketplace_vendor_permissions_user_id_idx; Type: INDEX; Schema: public; Owner: waterexpress_user
--

CREATE INDEX marketplace_vendor_permissions_user_id_idx ON public.marketplace_vendor_permissions USING btree (user_id);


--
-- Name: marketplace_vendor_permissions_vendor_id_idx; Type: INDEX; Schema: public; Owner: waterexpress_user
--

CREATE INDEX marketplace_vendor_permissions_vendor_id_idx ON public.marketplace_vendor_permissions USING btree (vendor_id);


--
-- Name: marketplace_vendor_permissions_vendor_user_key_key; Type: INDEX; Schema: public; Owner: waterexpress_user
--

CREATE UNIQUE INDEX marketplace_vendor_permissions_vendor_user_key_key ON public.marketplace_vendor_permissions USING btree (vendor_id, user_id, permission_key);


--
-- Name: marketplace_vendor_staff_user_id_idx; Type: INDEX; Schema: public; Owner: waterexpress_user
--

CREATE INDEX marketplace_vendor_staff_user_id_idx ON public.marketplace_vendor_staff USING btree (user_id);


--
-- Name: marketplace_vendor_staff_vendor_user_key; Type: INDEX; Schema: public; Owner: waterexpress_user
--

CREATE UNIQUE INDEX marketplace_vendor_staff_vendor_user_key ON public.marketplace_vendor_staff USING btree (vendor_id, user_id);


--
-- Name: marketplace_vendors_primary_user_id_idx; Type: INDEX; Schema: public; Owner: waterexpress_user
--

CREATE INDEX marketplace_vendors_primary_user_id_idx ON public.marketplace_vendors USING btree (primary_user_id);


--
-- Name: marketplace_vendors_slug_key; Type: INDEX; Schema: public; Owner: waterexpress_user
--

CREATE UNIQUE INDEX marketplace_vendors_slug_key ON public.marketplace_vendors USING btree (slug);


--
-- Name: marketplace_vendors_status_idx; Type: INDEX; Schema: public; Owner: waterexpress_user
--

CREATE INDEX marketplace_vendors_status_idx ON public.marketplace_vendors USING btree (status);


--
-- Name: media_directories_parent_id_idx; Type: INDEX; Schema: public; Owner: waterexpress_user
--

CREATE INDEX media_directories_parent_id_idx ON public.media_directories USING btree (parent_id);


--
-- Name: media_directories_slug_key; Type: INDEX; Schema: public; Owner: waterexpress_user
--

CREATE UNIQUE INDEX media_directories_slug_key ON public.media_directories USING btree (slug);


--
-- Name: media_directory_id_idx; Type: INDEX; Schema: public; Owner: waterexpress_user
--

CREATE INDEX media_directory_id_idx ON public.media USING btree (directory_id);


--
-- Name: media_model_type_model_id_idx; Type: INDEX; Schema: public; Owner: waterexpress_user
--

CREATE INDEX media_model_type_model_id_idx ON public.media USING btree (model_type, model_id);


--
-- Name: media_order_column_idx; Type: INDEX; Schema: public; Owner: waterexpress_user
--

CREATE INDEX media_order_column_idx ON public.media USING btree (order_column);


--
-- Name: media_uuid_key; Type: INDEX; Schema: public; Owner: waterexpress_user
--

CREATE UNIQUE INDEX media_uuid_key ON public.media USING btree (uuid);


--
-- Name: model_has_roles_model_id_model_type_index; Type: INDEX; Schema: public; Owner: waterexpress_user
--

CREATE INDEX model_has_roles_model_id_model_type_index ON public.model_has_roles USING btree (model_id, model_type);


--
-- Name: newsletter_subscribers_email_key; Type: INDEX; Schema: public; Owner: waterexpress_user
--

CREATE UNIQUE INDEX newsletter_subscribers_email_key ON public.newsletter_subscribers USING btree (email);


--
-- Name: newsletter_subscribers_subscribed_at_idx; Type: INDEX; Schema: public; Owner: waterexpress_user
--

CREATE INDEX newsletter_subscribers_subscribed_at_idx ON public.newsletter_subscribers USING btree (subscribed_at);


--
-- Name: notification_template_langs_parent_id_idx; Type: INDEX; Schema: public; Owner: waterexpress_user
--

CREATE INDEX notification_template_langs_parent_id_idx ON public.notification_template_langs USING btree (parent_id);


--
-- Name: notification_template_langs_parent_id_lang_idx; Type: INDEX; Schema: public; Owner: waterexpress_user
--

CREATE INDEX notification_template_langs_parent_id_lang_idx ON public.notification_template_langs USING btree (parent_id, lang);


--
-- Name: offer_letters_created_by_idx; Type: INDEX; Schema: public; Owner: waterexpress_user
--

CREATE INDEX offer_letters_created_by_idx ON public.offer_letters USING btree (created_by);


--
-- Name: offers_candidate_id_idx; Type: INDEX; Schema: public; Owner: waterexpress_user
--

CREATE INDEX offers_candidate_id_idx ON public.offers USING btree (candidate_id);


--
-- Name: offers_created_by_idx; Type: INDEX; Schema: public; Owner: waterexpress_user
--

CREATE INDEX offers_created_by_idx ON public.offers USING btree (created_by);


--
-- Name: offers_job_id_idx; Type: INDEX; Schema: public; Owner: waterexpress_user
--

CREATE INDEX offers_job_id_idx ON public.offers USING btree (job_id);


--
-- Name: onboarding_checklists_created_by_idx; Type: INDEX; Schema: public; Owner: waterexpress_user
--

CREATE INDEX onboarding_checklists_created_by_idx ON public.onboarding_checklists USING btree (created_by);


--
-- Name: orders_order_id_key; Type: INDEX; Schema: public; Owner: waterexpress_user
--

CREATE UNIQUE INDEX orders_order_id_key ON public.orders USING btree (order_id);


--
-- Name: partner_commissions_company_id_idx; Type: INDEX; Schema: public; Owner: waterexpress_user
--

CREATE INDEX partner_commissions_company_id_idx ON public.partner_commissions USING btree (company_id);


--
-- Name: partner_commissions_order_ref_key; Type: INDEX; Schema: public; Owner: waterexpress_user
--

CREATE UNIQUE INDEX partner_commissions_order_ref_key ON public.partner_commissions USING btree (order_ref);


--
-- Name: partner_commissions_partner_id_idx; Type: INDEX; Schema: public; Owner: waterexpress_user
--

CREATE INDEX partner_commissions_partner_id_idx ON public.partner_commissions USING btree (partner_id);


--
-- Name: partner_commissions_payout_id_idx; Type: INDEX; Schema: public; Owner: waterexpress_user
--

CREATE INDEX partner_commissions_payout_id_idx ON public.partner_commissions USING btree (payout_id);


--
-- Name: partner_commissions_status_idx; Type: INDEX; Schema: public; Owner: waterexpress_user
--

CREATE INDEX partner_commissions_status_idx ON public.partner_commissions USING btree (status);


--
-- Name: partner_landing_pages_partner_id_idx; Type: INDEX; Schema: public; Owner: waterexpress_user
--

CREATE INDEX partner_landing_pages_partner_id_idx ON public.partner_landing_pages USING btree (partner_id);


--
-- Name: partner_landing_pages_partner_slug_key; Type: INDEX; Schema: public; Owner: waterexpress_user
--

CREATE UNIQUE INDEX partner_landing_pages_partner_slug_key ON public.partner_landing_pages USING btree (partner_id, slug);


--
-- Name: partner_payouts_partner_id_idx; Type: INDEX; Schema: public; Owner: waterexpress_user
--

CREATE INDEX partner_payouts_partner_id_idx ON public.partner_payouts USING btree (partner_id);


--
-- Name: partner_payouts_status_idx; Type: INDEX; Schema: public; Owner: waterexpress_user
--

CREATE INDEX partner_payouts_status_idx ON public.partner_payouts USING btree (status);


--
-- Name: partner_referrals_company_id_idx; Type: INDEX; Schema: public; Owner: waterexpress_user
--

CREATE INDEX partner_referrals_company_id_idx ON public.partner_referrals USING btree (company_id);


--
-- Name: partner_referrals_partner_id_idx; Type: INDEX; Schema: public; Owner: waterexpress_user
--

CREATE INDEX partner_referrals_partner_id_idx ON public.partner_referrals USING btree (partner_id);


--
-- Name: partners_referral_code_key; Type: INDEX; Schema: public; Owner: waterexpress_user
--

CREATE UNIQUE INDEX partners_referral_code_key ON public.partners USING btree (referral_code);


--
-- Name: partners_slug_key; Type: INDEX; Schema: public; Owner: waterexpress_user
--

CREATE UNIQUE INDEX partners_slug_key ON public.partners USING btree (slug);


--
-- Name: partners_status_idx; Type: INDEX; Schema: public; Owner: waterexpress_user
--

CREATE INDEX partners_status_idx ON public.partners USING btree (status);


--
-- Name: partners_user_id_idx; Type: INDEX; Schema: public; Owner: waterexpress_user
--

CREATE INDEX partners_user_id_idx ON public.partners USING btree (user_id);


--
-- Name: permissions_name_guard_name_key; Type: INDEX; Schema: public; Owner: waterexpress_user
--

CREATE UNIQUE INDEX permissions_name_guard_name_key ON public.permissions USING btree (name, guard_name);


--
-- Name: pos_branch_sales_targets_branch_id_idx; Type: INDEX; Schema: public; Owner: waterexpress_user
--

CREATE INDEX pos_branch_sales_targets_branch_id_idx ON public.pos_branch_sales_targets USING btree (branch_id);


--
-- Name: pos_cash_registers_branch_id_idx; Type: INDEX; Schema: public; Owner: waterexpress_user
--

CREATE INDEX pos_cash_registers_branch_id_idx ON public.pos_cash_registers USING btree (branch_id);


--
-- Name: pos_expenses_category_id_idx; Type: INDEX; Schema: public; Owner: waterexpress_user
--

CREATE INDEX pos_expenses_category_id_idx ON public.pos_expenses USING btree (category_id);


--
-- Name: pos_products_brand_id_idx; Type: INDEX; Schema: public; Owner: waterexpress_user
--

CREATE INDEX pos_products_brand_id_idx ON public.pos_products USING btree (brand_id);


--
-- Name: pos_products_category_id_idx; Type: INDEX; Schema: public; Owner: waterexpress_user
--

CREATE INDEX pos_products_category_id_idx ON public.pos_products USING btree (category_id);


--
-- Name: pos_products_organization_id_idx; Type: INDEX; Schema: public; Owner: waterexpress_user
--

CREATE INDEX pos_products_organization_id_idx ON public.pos_products USING btree (organization_id);


--
-- Name: pos_products_organization_id_slug_idx; Type: INDEX; Schema: public; Owner: waterexpress_user
--

CREATE INDEX pos_products_organization_id_slug_idx ON public.pos_products USING btree (organization_id, slug);


--
-- Name: pos_products_organization_id_storefront_featured_idx; Type: INDEX; Schema: public; Owner: waterexpress_user
--

CREATE INDEX pos_products_organization_id_storefront_featured_idx ON public.pos_products USING btree (organization_id, storefront_featured);


--
-- Name: pos_products_organization_id_storefront_publish_at_idx; Type: INDEX; Schema: public; Owner: waterexpress_user
--

CREATE INDEX pos_products_organization_id_storefront_publish_at_idx ON public.pos_products USING btree (organization_id, storefront_publish_at);


--
-- Name: pos_products_organization_id_storefront_published_idx; Type: INDEX; Schema: public; Owner: waterexpress_user
--

CREATE INDEX pos_products_organization_id_storefront_published_idx ON public.pos_products USING btree (organization_id, storefront_published);


--
-- Name: pos_products_tax_id_idx; Type: INDEX; Schema: public; Owner: waterexpress_user
--

CREATE INDEX pos_products_tax_id_idx ON public.pos_products USING btree (tax_id);


--
-- Name: pos_products_unit_id_idx; Type: INDEX; Schema: public; Owner: waterexpress_user
--

CREATE INDEX pos_products_unit_id_idx ON public.pos_products USING btree (unit_id);


--
-- Name: pos_purchase_items_product_id_idx; Type: INDEX; Schema: public; Owner: waterexpress_user
--

CREATE INDEX pos_purchase_items_product_id_idx ON public.pos_purchase_items USING btree (product_id);


--
-- Name: pos_purchase_items_purchase_id_idx; Type: INDEX; Schema: public; Owner: waterexpress_user
--

CREATE INDEX pos_purchase_items_purchase_id_idx ON public.pos_purchase_items USING btree (purchase_id);


--
-- Name: pos_purchase_return_items_return_id_idx; Type: INDEX; Schema: public; Owner: waterexpress_user
--

CREATE INDEX pos_purchase_return_items_return_id_idx ON public.pos_purchase_return_items USING btree (return_id);


--
-- Name: pos_purchase_returns_number_key; Type: INDEX; Schema: public; Owner: waterexpress_user
--

CREATE UNIQUE INDEX pos_purchase_returns_number_key ON public.pos_purchase_returns USING btree (number);


--
-- Name: pos_purchase_returns_purchase_id_idx; Type: INDEX; Schema: public; Owner: waterexpress_user
--

CREATE INDEX pos_purchase_returns_purchase_id_idx ON public.pos_purchase_returns USING btree (purchase_id);


--
-- Name: pos_purchases_branch_id_idx; Type: INDEX; Schema: public; Owner: waterexpress_user
--

CREATE INDEX pos_purchases_branch_id_idx ON public.pos_purchases USING btree (branch_id);


--
-- Name: pos_purchases_number_key; Type: INDEX; Schema: public; Owner: waterexpress_user
--

CREATE UNIQUE INDEX pos_purchases_number_key ON public.pos_purchases USING btree (number);


--
-- Name: pos_purchases_vendor_id_idx; Type: INDEX; Schema: public; Owner: waterexpress_user
--

CREATE INDEX pos_purchases_vendor_id_idx ON public.pos_purchases USING btree (vendor_id);


--
-- Name: pos_quotation_items_product_id_idx; Type: INDEX; Schema: public; Owner: waterexpress_user
--

CREATE INDEX pos_quotation_items_product_id_idx ON public.pos_quotation_items USING btree (product_id);


--
-- Name: pos_quotation_items_quotation_id_idx; Type: INDEX; Schema: public; Owner: waterexpress_user
--

CREATE INDEX pos_quotation_items_quotation_id_idx ON public.pos_quotation_items USING btree (quotation_id);


--
-- Name: pos_quotations_customer_id_idx; Type: INDEX; Schema: public; Owner: waterexpress_user
--

CREATE INDEX pos_quotations_customer_id_idx ON public.pos_quotations USING btree (customer_id);


--
-- Name: pos_quotations_number_key; Type: INDEX; Schema: public; Owner: waterexpress_user
--

CREATE UNIQUE INDEX pos_quotations_number_key ON public.pos_quotations USING btree (number);


--
-- Name: pos_referrals_code_key; Type: INDEX; Schema: public; Owner: waterexpress_user
--

CREATE UNIQUE INDEX pos_referrals_code_key ON public.pos_referrals USING btree (code);


--
-- Name: pos_sale_items_product_id_idx; Type: INDEX; Schema: public; Owner: waterexpress_user
--

CREATE INDEX pos_sale_items_product_id_idx ON public.pos_sale_items USING btree (product_id);


--
-- Name: pos_sale_items_sale_id_idx; Type: INDEX; Schema: public; Owner: waterexpress_user
--

CREATE INDEX pos_sale_items_sale_id_idx ON public.pos_sale_items USING btree (sale_id);


--
-- Name: pos_sale_return_items_return_id_idx; Type: INDEX; Schema: public; Owner: waterexpress_user
--

CREATE INDEX pos_sale_return_items_return_id_idx ON public.pos_sale_return_items USING btree (return_id);


--
-- Name: pos_sale_returns_number_key; Type: INDEX; Schema: public; Owner: waterexpress_user
--

CREATE UNIQUE INDEX pos_sale_returns_number_key ON public.pos_sale_returns USING btree (number);


--
-- Name: pos_sale_returns_sale_id_idx; Type: INDEX; Schema: public; Owner: waterexpress_user
--

CREATE INDEX pos_sale_returns_sale_id_idx ON public.pos_sale_returns USING btree (sale_id);


--
-- Name: pos_sales_branch_id_idx; Type: INDEX; Schema: public; Owner: waterexpress_user
--

CREATE INDEX pos_sales_branch_id_idx ON public.pos_sales USING btree (branch_id);


--
-- Name: pos_sales_cash_register_id_idx; Type: INDEX; Schema: public; Owner: waterexpress_user
--

CREATE INDEX pos_sales_cash_register_id_idx ON public.pos_sales USING btree (cash_register_id);


--
-- Name: pos_sales_customer_id_idx; Type: INDEX; Schema: public; Owner: waterexpress_user
--

CREATE INDEX pos_sales_customer_id_idx ON public.pos_sales USING btree (customer_id);


--
-- Name: pos_sales_number_key; Type: INDEX; Schema: public; Owner: waterexpress_user
--

CREATE UNIQUE INDEX pos_sales_number_key ON public.pos_sales USING btree (number);


--
-- Name: pos_sessions_cash_register_id_idx; Type: INDEX; Schema: public; Owner: waterexpress_user
--

CREATE INDEX pos_sessions_cash_register_id_idx ON public.pos_sessions USING btree (cash_register_id);


--
-- Name: project_activity_logs_project_id_idx; Type: INDEX; Schema: public; Owner: waterexpress_user
--

CREATE INDEX project_activity_logs_project_id_idx ON public.project_activity_logs USING btree (project_id);


--
-- Name: project_bugs_created_by_idx; Type: INDEX; Schema: public; Owner: waterexpress_user
--

CREATE INDEX project_bugs_created_by_idx ON public.project_bugs USING btree (created_by);


--
-- Name: project_bugs_project_id_idx; Type: INDEX; Schema: public; Owner: waterexpress_user
--

CREATE INDEX project_bugs_project_id_idx ON public.project_bugs USING btree (project_id);


--
-- Name: project_bugs_stage_id_idx; Type: INDEX; Schema: public; Owner: waterexpress_user
--

CREATE INDEX project_bugs_stage_id_idx ON public.project_bugs USING btree (stage_id);


--
-- Name: project_clients_client_id_idx; Type: INDEX; Schema: public; Owner: waterexpress_user
--

CREATE INDEX project_clients_client_id_idx ON public.project_clients USING btree (client_id);


--
-- Name: project_clients_project_id_client_id_key; Type: INDEX; Schema: public; Owner: waterexpress_user
--

CREATE UNIQUE INDEX project_clients_project_id_client_id_key ON public.project_clients USING btree (project_id, client_id);


--
-- Name: project_clients_project_id_idx; Type: INDEX; Schema: public; Owner: waterexpress_user
--

CREATE INDEX project_clients_project_id_idx ON public.project_clients USING btree (project_id);


--
-- Name: project_files_project_id_idx; Type: INDEX; Schema: public; Owner: waterexpress_user
--

CREATE INDEX project_files_project_id_idx ON public.project_files USING btree (project_id);


--
-- Name: project_milestones_project_id_idx; Type: INDEX; Schema: public; Owner: waterexpress_user
--

CREATE INDEX project_milestones_project_id_idx ON public.project_milestones USING btree (project_id);


--
-- Name: project_tasks_created_by_idx; Type: INDEX; Schema: public; Owner: waterexpress_user
--

CREATE INDEX project_tasks_created_by_idx ON public.project_tasks USING btree (created_by);


--
-- Name: project_tasks_milestone_id_idx; Type: INDEX; Schema: public; Owner: waterexpress_user
--

CREATE INDEX project_tasks_milestone_id_idx ON public.project_tasks USING btree (milestone_id);


--
-- Name: project_tasks_project_id_idx; Type: INDEX; Schema: public; Owner: waterexpress_user
--

CREATE INDEX project_tasks_project_id_idx ON public.project_tasks USING btree (project_id);


--
-- Name: project_tasks_stage_id_idx; Type: INDEX; Schema: public; Owner: waterexpress_user
--

CREATE INDEX project_tasks_stage_id_idx ON public.project_tasks USING btree (stage_id);


--
-- Name: project_users_project_id_idx; Type: INDEX; Schema: public; Owner: waterexpress_user
--

CREATE INDEX project_users_project_id_idx ON public.project_users USING btree (project_id);


--
-- Name: project_users_project_id_user_id_key; Type: INDEX; Schema: public; Owner: waterexpress_user
--

CREATE UNIQUE INDEX project_users_project_id_user_id_key ON public.project_users USING btree (project_id, user_id);


--
-- Name: project_users_user_id_idx; Type: INDEX; Schema: public; Owner: waterexpress_user
--

CREATE INDEX project_users_user_id_idx ON public.project_users USING btree (user_id);


--
-- Name: projects_created_by_idx; Type: INDEX; Schema: public; Owner: waterexpress_user
--

CREATE INDEX projects_created_by_idx ON public.projects USING btree (created_by);


--
-- Name: questions_created_by_idx; Type: INDEX; Schema: public; Owner: waterexpress_user
--

CREATE INDEX questions_created_by_idx ON public.questions USING btree (created_by);


--
-- Name: recruitment_settings_created_by_idx; Type: INDEX; Schema: public; Owner: waterexpress_user
--

CREATE INDEX recruitment_settings_created_by_idx ON public.recruitment_settings USING btree (created_by);


--
-- Name: resume_builder_settings_section_key_key; Type: INDEX; Schema: public; Owner: waterexpress_user
--

CREATE UNIQUE INDEX resume_builder_settings_section_key_key ON public.resume_builder_settings USING btree (section, key);


--
-- Name: resume_templates_slug_key; Type: INDEX; Schema: public; Owner: waterexpress_user
--

CREATE UNIQUE INDEX resume_templates_slug_key ON public.resume_templates USING btree (slug);


--
-- Name: resumes_code_key; Type: INDEX; Schema: public; Owner: waterexpress_user
--

CREATE UNIQUE INDEX resumes_code_key ON public.resumes USING btree (code);


--
-- Name: resumes_created_by_idx; Type: INDEX; Schema: public; Owner: waterexpress_user
--

CREATE INDEX resumes_created_by_idx ON public.resumes USING btree (created_by);


--
-- Name: resumes_template_id_idx; Type: INDEX; Schema: public; Owner: waterexpress_user
--

CREATE INDEX resumes_template_id_idx ON public.resumes USING btree (template_id);


--
-- Name: revenues_bank_account_id_idx; Type: INDEX; Schema: public; Owner: waterexpress_user
--

CREATE INDEX revenues_bank_account_id_idx ON public.revenues USING btree (bank_account_id);


--
-- Name: revenues_created_by_idx; Type: INDEX; Schema: public; Owner: waterexpress_user
--

CREATE INDEX revenues_created_by_idx ON public.revenues USING btree (created_by);


--
-- Name: revenues_customer_id_idx; Type: INDEX; Schema: public; Owner: waterexpress_user
--

CREATE INDEX revenues_customer_id_idx ON public.revenues USING btree (customer_id);


--
-- Name: roles_name_guard_name_key; Type: INDEX; Schema: public; Owner: waterexpress_user
--

CREATE UNIQUE INDEX roles_name_guard_name_key ON public.roles USING btree (name, guard_name);


--
-- Name: saas_audit_logs_event_type_created_at_idx; Type: INDEX; Schema: public; Owner: waterexpress_user
--

CREATE INDEX saas_audit_logs_event_type_created_at_idx ON public.saas_audit_logs USING btree (event_type, created_at);


--
-- Name: sales_proposal_items_product_id_idx; Type: INDEX; Schema: public; Owner: waterexpress_user
--

CREATE INDEX sales_proposal_items_product_id_idx ON public.sales_proposal_items USING btree (product_id);


--
-- Name: sales_proposal_items_proposal_id_idx; Type: INDEX; Schema: public; Owner: waterexpress_user
--

CREATE INDEX sales_proposal_items_proposal_id_idx ON public.sales_proposal_items USING btree (proposal_id);


--
-- Name: sales_proposals_created_by_idx; Type: INDEX; Schema: public; Owner: waterexpress_user
--

CREATE INDEX sales_proposals_created_by_idx ON public.sales_proposals USING btree (created_by);


--
-- Name: sales_proposals_customer_id_idx; Type: INDEX; Schema: public; Owner: waterexpress_user
--

CREATE INDEX sales_proposals_customer_id_idx ON public.sales_proposals USING btree (customer_id);


--
-- Name: sales_proposals_status_proposal_date_idx; Type: INDEX; Schema: public; Owner: waterexpress_user
--

CREATE INDEX sales_proposals_status_proposal_date_idx ON public.sales_proposals USING btree (status, proposal_date);


--
-- Name: schedules_appointment_id_idx; Type: INDEX; Schema: public; Owner: waterexpress_user
--

CREATE INDEX schedules_appointment_id_idx ON public.schedules USING btree (appointment_id);


--
-- Name: schedules_created_by_idx; Type: INDEX; Schema: public; Owner: waterexpress_user
--

CREATE INDEX schedules_created_by_idx ON public.schedules USING btree (created_by);


--
-- Name: schedules_unique_id_key; Type: INDEX; Schema: public; Owner: waterexpress_user
--

CREATE UNIQUE INDEX schedules_unique_id_key ON public.schedules USING btree (unique_id);


--
-- Name: st_custom_pages_slug_key; Type: INDEX; Schema: public; Owner: waterexpress_user
--

CREATE UNIQUE INDEX st_custom_pages_slug_key ON public.st_custom_pages USING btree (slug);


--
-- Name: st_faqs_created_by_idx; Type: INDEX; Schema: public; Owner: waterexpress_user
--

CREATE INDEX st_faqs_created_by_idx ON public.st_faqs USING btree (created_by);


--
-- Name: st_knowledge_bases_category_id_idx; Type: INDEX; Schema: public; Owner: waterexpress_user
--

CREATE INDEX st_knowledge_bases_category_id_idx ON public.st_knowledge_bases USING btree (category_id);


--
-- Name: st_knowledge_bases_created_by_idx; Type: INDEX; Schema: public; Owner: waterexpress_user
--

CREATE INDEX st_knowledge_bases_created_by_idx ON public.st_knowledge_bases USING btree (created_by);


--
-- Name: st_knowledge_bases_organization_id_idx; Type: INDEX; Schema: public; Owner: waterexpress_user
--

CREATE INDEX st_knowledge_bases_organization_id_idx ON public.st_knowledge_bases USING btree (organization_id);


--
-- Name: st_settings_section_key_key; Type: INDEX; Schema: public; Owner: waterexpress_user
--

CREATE UNIQUE INDEX st_settings_section_key_key ON public.st_settings USING btree (section, key);


--
-- Name: st_tickets_assigned_staff_user_id_idx; Type: INDEX; Schema: public; Owner: waterexpress_user
--

CREATE INDEX st_tickets_assigned_staff_user_id_idx ON public.st_tickets USING btree (assigned_staff_user_id);


--
-- Name: st_tickets_category_id_idx; Type: INDEX; Schema: public; Owner: waterexpress_user
--

CREATE INDEX st_tickets_category_id_idx ON public.st_tickets USING btree (category_id);


--
-- Name: st_tickets_created_by_idx; Type: INDEX; Schema: public; Owner: waterexpress_user
--

CREATE INDEX st_tickets_created_by_idx ON public.st_tickets USING btree (created_by);


--
-- Name: st_tickets_lms_course_id_idx; Type: INDEX; Schema: public; Owner: waterexpress_user
--

CREATE INDEX st_tickets_lms_course_id_idx ON public.st_tickets USING btree (lms_course_id);


--
-- Name: st_tickets_lms_lesson_id_idx; Type: INDEX; Schema: public; Owner: waterexpress_user
--

CREATE INDEX st_tickets_lms_lesson_id_idx ON public.st_tickets USING btree (lms_lesson_id);


--
-- Name: st_tickets_lms_student_user_id_idx; Type: INDEX; Schema: public; Owner: waterexpress_user
--

CREATE INDEX st_tickets_lms_student_user_id_idx ON public.st_tickets USING btree (lms_student_user_id);


--
-- Name: st_tickets_organization_id_idx; Type: INDEX; Schema: public; Owner: waterexpress_user
--

CREATE INDEX st_tickets_organization_id_idx ON public.st_tickets USING btree (organization_id);


--
-- Name: st_tickets_storefront_customer_id_idx; Type: INDEX; Schema: public; Owner: waterexpress_user
--

CREATE INDEX st_tickets_storefront_customer_id_idx ON public.st_tickets USING btree (storefront_customer_id);


--
-- Name: st_tickets_storefront_order_id_idx; Type: INDEX; Schema: public; Owner: waterexpress_user
--

CREATE INDEX st_tickets_storefront_order_id_idx ON public.st_tickets USING btree (storefront_order_id);


--
-- Name: st_tickets_ticket_code_key; Type: INDEX; Schema: public; Owner: waterexpress_user
--

CREATE UNIQUE INDEX st_tickets_ticket_code_key ON public.st_tickets USING btree (ticket_code);


--
-- Name: st_tickets_website_id_idx; Type: INDEX; Schema: public; Owner: waterexpress_user
--

CREATE INDEX st_tickets_website_id_idx ON public.st_tickets USING btree (website_id);


--
-- Name: storefront_block_instances_section_instance_id_idx; Type: INDEX; Schema: public; Owner: waterexpress_user
--

CREATE INDEX storefront_block_instances_section_instance_id_idx ON public.storefront_block_instances USING btree (section_instance_id);


--
-- Name: storefront_block_instances_section_instance_id_status_idx; Type: INDEX; Schema: public; Owner: waterexpress_user
--

CREATE INDEX storefront_block_instances_section_instance_id_status_idx ON public.storefront_block_instances USING btree (section_instance_id, status);


--
-- Name: storefront_block_instances_theme_block_definition_id_idx; Type: INDEX; Schema: public; Owner: waterexpress_user
--

CREATE INDEX storefront_block_instances_theme_block_definition_id_idx ON public.storefront_block_instances USING btree (theme_block_definition_id);


--
-- Name: storefront_blog_comments_blog_post_id_created_at_idx; Type: INDEX; Schema: public; Owner: waterexpress_user
--

CREATE INDEX storefront_blog_comments_blog_post_id_created_at_idx ON public.storefront_blog_comments USING btree (blog_post_id, created_at);


--
-- Name: storefront_blog_comments_blog_post_id_status_idx; Type: INDEX; Schema: public; Owner: waterexpress_user
--

CREATE INDEX storefront_blog_comments_blog_post_id_status_idx ON public.storefront_blog_comments USING btree (blog_post_id, status);


--
-- Name: storefront_blog_posts_organization_id_published_at_idx; Type: INDEX; Schema: public; Owner: waterexpress_user
--

CREATE INDEX storefront_blog_posts_organization_id_published_at_idx ON public.storefront_blog_posts USING btree (organization_id, published_at);


--
-- Name: storefront_blog_posts_organization_id_slug_key; Type: INDEX; Schema: public; Owner: waterexpress_user
--

CREATE UNIQUE INDEX storefront_blog_posts_organization_id_slug_key ON public.storefront_blog_posts USING btree (organization_id, slug);


--
-- Name: storefront_blog_posts_organization_id_status_idx; Type: INDEX; Schema: public; Owner: waterexpress_user
--

CREATE INDEX storefront_blog_posts_organization_id_status_idx ON public.storefront_blog_posts USING btree (organization_id, status);


--
-- Name: storefront_blog_posts_website_id_idx; Type: INDEX; Schema: public; Owner: waterexpress_user
--

CREATE INDEX storefront_blog_posts_website_id_idx ON public.storefront_blog_posts USING btree (website_id);


--
-- Name: storefront_cart_lines_cart_id_product_id_variant_key_key; Type: INDEX; Schema: public; Owner: waterexpress_user
--

CREATE UNIQUE INDEX storefront_cart_lines_cart_id_product_id_variant_key_key ON public.storefront_cart_lines USING btree (cart_id, product_id, variant_key);


--
-- Name: storefront_cart_lines_product_id_idx; Type: INDEX; Schema: public; Owner: waterexpress_user
--

CREATE INDEX storefront_cart_lines_product_id_idx ON public.storefront_cart_lines USING btree (product_id);


--
-- Name: storefront_carts_customer_id_idx; Type: INDEX; Schema: public; Owner: waterexpress_user
--

CREATE INDEX storefront_carts_customer_id_idx ON public.storefront_carts USING btree (customer_id);


--
-- Name: storefront_carts_guest_token_idx; Type: INDEX; Schema: public; Owner: waterexpress_user
--

CREATE INDEX storefront_carts_guest_token_idx ON public.storefront_carts USING btree (guest_token);


--
-- Name: storefront_carts_organization_id_website_id_idx; Type: INDEX; Schema: public; Owner: waterexpress_user
--

CREATE INDEX storefront_carts_organization_id_website_id_idx ON public.storefront_carts USING btree (organization_id, website_id);


--
-- Name: storefront_checkout_sessions_cart_id_idx; Type: INDEX; Schema: public; Owner: waterexpress_user
--

CREATE INDEX storefront_checkout_sessions_cart_id_idx ON public.storefront_checkout_sessions USING btree (cart_id);


--
-- Name: storefront_checkout_sessions_expires_at_idx; Type: INDEX; Schema: public; Owner: waterexpress_user
--

CREATE INDEX storefront_checkout_sessions_expires_at_idx ON public.storefront_checkout_sessions USING btree (expires_at);


--
-- Name: storefront_checkout_sessions_organization_id_website_id_idx; Type: INDEX; Schema: public; Owner: waterexpress_user
--

CREATE INDEX storefront_checkout_sessions_organization_id_website_id_idx ON public.storefront_checkout_sessions USING btree (organization_id, website_id);


--
-- Name: storefront_collection_products_collection_id_product_id_key; Type: INDEX; Schema: public; Owner: waterexpress_user
--

CREATE UNIQUE INDEX storefront_collection_products_collection_id_product_id_key ON public.storefront_collection_products USING btree (collection_id, product_id);


--
-- Name: storefront_collection_products_product_id_idx; Type: INDEX; Schema: public; Owner: waterexpress_user
--

CREATE INDEX storefront_collection_products_product_id_idx ON public.storefront_collection_products USING btree (product_id);


--
-- Name: storefront_collections_organization_id_published_idx; Type: INDEX; Schema: public; Owner: waterexpress_user
--

CREATE INDEX storefront_collections_organization_id_published_idx ON public.storefront_collections USING btree (organization_id, published);


--
-- Name: storefront_collections_organization_id_slug_key; Type: INDEX; Schema: public; Owner: waterexpress_user
--

CREATE UNIQUE INDEX storefront_collections_organization_id_slug_key ON public.storefront_collections USING btree (organization_id, slug);


--
-- Name: storefront_collections_website_id_idx; Type: INDEX; Schema: public; Owner: waterexpress_user
--

CREATE INDEX storefront_collections_website_id_idx ON public.storefront_collections USING btree (website_id);


--
-- Name: storefront_customer_sessions_customer_id_idx; Type: INDEX; Schema: public; Owner: waterexpress_user
--

CREATE INDEX storefront_customer_sessions_customer_id_idx ON public.storefront_customer_sessions USING btree (customer_id);


--
-- Name: storefront_customer_sessions_expires_at_idx; Type: INDEX; Schema: public; Owner: waterexpress_user
--

CREATE INDEX storefront_customer_sessions_expires_at_idx ON public.storefront_customer_sessions USING btree (expires_at);


--
-- Name: storefront_customer_sessions_token_hash_idx; Type: INDEX; Schema: public; Owner: waterexpress_user
--

CREATE INDEX storefront_customer_sessions_token_hash_idx ON public.storefront_customer_sessions USING btree (token_hash);


--
-- Name: storefront_customers_email_idx; Type: INDEX; Schema: public; Owner: waterexpress_user
--

CREATE INDEX storefront_customers_email_idx ON public.storefront_customers USING btree (email);


--
-- Name: storefront_customers_organization_id_idx; Type: INDEX; Schema: public; Owner: waterexpress_user
--

CREATE INDEX storefront_customers_organization_id_idx ON public.storefront_customers USING btree (organization_id);


--
-- Name: storefront_customers_organization_id_status_idx; Type: INDEX; Schema: public; Owner: waterexpress_user
--

CREATE INDEX storefront_customers_organization_id_status_idx ON public.storefront_customers USING btree (organization_id, status);


--
-- Name: storefront_customers_website_id_email_key; Type: INDEX; Schema: public; Owner: waterexpress_user
--

CREATE UNIQUE INDEX storefront_customers_website_id_email_key ON public.storefront_customers USING btree (website_id, email);


--
-- Name: storefront_customers_website_id_idx; Type: INDEX; Schema: public; Owner: waterexpress_user
--

CREATE INDEX storefront_customers_website_id_idx ON public.storefront_customers USING btree (website_id);


--
-- Name: storefront_customers_website_id_status_idx; Type: INDEX; Schema: public; Owner: waterexpress_user
--

CREATE INDEX storefront_customers_website_id_status_idx ON public.storefront_customers USING btree (website_id, status);


--
-- Name: storefront_discount_codes_organization_id_code_key; Type: INDEX; Schema: public; Owner: waterexpress_user
--

CREATE UNIQUE INDEX storefront_discount_codes_organization_id_code_key ON public.storefront_discount_codes USING btree (organization_id, code);


--
-- Name: storefront_discount_codes_rule_id_idx; Type: INDEX; Schema: public; Owner: waterexpress_user
--

CREATE INDEX storefront_discount_codes_rule_id_idx ON public.storefront_discount_codes USING btree (rule_id);


--
-- Name: storefront_discount_redemptions_code_id_idx; Type: INDEX; Schema: public; Owner: waterexpress_user
--

CREATE INDEX storefront_discount_redemptions_code_id_idx ON public.storefront_discount_redemptions USING btree (code_id);


--
-- Name: storefront_discount_redemptions_order_id_idx; Type: INDEX; Schema: public; Owner: waterexpress_user
--

CREATE INDEX storefront_discount_redemptions_order_id_idx ON public.storefront_discount_redemptions USING btree (order_id);


--
-- Name: storefront_discount_rules_organization_id_idx; Type: INDEX; Schema: public; Owner: waterexpress_user
--

CREATE INDEX storefront_discount_rules_organization_id_idx ON public.storefront_discount_rules USING btree (organization_id);


--
-- Name: storefront_discount_rules_website_id_idx; Type: INDEX; Schema: public; Owner: waterexpress_user
--

CREATE INDEX storefront_discount_rules_website_id_idx ON public.storefront_discount_rules USING btree (website_id);


--
-- Name: storefront_domains_hostname_key; Type: INDEX; Schema: public; Owner: waterexpress_user
--

CREATE UNIQUE INDEX storefront_domains_hostname_key ON public.storefront_domains USING btree (hostname);


--
-- Name: storefront_domains_hostname_status_idx; Type: INDEX; Schema: public; Owner: waterexpress_user
--

CREATE INDEX storefront_domains_hostname_status_idx ON public.storefront_domains USING btree (hostname, status);


--
-- Name: storefront_domains_organization_id_idx; Type: INDEX; Schema: public; Owner: waterexpress_user
--

CREATE INDEX storefront_domains_organization_id_idx ON public.storefront_domains USING btree (organization_id);


--
-- Name: storefront_domains_website_id_idx; Type: INDEX; Schema: public; Owner: waterexpress_user
--

CREATE INDEX storefront_domains_website_id_idx ON public.storefront_domains USING btree (website_id);


--
-- Name: storefront_domains_website_id_status_idx; Type: INDEX; Schema: public; Owner: waterexpress_user
--

CREATE INDEX storefront_domains_website_id_status_idx ON public.storefront_domains USING btree (website_id, status);


--
-- Name: storefront_event_logs_created_at_idx; Type: INDEX; Schema: public; Owner: waterexpress_user
--

CREATE INDEX storefront_event_logs_created_at_idx ON public.storefront_event_logs USING btree (created_at);


--
-- Name: storefront_event_logs_organization_id_event_type_idx; Type: INDEX; Schema: public; Owner: waterexpress_user
--

CREATE INDEX storefront_event_logs_organization_id_event_type_idx ON public.storefront_event_logs USING btree (organization_id, event_type);


--
-- Name: storefront_event_logs_organization_id_idx; Type: INDEX; Schema: public; Owner: waterexpress_user
--

CREATE INDEX storefront_event_logs_organization_id_idx ON public.storefront_event_logs USING btree (organization_id);


--
-- Name: storefront_event_logs_organization_id_status_idx; Type: INDEX; Schema: public; Owner: waterexpress_user
--

CREATE INDEX storefront_event_logs_organization_id_status_idx ON public.storefront_event_logs USING btree (organization_id, status);


--
-- Name: storefront_event_logs_status_idx; Type: INDEX; Schema: public; Owner: waterexpress_user
--

CREATE INDEX storefront_event_logs_status_idx ON public.storefront_event_logs USING btree (status);


--
-- Name: storefront_event_logs_website_id_event_type_idx; Type: INDEX; Schema: public; Owner: waterexpress_user
--

CREATE INDEX storefront_event_logs_website_id_event_type_idx ON public.storefront_event_logs USING btree (website_id, event_type);


--
-- Name: storefront_event_logs_website_id_idx; Type: INDEX; Schema: public; Owner: waterexpress_user
--

CREATE INDEX storefront_event_logs_website_id_idx ON public.storefront_event_logs USING btree (website_id);


--
-- Name: storefront_events_org_slug_unique; Type: INDEX; Schema: public; Owner: waterexpress_user
--

CREATE UNIQUE INDEX storefront_events_org_slug_unique ON public.storefront_events USING btree (organization_id, slug);


--
-- Name: storefront_events_org_status_date_idx; Type: INDEX; Schema: public; Owner: waterexpress_user
--

CREATE INDEX storefront_events_org_status_date_idx ON public.storefront_events USING btree (organization_id, status, event_date);


--
-- Name: storefront_events_org_website_idx; Type: INDEX; Schema: public; Owner: waterexpress_user
--

CREATE INDEX storefront_events_org_website_idx ON public.storefront_events USING btree (organization_id, website_id);


--
-- Name: storefront_notification_logs_organization_id_idx; Type: INDEX; Schema: public; Owner: waterexpress_user
--

CREATE INDEX storefront_notification_logs_organization_id_idx ON public.storefront_notification_logs USING btree (organization_id);


--
-- Name: storefront_notification_logs_organization_id_status_idx; Type: INDEX; Schema: public; Owner: waterexpress_user
--

CREATE INDEX storefront_notification_logs_organization_id_status_idx ON public.storefront_notification_logs USING btree (organization_id, status);


--
-- Name: storefront_notification_logs_status_idx; Type: INDEX; Schema: public; Owner: waterexpress_user
--

CREATE INDEX storefront_notification_logs_status_idx ON public.storefront_notification_logs USING btree (status);


--
-- Name: storefront_notification_logs_template_id_idx; Type: INDEX; Schema: public; Owner: waterexpress_user
--

CREATE INDEX storefront_notification_logs_template_id_idx ON public.storefront_notification_logs USING btree (template_id);


--
-- Name: storefront_notification_logs_website_id_idx; Type: INDEX; Schema: public; Owner: waterexpress_user
--

CREATE INDEX storefront_notification_logs_website_id_idx ON public.storefront_notification_logs USING btree (website_id);


--
-- Name: storefront_notification_logs_website_id_status_idx; Type: INDEX; Schema: public; Owner: waterexpress_user
--

CREATE INDEX storefront_notification_logs_website_id_status_idx ON public.storefront_notification_logs USING btree (website_id, status);


--
-- Name: storefront_notification_templates_key_idx; Type: INDEX; Schema: public; Owner: waterexpress_user
--

CREATE INDEX storefront_notification_templates_key_idx ON public.storefront_notification_templates USING btree (key);


--
-- Name: storefront_notification_templates_organization_id_idx; Type: INDEX; Schema: public; Owner: waterexpress_user
--

CREATE INDEX storefront_notification_templates_organization_id_idx ON public.storefront_notification_templates USING btree (organization_id);


--
-- Name: storefront_notification_templates_organization_id_status_idx; Type: INDEX; Schema: public; Owner: waterexpress_user
--

CREATE INDEX storefront_notification_templates_organization_id_status_idx ON public.storefront_notification_templates USING btree (organization_id, status);


--
-- Name: storefront_notification_templates_organization_id_website_i_key; Type: INDEX; Schema: public; Owner: waterexpress_user
--

CREATE UNIQUE INDEX storefront_notification_templates_organization_id_website_i_key ON public.storefront_notification_templates USING btree (organization_id, website_id, key, channel);


--
-- Name: storefront_notification_templates_website_id_idx; Type: INDEX; Schema: public; Owner: waterexpress_user
--

CREATE INDEX storefront_notification_templates_website_id_idx ON public.storefront_notification_templates USING btree (website_id);


--
-- Name: storefront_notification_templates_website_id_status_idx; Type: INDEX; Schema: public; Owner: waterexpress_user
--

CREATE INDEX storefront_notification_templates_website_id_status_idx ON public.storefront_notification_templates USING btree (website_id, status);


--
-- Name: storefront_order_events_created_at_idx; Type: INDEX; Schema: public; Owner: waterexpress_user
--

CREATE INDEX storefront_order_events_created_at_idx ON public.storefront_order_events USING btree (created_at);


--
-- Name: storefront_order_events_order_id_idx; Type: INDEX; Schema: public; Owner: waterexpress_user
--

CREATE INDEX storefront_order_events_order_id_idx ON public.storefront_order_events USING btree (order_id);


--
-- Name: storefront_order_lines_order_id_idx; Type: INDEX; Schema: public; Owner: waterexpress_user
--

CREATE INDEX storefront_order_lines_order_id_idx ON public.storefront_order_lines USING btree (order_id);


--
-- Name: storefront_order_lines_product_id_idx; Type: INDEX; Schema: public; Owner: waterexpress_user
--

CREATE INDEX storefront_order_lines_product_id_idx ON public.storefront_order_lines USING btree (product_id);


--
-- Name: storefront_orders_accounting_revenue_id_key; Type: INDEX; Schema: public; Owner: waterexpress_user
--

CREATE UNIQUE INDEX storefront_orders_accounting_revenue_id_key ON public.storefront_orders USING btree (accounting_revenue_id);


--
-- Name: storefront_orders_crm_customer_id_idx; Type: INDEX; Schema: public; Owner: waterexpress_user
--

CREATE INDEX storefront_orders_crm_customer_id_idx ON public.storefront_orders USING btree (crm_customer_id);


--
-- Name: storefront_orders_discount_code_id_idx; Type: INDEX; Schema: public; Owner: waterexpress_user
--

CREATE INDEX storefront_orders_discount_code_id_idx ON public.storefront_orders USING btree (discount_code_id);


--
-- Name: storefront_orders_fulfillment_assignee_user_id_idx; Type: INDEX; Schema: public; Owner: waterexpress_user
--

CREATE INDEX storefront_orders_fulfillment_assignee_user_id_idx ON public.storefront_orders USING btree (fulfillment_assignee_user_id);


--
-- Name: storefront_orders_order_number_key; Type: INDEX; Schema: public; Owner: waterexpress_user
--

CREATE UNIQUE INDEX storefront_orders_order_number_key ON public.storefront_orders USING btree (order_number);


--
-- Name: storefront_orders_organization_id_status_idx; Type: INDEX; Schema: public; Owner: waterexpress_user
--

CREATE INDEX storefront_orders_organization_id_status_idx ON public.storefront_orders USING btree (organization_id, status);


--
-- Name: storefront_orders_organization_id_website_id_idx; Type: INDEX; Schema: public; Owner: waterexpress_user
--

CREATE INDEX storefront_orders_organization_id_website_id_idx ON public.storefront_orders USING btree (organization_id, website_id);


--
-- Name: storefront_orders_status_idx; Type: INDEX; Schema: public; Owner: waterexpress_user
--

CREATE INDEX storefront_orders_status_idx ON public.storefront_orders USING btree (status);


--
-- Name: storefront_page_versions_page_id_idx; Type: INDEX; Schema: public; Owner: waterexpress_user
--

CREATE INDEX storefront_page_versions_page_id_idx ON public.storefront_page_versions USING btree (page_id);


--
-- Name: storefront_page_versions_page_id_status_idx; Type: INDEX; Schema: public; Owner: waterexpress_user
--

CREATE INDEX storefront_page_versions_page_id_status_idx ON public.storefront_page_versions USING btree (page_id, status);


--
-- Name: storefront_page_versions_page_id_version_key; Type: INDEX; Schema: public; Owner: waterexpress_user
--

CREATE UNIQUE INDEX storefront_page_versions_page_id_version_key ON public.storefront_page_versions USING btree (page_id, version);


--
-- Name: storefront_page_versions_status_idx; Type: INDEX; Schema: public; Owner: waterexpress_user
--

CREATE INDEX storefront_page_versions_status_idx ON public.storefront_page_versions USING btree (status);


--
-- Name: storefront_pages_organization_id_idx; Type: INDEX; Schema: public; Owner: waterexpress_user
--

CREATE INDEX storefront_pages_organization_id_idx ON public.storefront_pages USING btree (organization_id);


--
-- Name: storefront_pages_organization_id_status_idx; Type: INDEX; Schema: public; Owner: waterexpress_user
--

CREATE INDEX storefront_pages_organization_id_status_idx ON public.storefront_pages USING btree (organization_id, status);


--
-- Name: storefront_pages_slug_idx; Type: INDEX; Schema: public; Owner: waterexpress_user
--

CREATE INDEX storefront_pages_slug_idx ON public.storefront_pages USING btree (slug);


--
-- Name: storefront_pages_website_id_idx; Type: INDEX; Schema: public; Owner: waterexpress_user
--

CREATE INDEX storefront_pages_website_id_idx ON public.storefront_pages USING btree (website_id);


--
-- Name: storefront_pages_website_id_slug_key; Type: INDEX; Schema: public; Owner: waterexpress_user
--

CREATE UNIQUE INDEX storefront_pages_website_id_slug_key ON public.storefront_pages USING btree (website_id, slug);


--
-- Name: storefront_pages_website_id_status_idx; Type: INDEX; Schema: public; Owner: waterexpress_user
--

CREATE INDEX storefront_pages_website_id_status_idx ON public.storefront_pages USING btree (website_id, status);


--
-- Name: storefront_payment_records_order_id_idx; Type: INDEX; Schema: public; Owner: waterexpress_user
--

CREATE INDEX storefront_payment_records_order_id_idx ON public.storefront_payment_records USING btree (order_id);


--
-- Name: storefront_payment_records_status_idx; Type: INDEX; Schema: public; Owner: waterexpress_user
--

CREATE INDEX storefront_payment_records_status_idx ON public.storefront_payment_records USING btree (status);


--
-- Name: storefront_payment_records_stripe_payment_intent_id_key; Type: INDEX; Schema: public; Owner: waterexpress_user
--

CREATE UNIQUE INDEX storefront_payment_records_stripe_payment_intent_id_key ON public.storefront_payment_records USING btree (stripe_payment_intent_id);


--
-- Name: storefront_section_instances_page_version_id_idx; Type: INDEX; Schema: public; Owner: waterexpress_user
--

CREATE INDEX storefront_section_instances_page_version_id_idx ON public.storefront_section_instances USING btree (page_version_id);


--
-- Name: storefront_section_instances_page_version_id_status_idx; Type: INDEX; Schema: public; Owner: waterexpress_user
--

CREATE INDEX storefront_section_instances_page_version_id_status_idx ON public.storefront_section_instances USING btree (page_version_id, status);


--
-- Name: storefront_section_instances_theme_section_definition_id_idx; Type: INDEX; Schema: public; Owner: waterexpress_user
--

CREATE INDEX storefront_section_instances_theme_section_definition_id_idx ON public.storefront_section_instances USING btree (theme_section_definition_id);


--
-- Name: storefront_shipments_order_id_idx; Type: INDEX; Schema: public; Owner: waterexpress_user
--

CREATE INDEX storefront_shipments_order_id_idx ON public.storefront_shipments USING btree (order_id);


--
-- Name: storefront_shipping_methods_zone_id_idx; Type: INDEX; Schema: public; Owner: waterexpress_user
--

CREATE INDEX storefront_shipping_methods_zone_id_idx ON public.storefront_shipping_methods USING btree (zone_id);


--
-- Name: storefront_shipping_methods_zone_id_method_key_key; Type: INDEX; Schema: public; Owner: waterexpress_user
--

CREATE UNIQUE INDEX storefront_shipping_methods_zone_id_method_key_key ON public.storefront_shipping_methods USING btree (zone_id, method_key);


--
-- Name: storefront_shipping_zones_organization_id_idx; Type: INDEX; Schema: public; Owner: waterexpress_user
--

CREATE INDEX storefront_shipping_zones_organization_id_idx ON public.storefront_shipping_zones USING btree (organization_id);


--
-- Name: storefront_shipping_zones_website_id_idx; Type: INDEX; Schema: public; Owner: waterexpress_user
--

CREATE INDEX storefront_shipping_zones_website_id_idx ON public.storefront_shipping_zones USING btree (website_id);


--
-- Name: storefront_stock_reservations_cart_id_idx; Type: INDEX; Schema: public; Owner: waterexpress_user
--

CREATE INDEX storefront_stock_reservations_cart_id_idx ON public.storefront_stock_reservations USING btree (cart_id);


--
-- Name: storefront_stock_reservations_expires_at_idx; Type: INDEX; Schema: public; Owner: waterexpress_user
--

CREATE INDEX storefront_stock_reservations_expires_at_idx ON public.storefront_stock_reservations USING btree (expires_at);


--
-- Name: storefront_stock_reservations_organization_id_idx; Type: INDEX; Schema: public; Owner: waterexpress_user
--

CREATE INDEX storefront_stock_reservations_organization_id_idx ON public.storefront_stock_reservations USING btree (organization_id);


--
-- Name: storefront_stock_reservations_product_id_idx; Type: INDEX; Schema: public; Owner: waterexpress_user
--

CREATE INDEX storefront_stock_reservations_product_id_idx ON public.storefront_stock_reservations USING btree (product_id);


--
-- Name: storefront_tax_rules_organization_id_country_idx; Type: INDEX; Schema: public; Owner: waterexpress_user
--

CREATE INDEX storefront_tax_rules_organization_id_country_idx ON public.storefront_tax_rules USING btree (organization_id, country);


--
-- Name: storefront_tax_settings_organization_id_idx; Type: INDEX; Schema: public; Owner: waterexpress_user
--

CREATE INDEX storefront_tax_settings_organization_id_idx ON public.storefront_tax_settings USING btree (organization_id);


--
-- Name: storefront_tax_settings_website_id_idx; Type: INDEX; Schema: public; Owner: waterexpress_user
--

CREATE INDEX storefront_tax_settings_website_id_idx ON public.storefront_tax_settings USING btree (website_id);


--
-- Name: storefront_theme_block_definitions_org_section_idx; Type: INDEX; Schema: public; Owner: waterexpress_user
--

CREATE INDEX storefront_theme_block_definitions_org_section_idx ON public.storefront_theme_block_definitions USING btree (organization_id, theme_section_def_id);


--
-- Name: storefront_theme_block_definitions_organization_id_idx; Type: INDEX; Schema: public; Owner: waterexpress_user
--

CREATE INDEX storefront_theme_block_definitions_organization_id_idx ON public.storefront_theme_block_definitions USING btree (organization_id);


--
-- Name: storefront_theme_block_definitions_theme_section_def_id_idx; Type: INDEX; Schema: public; Owner: waterexpress_user
--

CREATE INDEX storefront_theme_block_definitions_theme_section_def_id_idx ON public.storefront_theme_block_definitions USING btree (theme_section_def_id);


--
-- Name: storefront_theme_block_definitions_theme_section_def_id_key_idx; Type: INDEX; Schema: public; Owner: waterexpress_user
--

CREATE INDEX storefront_theme_block_definitions_theme_section_def_id_key_idx ON public.storefront_theme_block_definitions USING btree (theme_section_def_id, key);


--
-- Name: storefront_theme_section_definitions_org_theme_version_idx; Type: INDEX; Schema: public; Owner: waterexpress_user
--

CREATE INDEX storefront_theme_section_definitions_org_theme_version_idx ON public.storefront_theme_section_definitions USING btree (organization_id, theme_version_id);


--
-- Name: storefront_theme_section_definitions_organization_id_idx; Type: INDEX; Schema: public; Owner: waterexpress_user
--

CREATE INDEX storefront_theme_section_definitions_organization_id_idx ON public.storefront_theme_section_definitions USING btree (organization_id);


--
-- Name: storefront_theme_section_definitions_theme_version_id_idx; Type: INDEX; Schema: public; Owner: waterexpress_user
--

CREATE INDEX storefront_theme_section_definitions_theme_version_id_idx ON public.storefront_theme_section_definitions USING btree (theme_version_id);


--
-- Name: storefront_theme_section_definitions_theme_version_id_key_idx; Type: INDEX; Schema: public; Owner: waterexpress_user
--

CREATE INDEX storefront_theme_section_definitions_theme_version_id_key_idx ON public.storefront_theme_section_definitions USING btree (theme_version_id, key);


--
-- Name: storefront_theme_style_tokens_org_theme_version_idx; Type: INDEX; Schema: public; Owner: waterexpress_user
--

CREATE INDEX storefront_theme_style_tokens_org_theme_version_idx ON public.storefront_theme_style_tokens USING btree (organization_id, theme_version_id);


--
-- Name: storefront_theme_style_tokens_organization_id_idx; Type: INDEX; Schema: public; Owner: waterexpress_user
--

CREATE INDEX storefront_theme_style_tokens_organization_id_idx ON public.storefront_theme_style_tokens USING btree (organization_id);


--
-- Name: storefront_theme_style_tokens_theme_version_id_idx; Type: INDEX; Schema: public; Owner: waterexpress_user
--

CREATE INDEX storefront_theme_style_tokens_theme_version_id_idx ON public.storefront_theme_style_tokens USING btree (theme_version_id);


--
-- Name: storefront_theme_style_tokens_theme_version_id_token_key_idx; Type: INDEX; Schema: public; Owner: waterexpress_user
--

CREATE INDEX storefront_theme_style_tokens_theme_version_id_token_key_idx ON public.storefront_theme_style_tokens USING btree (theme_version_id, token_key);


--
-- Name: storefront_theme_style_tokens_theme_version_token_key_idx; Type: INDEX; Schema: public; Owner: waterexpress_user
--

CREATE INDEX storefront_theme_style_tokens_theme_version_token_key_idx ON public.storefront_theme_style_tokens USING btree (theme_version_id, token_key);


--
-- Name: storefront_theme_templates_organization_id_idx; Type: INDEX; Schema: public; Owner: waterexpress_user
--

CREATE INDEX storefront_theme_templates_organization_id_idx ON public.storefront_theme_templates USING btree (organization_id);


--
-- Name: storefront_theme_templates_organization_id_slug_idx; Type: INDEX; Schema: public; Owner: waterexpress_user
--

CREATE INDEX storefront_theme_templates_organization_id_slug_idx ON public.storefront_theme_templates USING btree (organization_id, slug);


--
-- Name: storefront_theme_templates_organization_id_status_idx; Type: INDEX; Schema: public; Owner: waterexpress_user
--

CREATE INDEX storefront_theme_templates_organization_id_status_idx ON public.storefront_theme_templates USING btree (organization_id, status);


--
-- Name: storefront_theme_templates_slug_idx; Type: INDEX; Schema: public; Owner: waterexpress_user
--

CREATE INDEX storefront_theme_templates_slug_idx ON public.storefront_theme_templates USING btree (slug);


--
-- Name: storefront_theme_templates_status_idx; Type: INDEX; Schema: public; Owner: waterexpress_user
--

CREATE INDEX storefront_theme_templates_status_idx ON public.storefront_theme_templates USING btree (status);


--
-- Name: storefront_theme_versions_organization_id_idx; Type: INDEX; Schema: public; Owner: waterexpress_user
--

CREATE INDEX storefront_theme_versions_organization_id_idx ON public.storefront_theme_versions USING btree (organization_id);


--
-- Name: storefront_theme_versions_organization_id_status_idx; Type: INDEX; Schema: public; Owner: waterexpress_user
--

CREATE INDEX storefront_theme_versions_organization_id_status_idx ON public.storefront_theme_versions USING btree (organization_id, status);


--
-- Name: storefront_theme_versions_status_idx; Type: INDEX; Schema: public; Owner: waterexpress_user
--

CREATE INDEX storefront_theme_versions_status_idx ON public.storefront_theme_versions USING btree (status);


--
-- Name: storefront_theme_versions_theme_id_idx; Type: INDEX; Schema: public; Owner: waterexpress_user
--

CREATE INDEX storefront_theme_versions_theme_id_idx ON public.storefront_theme_versions USING btree (theme_id);


--
-- Name: storefront_theme_versions_theme_id_status_idx; Type: INDEX; Schema: public; Owner: waterexpress_user
--

CREATE INDEX storefront_theme_versions_theme_id_status_idx ON public.storefront_theme_versions USING btree (theme_id, status);


--
-- Name: storefront_theme_versions_theme_id_version_key; Type: INDEX; Schema: public; Owner: waterexpress_user
--

CREATE UNIQUE INDEX storefront_theme_versions_theme_id_version_key ON public.storefront_theme_versions USING btree (theme_id, version);


--
-- Name: storefront_themes_organization_id_idx; Type: INDEX; Schema: public; Owner: waterexpress_user
--

CREATE INDEX storefront_themes_organization_id_idx ON public.storefront_themes USING btree (organization_id);


--
-- Name: storefront_themes_organization_id_slug_key; Type: INDEX; Schema: public; Owner: waterexpress_user
--

CREATE UNIQUE INDEX storefront_themes_organization_id_slug_key ON public.storefront_themes USING btree (organization_id, slug);


--
-- Name: storefront_themes_organization_id_status_idx; Type: INDEX; Schema: public; Owner: waterexpress_user
--

CREATE INDEX storefront_themes_organization_id_status_idx ON public.storefront_themes USING btree (organization_id, status);


--
-- Name: storefront_themes_slug_idx; Type: INDEX; Schema: public; Owner: waterexpress_user
--

CREATE INDEX storefront_themes_slug_idx ON public.storefront_themes USING btree (slug);


--
-- Name: storefront_themes_website_id_idx; Type: INDEX; Schema: public; Owner: waterexpress_user
--

CREATE INDEX storefront_themes_website_id_idx ON public.storefront_themes USING btree (website_id);


--
-- Name: storefront_themes_website_id_status_idx; Type: INDEX; Schema: public; Owner: waterexpress_user
--

CREATE INDEX storefront_themes_website_id_status_idx ON public.storefront_themes USING btree (website_id, status);


--
-- Name: storefront_websites_organization_id_idx; Type: INDEX; Schema: public; Owner: waterexpress_user
--

CREATE INDEX storefront_websites_organization_id_idx ON public.storefront_websites USING btree (organization_id);


--
-- Name: storefront_websites_organization_id_slug_key; Type: INDEX; Schema: public; Owner: waterexpress_user
--

CREATE UNIQUE INDEX storefront_websites_organization_id_slug_key ON public.storefront_websites USING btree (organization_id, slug);


--
-- Name: storefront_websites_organization_id_status_idx; Type: INDEX; Schema: public; Owner: waterexpress_user
--

CREATE INDEX storefront_websites_organization_id_status_idx ON public.storefront_websites USING btree (organization_id, status);


--
-- Name: storefront_websites_slug_idx; Type: INDEX; Schema: public; Owner: waterexpress_user
--

CREATE INDEX storefront_websites_slug_idx ON public.storefront_websites USING btree (slug);


--
-- Name: task_comments_task_id_idx; Type: INDEX; Schema: public; Owner: waterexpress_user
--

CREATE INDEX task_comments_task_id_idx ON public.task_comments USING btree (task_id);


--
-- Name: task_stages_created_by_idx; Type: INDEX; Schema: public; Owner: waterexpress_user
--

CREATE INDEX task_stages_created_by_idx ON public.task_stages USING btree (created_by);


--
-- Name: task_subtasks_task_id_idx; Type: INDEX; Schema: public; Owner: waterexpress_user
--

CREATE INDEX task_subtasks_task_id_idx ON public.task_subtasks USING btree (task_id);


--
-- Name: user_coupons_coupon_id_user_id_idx; Type: INDEX; Schema: public; Owner: waterexpress_user
--

CREATE INDEX user_coupons_coupon_id_user_id_idx ON public.user_coupons USING btree (coupon_id, user_id);


--
-- Name: user_google_calendar_connections_organization_id_idx; Type: INDEX; Schema: public; Owner: waterexpress_user
--

CREATE INDEX user_google_calendar_connections_organization_id_idx ON public.user_google_calendar_connections USING btree (organization_id);


--
-- Name: user_google_calendar_connections_user_id_key; Type: INDEX; Schema: public; Owner: waterexpress_user
--

CREATE UNIQUE INDEX user_google_calendar_connections_user_id_key ON public.user_google_calendar_connections USING btree (user_id);


--
-- Name: users_email_key; Type: INDEX; Schema: public; Owner: waterexpress_user
--

CREATE UNIQUE INDEX users_email_key ON public.users USING btree (email);


--
-- Name: users_marketplace_vendor_id_idx; Type: INDEX; Schema: public; Owner: waterexpress_user
--

CREATE INDEX users_marketplace_vendor_id_idx ON public.users USING btree (marketplace_vendor_id);


--
-- Name: users_partner_id_idx; Type: INDEX; Schema: public; Owner: waterexpress_user
--

CREATE INDEX users_partner_id_idx ON public.users USING btree (partner_id);


--
-- Name: vendor_payments_bank_account_id_idx; Type: INDEX; Schema: public; Owner: waterexpress_user
--

CREATE INDEX vendor_payments_bank_account_id_idx ON public.vendor_payments USING btree (bank_account_id);


--
-- Name: vendor_payments_created_by_idx; Type: INDEX; Schema: public; Owner: waterexpress_user
--

CREATE INDEX vendor_payments_created_by_idx ON public.vendor_payments USING btree (created_by);


--
-- Name: vendor_payments_vendor_id_idx; Type: INDEX; Schema: public; Owner: waterexpress_user
--

CREATE INDEX vendor_payments_vendor_id_idx ON public.vendor_payments USING btree (vendor_id);


--
-- Name: vendors_created_by_idx; Type: INDEX; Schema: public; Owner: waterexpress_user
--

CREATE INDEX vendors_created_by_idx ON public.vendors USING btree (created_by);


--
-- Name: vendors_status_idx; Type: INDEX; Schema: public; Owner: waterexpress_user
--

CREATE INDEX vendors_status_idx ON public.vendors USING btree (status);


--
-- Name: wa_event_notifications_event_key; Type: INDEX; Schema: public; Owner: waterexpress_user
--

CREATE UNIQUE INDEX wa_event_notifications_event_key ON public.wa_event_notifications USING btree (event);


--
-- Name: wa_messages_contact_id_idx; Type: INDEX; Schema: public; Owner: waterexpress_user
--

CREATE INDEX wa_messages_contact_id_idx ON public.wa_messages USING btree (contact_id);


--
-- Name: wa_settings_key_key; Type: INDEX; Schema: public; Owner: waterexpress_user
--

CREATE UNIQUE INDEX wa_settings_key_key ON public.wa_settings USING btree (key);


--
-- Name: warehouses_created_by_idx; Type: INDEX; Schema: public; Owner: waterexpress_user
--

CREATE INDEX warehouses_created_by_idx ON public.warehouses USING btree (created_by);


--
-- Name: waterice_memberships_published_idx; Type: INDEX; Schema: public; Owner: waterexpress_user
--

CREATE INDEX waterice_memberships_published_idx ON public.waterice_memberships USING btree (published);


--
-- Name: waterice_memberships_slug_key; Type: INDEX; Schema: public; Owner: waterexpress_user
--

CREATE UNIQUE INDEX waterice_memberships_slug_key ON public.waterice_memberships USING btree (slug);


--
-- Name: appointment_callbacks appointment_callbacks_appointment_id_fkey; Type: FK CONSTRAINT; Schema: public; Owner: waterexpress_user
--

ALTER TABLE ONLY public.appointment_callbacks
    ADD CONSTRAINT appointment_callbacks_appointment_id_fkey FOREIGN KEY (appointment_id) REFERENCES public.appointments(id) ON UPDATE CASCADE ON DELETE SET NULL;


--
-- Name: appointment_callbacks appointment_callbacks_schedule_id_fkey; Type: FK CONSTRAINT; Schema: public; Owner: waterexpress_user
--

ALTER TABLE ONLY public.appointment_callbacks
    ADD CONSTRAINT appointment_callbacks_schedule_id_fkey FOREIGN KEY (schedule_id) REFERENCES public.schedules(id) ON UPDATE CASCADE ON DELETE CASCADE;


--
-- Name: asset_assignments asset_assignments_asset_id_fkey; Type: FK CONSTRAINT; Schema: public; Owner: waterexpress_user
--

ALTER TABLE ONLY public.asset_assignments
    ADD CONSTRAINT asset_assignments_asset_id_fkey FOREIGN KEY (asset_id) REFERENCES public.assets(id) ON UPDATE CASCADE ON DELETE CASCADE;


--
-- Name: asset_borrow_payments asset_borrow_payments_borrow_rent_id_fkey; Type: FK CONSTRAINT; Schema: public; Owner: waterexpress_user
--

ALTER TABLE ONLY public.asset_borrow_payments
    ADD CONSTRAINT asset_borrow_payments_borrow_rent_id_fkey FOREIGN KEY (borrow_rent_id) REFERENCES public.asset_borrow_rents(id) ON UPDATE CASCADE ON DELETE CASCADE;


--
-- Name: asset_borrow_rents asset_borrow_rents_asset_id_fkey; Type: FK CONSTRAINT; Schema: public; Owner: waterexpress_user
--

ALTER TABLE ONLY public.asset_borrow_rents
    ADD CONSTRAINT asset_borrow_rents_asset_id_fkey FOREIGN KEY (asset_id) REFERENCES public.assets(id) ON UPDATE CASCADE ON DELETE CASCADE;


--
-- Name: asset_depreciations asset_depreciations_asset_id_fkey; Type: FK CONSTRAINT; Schema: public; Owner: waterexpress_user
--

ALTER TABLE ONLY public.asset_depreciations
    ADD CONSTRAINT asset_depreciations_asset_id_fkey FOREIGN KEY (asset_id) REFERENCES public.assets(id) ON UPDATE CASCADE ON DELETE CASCADE;


--
-- Name: asset_locations asset_locations_parent_id_fkey; Type: FK CONSTRAINT; Schema: public; Owner: waterexpress_user
--

ALTER TABLE ONLY public.asset_locations
    ADD CONSTRAINT asset_locations_parent_id_fkey FOREIGN KEY (parent_id) REFERENCES public.asset_locations(id) ON UPDATE CASCADE ON DELETE SET NULL;


--
-- Name: asset_maintenances asset_maintenances_asset_id_fkey; Type: FK CONSTRAINT; Schema: public; Owner: waterexpress_user
--

ALTER TABLE ONLY public.asset_maintenances
    ADD CONSTRAINT asset_maintenances_asset_id_fkey FOREIGN KEY (asset_id) REFERENCES public.assets(id) ON UPDATE CASCADE ON DELETE CASCADE;


--
-- Name: assets assets_category_id_fkey; Type: FK CONSTRAINT; Schema: public; Owner: waterexpress_user
--

ALTER TABLE ONLY public.assets
    ADD CONSTRAINT assets_category_id_fkey FOREIGN KEY (category_id) REFERENCES public.asset_categories(id) ON UPDATE CASCADE ON DELETE SET NULL;


--
-- Name: assets assets_location_id_fkey; Type: FK CONSTRAINT; Schema: public; Owner: waterexpress_user
--

ALTER TABLE ONLY public.assets
    ADD CONSTRAINT assets_location_id_fkey FOREIGN KEY (location_id) REFERENCES public.asset_locations(id) ON UPDATE CASCADE ON DELETE SET NULL;


--
-- Name: bug_comments bug_comments_bug_id_fkey; Type: FK CONSTRAINT; Schema: public; Owner: waterexpress_user
--

ALTER TABLE ONLY public.bug_comments
    ADD CONSTRAINT bug_comments_bug_id_fkey FOREIGN KEY (bug_id) REFERENCES public.project_bugs(id) ON UPDATE CASCADE ON DELETE CASCADE;


--
-- Name: business_module_features business_module_features_business_module_id_fkey; Type: FK CONSTRAINT; Schema: public; Owner: waterexpress_user
--

ALTER TABLE ONLY public.business_module_features
    ADD CONSTRAINT business_module_features_business_module_id_fkey FOREIGN KEY (business_module_id) REFERENCES public.business_modules(id) ON UPDATE CASCADE ON DELETE CASCADE;


--
-- Name: candidate_assessments candidate_assessments_candidate_id_fkey; Type: FK CONSTRAINT; Schema: public; Owner: waterexpress_user
--

ALTER TABLE ONLY public.candidate_assessments
    ADD CONSTRAINT candidate_assessments_candidate_id_fkey FOREIGN KEY (candidate_id) REFERENCES public.candidates(id) ON UPDATE CASCADE ON DELETE SET NULL;


--
-- Name: candidate_onboardings candidate_onboardings_candidate_id_fkey; Type: FK CONSTRAINT; Schema: public; Owner: waterexpress_user
--

ALTER TABLE ONLY public.candidate_onboardings
    ADD CONSTRAINT candidate_onboardings_candidate_id_fkey FOREIGN KEY (candidate_id) REFERENCES public.candidates(id) ON UPDATE CASCADE ON DELETE CASCADE;


--
-- Name: candidate_onboardings candidate_onboardings_checklist_id_fkey; Type: FK CONSTRAINT; Schema: public; Owner: waterexpress_user
--

ALTER TABLE ONLY public.candidate_onboardings
    ADD CONSTRAINT candidate_onboardings_checklist_id_fkey FOREIGN KEY (checklist_id) REFERENCES public.onboarding_checklists(id) ON UPDATE CASCADE ON DELETE CASCADE;


--
-- Name: candidates candidates_job_id_fkey; Type: FK CONSTRAINT; Schema: public; Owner: waterexpress_user
--

ALTER TABLE ONLY public.candidates
    ADD CONSTRAINT candidates_job_id_fkey FOREIGN KEY (job_id) REFERENCES public.job_postings(id) ON UPDATE CASCADE ON DELETE SET NULL;


--
-- Name: candidates candidates_source_id_fkey; Type: FK CONSTRAINT; Schema: public; Owner: waterexpress_user
--

ALTER TABLE ONLY public.candidates
    ADD CONSTRAINT candidates_source_id_fkey FOREIGN KEY (source_id) REFERENCES public.candidate_sources(id) ON UPDATE CASCADE ON DELETE SET NULL;


--
-- Name: ch_favorites ch_favorites_favorite_id_fkey; Type: FK CONSTRAINT; Schema: public; Owner: waterexpress_user
--

ALTER TABLE ONLY public.ch_favorites
    ADD CONSTRAINT ch_favorites_favorite_id_fkey FOREIGN KEY (favorite_id) REFERENCES public.users(id) ON UPDATE CASCADE ON DELETE CASCADE;


--
-- Name: ch_favorites ch_favorites_user_id_fkey; Type: FK CONSTRAINT; Schema: public; Owner: waterexpress_user
--

ALTER TABLE ONLY public.ch_favorites
    ADD CONSTRAINT ch_favorites_user_id_fkey FOREIGN KEY (user_id) REFERENCES public.users(id) ON UPDATE CASCADE ON DELETE CASCADE;


--
-- Name: ch_messages ch_messages_from_id_fkey; Type: FK CONSTRAINT; Schema: public; Owner: waterexpress_user
--

ALTER TABLE ONLY public.ch_messages
    ADD CONSTRAINT ch_messages_from_id_fkey FOREIGN KEY (from_id) REFERENCES public.users(id) ON UPDATE CASCADE ON DELETE CASCADE;


--
-- Name: ch_messages ch_messages_to_id_fkey; Type: FK CONSTRAINT; Schema: public; Owner: waterexpress_user
--

ALTER TABLE ONLY public.ch_messages
    ADD CONSTRAINT ch_messages_to_id_fkey FOREIGN KEY (to_id) REFERENCES public.users(id) ON UPDATE CASCADE ON DELETE CASCADE;


--
-- Name: checklist_items checklist_items_checklist_id_fkey; Type: FK CONSTRAINT; Schema: public; Owner: waterexpress_user
--

ALTER TABLE ONLY public.checklist_items
    ADD CONSTRAINT checklist_items_checklist_id_fkey FOREIGN KEY (checklist_id) REFERENCES public.onboarding_checklists(id) ON UPDATE CASCADE ON DELETE CASCADE;


--
-- Name: crm_deal_activities crm_deal_activities_deal_id_fkey; Type: FK CONSTRAINT; Schema: public; Owner: waterexpress_user
--

ALTER TABLE ONLY public.crm_deal_activities
    ADD CONSTRAINT crm_deal_activities_deal_id_fkey FOREIGN KEY (deal_id) REFERENCES public.crm_deals(id) ON UPDATE CASCADE ON DELETE CASCADE;


--
-- Name: crm_deals crm_deals_lead_id_fkey; Type: FK CONSTRAINT; Schema: public; Owner: waterexpress_user
--

ALTER TABLE ONLY public.crm_deals
    ADD CONSTRAINT crm_deals_lead_id_fkey FOREIGN KEY (lead_id) REFERENCES public.crm_leads(id) ON UPDATE CASCADE ON DELETE SET NULL;


--
-- Name: crm_deals crm_deals_pipeline_id_fkey; Type: FK CONSTRAINT; Schema: public; Owner: waterexpress_user
--

ALTER TABLE ONLY public.crm_deals
    ADD CONSTRAINT crm_deals_pipeline_id_fkey FOREIGN KEY (pipeline_id) REFERENCES public.crm_pipelines(id) ON UPDATE CASCADE ON DELETE SET NULL;


--
-- Name: crm_deals crm_deals_stage_id_fkey; Type: FK CONSTRAINT; Schema: public; Owner: waterexpress_user
--

ALTER TABLE ONLY public.crm_deals
    ADD CONSTRAINT crm_deals_stage_id_fkey FOREIGN KEY (stage_id) REFERENCES public.crm_pipeline_stages(id) ON UPDATE CASCADE ON DELETE SET NULL;


--
-- Name: crm_lead_activities crm_lead_activities_lead_id_fkey; Type: FK CONSTRAINT; Schema: public; Owner: waterexpress_user
--

ALTER TABLE ONLY public.crm_lead_activities
    ADD CONSTRAINT crm_lead_activities_lead_id_fkey FOREIGN KEY (lead_id) REFERENCES public.crm_leads(id) ON UPDATE CASCADE ON DELETE CASCADE;


--
-- Name: crm_leads crm_leads_pipeline_id_fkey; Type: FK CONSTRAINT; Schema: public; Owner: waterexpress_user
--

ALTER TABLE ONLY public.crm_leads
    ADD CONSTRAINT crm_leads_pipeline_id_fkey FOREIGN KEY (pipeline_id) REFERENCES public.crm_pipelines(id) ON UPDATE CASCADE ON DELETE SET NULL;


--
-- Name: crm_leads crm_leads_stage_id_fkey; Type: FK CONSTRAINT; Schema: public; Owner: waterexpress_user
--

ALTER TABLE ONLY public.crm_leads
    ADD CONSTRAINT crm_leads_stage_id_fkey FOREIGN KEY (stage_id) REFERENCES public.crm_pipeline_stages(id) ON UPDATE CASCADE ON DELETE SET NULL;


--
-- Name: crm_pipeline_stages crm_pipeline_stages_pipeline_id_fkey; Type: FK CONSTRAINT; Schema: public; Owner: waterexpress_user
--

ALTER TABLE ONLY public.crm_pipeline_stages
    ADD CONSTRAINT crm_pipeline_stages_pipeline_id_fkey FOREIGN KEY (pipeline_id) REFERENCES public.crm_pipelines(id) ON UPDATE CASCADE ON DELETE CASCADE;


--
-- Name: em_cost_adjustments em_cost_adjustments_organization_id_fkey; Type: FK CONSTRAINT; Schema: public; Owner: waterexpress_user
--

ALTER TABLE ONLY public.em_cost_adjustments
    ADD CONSTRAINT em_cost_adjustments_organization_id_fkey FOREIGN KEY (organization_id) REFERENCES public.users(id) ON UPDATE CASCADE ON DELETE CASCADE;


--
-- Name: em_expense_categories em_expense_categories_organization_id_fkey; Type: FK CONSTRAINT; Schema: public; Owner: waterexpress_user
--

ALTER TABLE ONLY public.em_expense_categories
    ADD CONSTRAINT em_expense_categories_organization_id_fkey FOREIGN KEY (organization_id) REFERENCES public.users(id) ON UPDATE CASCADE ON DELETE CASCADE;


--
-- Name: em_expense_lines em_expense_lines_organization_id_fkey; Type: FK CONSTRAINT; Schema: public; Owner: waterexpress_user
--

ALTER TABLE ONLY public.em_expense_lines
    ADD CONSTRAINT em_expense_lines_organization_id_fkey FOREIGN KEY (organization_id) REFERENCES public.users(id) ON UPDATE CASCADE ON DELETE CASCADE;


--
-- Name: em_expense_lines em_expense_lines_report_id_fkey; Type: FK CONSTRAINT; Schema: public; Owner: waterexpress_user
--

ALTER TABLE ONLY public.em_expense_lines
    ADD CONSTRAINT em_expense_lines_report_id_fkey FOREIGN KEY (report_id) REFERENCES public.em_expense_reports(id) ON UPDATE CASCADE ON DELETE SET NULL;


--
-- Name: em_expense_reports em_expense_reports_organization_id_fkey; Type: FK CONSTRAINT; Schema: public; Owner: waterexpress_user
--

ALTER TABLE ONLY public.em_expense_reports
    ADD CONSTRAINT em_expense_reports_organization_id_fkey FOREIGN KEY (organization_id) REFERENCES public.users(id) ON UPDATE CASCADE ON DELETE CASCADE;


--
-- Name: em_time_entries em_time_entries_organization_id_fkey; Type: FK CONSTRAINT; Schema: public; Owner: waterexpress_user
--

ALTER TABLE ONLY public.em_time_entries
    ADD CONSTRAINT em_time_entries_organization_id_fkey FOREIGN KEY (organization_id) REFERENCES public.users(id) ON UPDATE CASCADE ON DELETE CASCADE;


--
-- Name: em_workspace_context em_workspace_context_organization_id_fkey; Type: FK CONSTRAINT; Schema: public; Owner: waterexpress_user
--

ALTER TABLE ONLY public.em_workspace_context
    ADD CONSTRAINT em_workspace_context_organization_id_fkey FOREIGN KEY (organization_id) REFERENCES public.users(id) ON UPDATE CASCADE ON DELETE CASCADE;


--
-- Name: em_workspace_documents em_workspace_documents_organization_id_fkey; Type: FK CONSTRAINT; Schema: public; Owner: waterexpress_user
--

ALTER TABLE ONLY public.em_workspace_documents
    ADD CONSTRAINT em_workspace_documents_organization_id_fkey FOREIGN KEY (organization_id) REFERENCES public.users(id) ON UPDATE CASCADE ON DELETE CASCADE;


--
-- Name: em_workspace_documents em_workspace_documents_uploaded_by_user_id_fkey; Type: FK CONSTRAINT; Schema: public; Owner: waterexpress_user
--

ALTER TABLE ONLY public.em_workspace_documents
    ADD CONSTRAINT em_workspace_documents_uploaded_by_user_id_fkey FOREIGN KEY (uploaded_by_user_id) REFERENCES public.users(id) ON UPDATE CASCADE ON DELETE SET NULL;


--
-- Name: em_workspace_notes em_workspace_notes_created_by_user_id_fkey; Type: FK CONSTRAINT; Schema: public; Owner: waterexpress_user
--

ALTER TABLE ONLY public.em_workspace_notes
    ADD CONSTRAINT em_workspace_notes_created_by_user_id_fkey FOREIGN KEY (created_by_user_id) REFERENCES public.users(id) ON UPDATE CASCADE ON DELETE SET NULL;


--
-- Name: em_workspace_notes em_workspace_notes_organization_id_fkey; Type: FK CONSTRAINT; Schema: public; Owner: waterexpress_user
--

ALTER TABLE ONLY public.em_workspace_notes
    ADD CONSTRAINT em_workspace_notes_organization_id_fkey FOREIGN KEY (organization_id) REFERENCES public.users(id) ON UPDATE CASCADE ON DELETE CASCADE;


--
-- Name: form_conversions form_conversions_form_id_fkey; Type: FK CONSTRAINT; Schema: public; Owner: waterexpress_user
--

ALTER TABLE ONLY public.form_conversions
    ADD CONSTRAINT form_conversions_form_id_fkey FOREIGN KEY (form_id) REFERENCES public.forms(id) ON UPDATE CASCADE ON DELETE CASCADE;


--
-- Name: form_fields form_fields_form_id_fkey; Type: FK CONSTRAINT; Schema: public; Owner: waterexpress_user
--

ALTER TABLE ONLY public.form_fields
    ADD CONSTRAINT form_fields_form_id_fkey FOREIGN KEY (form_id) REFERENCES public.forms(id) ON UPDATE CASCADE ON DELETE CASCADE;


--
-- Name: form_responses form_responses_form_id_fkey; Type: FK CONSTRAINT; Schema: public; Owner: waterexpress_user
--

ALTER TABLE ONLY public.form_responses
    ADD CONSTRAINT form_responses_form_id_fkey FOREIGN KEY (form_id) REFERENCES public.forms(id) ON UPDATE CASCADE ON DELETE CASCADE;


--
-- Name: gantt_hour_entries gantt_hour_entries_project_id_fkey; Type: FK CONSTRAINT; Schema: public; Owner: waterexpress_user
--

ALTER TABLE ONLY public.gantt_hour_entries
    ADD CONSTRAINT gantt_hour_entries_project_id_fkey FOREIGN KEY (project_id) REFERENCES public.gantt_projects(id) ON UPDATE CASCADE ON DELETE CASCADE;


--
-- Name: gantt_project_locations gantt_project_locations_project_id_fkey; Type: FK CONSTRAINT; Schema: public; Owner: waterexpress_user
--

ALTER TABLE ONLY public.gantt_project_locations
    ADD CONSTRAINT gantt_project_locations_project_id_fkey FOREIGN KEY (project_id) REFERENCES public.gantt_projects(id) ON UPDATE CASCADE ON DELETE CASCADE;


--
-- Name: gantt_project_staff gantt_project_staff_location_id_fkey; Type: FK CONSTRAINT; Schema: public; Owner: waterexpress_user
--

ALTER TABLE ONLY public.gantt_project_staff
    ADD CONSTRAINT gantt_project_staff_location_id_fkey FOREIGN KEY (location_id) REFERENCES public.gantt_project_locations(id) ON UPDATE CASCADE ON DELETE CASCADE;


--
-- Name: gantt_project_staff gantt_project_staff_project_id_fkey; Type: FK CONSTRAINT; Schema: public; Owner: waterexpress_user
--

ALTER TABLE ONLY public.gantt_project_staff
    ADD CONSTRAINT gantt_project_staff_project_id_fkey FOREIGN KEY (project_id) REFERENCES public.gantt_projects(id) ON UPDATE CASCADE ON DELETE CASCADE;


--
-- Name: gantt_project_staff gantt_project_staff_staff_id_fkey; Type: FK CONSTRAINT; Schema: public; Owner: waterexpress_user
--

ALTER TABLE ONLY public.gantt_project_staff
    ADD CONSTRAINT gantt_project_staff_staff_id_fkey FOREIGN KEY (staff_id) REFERENCES public.gantt_staff(id) ON UPDATE CASCADE ON DELETE SET NULL;


--
-- Name: gantt_project_subs gantt_project_subs_location_id_fkey; Type: FK CONSTRAINT; Schema: public; Owner: waterexpress_user
--

ALTER TABLE ONLY public.gantt_project_subs
    ADD CONSTRAINT gantt_project_subs_location_id_fkey FOREIGN KEY (location_id) REFERENCES public.gantt_project_locations(id) ON UPDATE CASCADE ON DELETE CASCADE;


--
-- Name: gantt_project_subs gantt_project_subs_project_id_fkey; Type: FK CONSTRAINT; Schema: public; Owner: waterexpress_user
--

ALTER TABLE ONLY public.gantt_project_subs
    ADD CONSTRAINT gantt_project_subs_project_id_fkey FOREIGN KEY (project_id) REFERENCES public.gantt_projects(id) ON UPDATE CASCADE ON DELETE CASCADE;


--
-- Name: gantt_project_subs gantt_project_subs_sub_id_fkey; Type: FK CONSTRAINT; Schema: public; Owner: waterexpress_user
--

ALTER TABLE ONLY public.gantt_project_subs
    ADD CONSTRAINT gantt_project_subs_sub_id_fkey FOREIGN KEY (sub_id) REFERENCES public.gantt_subs(id) ON UPDATE CASCADE ON DELETE SET NULL;


--
-- Name: hrm_acknowledgments hrm_acknowledgments_employee_id_fkey; Type: FK CONSTRAINT; Schema: public; Owner: waterexpress_user
--

ALTER TABLE ONLY public.hrm_acknowledgments
    ADD CONSTRAINT hrm_acknowledgments_employee_id_fkey FOREIGN KEY (employee_id) REFERENCES public.hrm_employees(id) ON UPDATE CASCADE ON DELETE CASCADE;


--
-- Name: hrm_attendances hrm_attendances_employee_id_fkey; Type: FK CONSTRAINT; Schema: public; Owner: waterexpress_user
--

ALTER TABLE ONLY public.hrm_attendances
    ADD CONSTRAINT hrm_attendances_employee_id_fkey FOREIGN KEY (employee_id) REFERENCES public.hrm_employees(id) ON UPDATE CASCADE ON DELETE CASCADE;


--
-- Name: hrm_awards hrm_awards_award_type_id_fkey; Type: FK CONSTRAINT; Schema: public; Owner: waterexpress_user
--

ALTER TABLE ONLY public.hrm_awards
    ADD CONSTRAINT hrm_awards_award_type_id_fkey FOREIGN KEY (award_type_id) REFERENCES public.hrm_award_types(id) ON UPDATE CASCADE ON DELETE CASCADE;


--
-- Name: hrm_awards hrm_awards_employee_id_fkey; Type: FK CONSTRAINT; Schema: public; Owner: waterexpress_user
--

ALTER TABLE ONLY public.hrm_awards
    ADD CONSTRAINT hrm_awards_employee_id_fkey FOREIGN KEY (employee_id) REFERENCES public.hrm_employees(id) ON UPDATE CASCADE ON DELETE CASCADE;


--
-- Name: hrm_complaints hrm_complaints_against_id_fkey; Type: FK CONSTRAINT; Schema: public; Owner: waterexpress_user
--

ALTER TABLE ONLY public.hrm_complaints
    ADD CONSTRAINT hrm_complaints_against_id_fkey FOREIGN KEY (against_id) REFERENCES public.hrm_employees(id) ON UPDATE CASCADE ON DELETE CASCADE;


--
-- Name: hrm_complaints hrm_complaints_complainant_id_fkey; Type: FK CONSTRAINT; Schema: public; Owner: waterexpress_user
--

ALTER TABLE ONLY public.hrm_complaints
    ADD CONSTRAINT hrm_complaints_complainant_id_fkey FOREIGN KEY (complainant_id) REFERENCES public.hrm_employees(id) ON UPDATE CASCADE ON DELETE CASCADE;


--
-- Name: hrm_departments hrm_departments_branch_id_fkey; Type: FK CONSTRAINT; Schema: public; Owner: waterexpress_user
--

ALTER TABLE ONLY public.hrm_departments
    ADD CONSTRAINT hrm_departments_branch_id_fkey FOREIGN KEY (branch_id) REFERENCES public.hrm_branches(id) ON UPDATE CASCADE ON DELETE SET NULL;


--
-- Name: hrm_designations hrm_designations_department_id_fkey; Type: FK CONSTRAINT; Schema: public; Owner: waterexpress_user
--

ALTER TABLE ONLY public.hrm_designations
    ADD CONSTRAINT hrm_designations_department_id_fkey FOREIGN KEY (department_id) REFERENCES public.hrm_departments(id) ON UPDATE CASCADE ON DELETE SET NULL;


--
-- Name: hrm_documents hrm_documents_employee_id_fkey; Type: FK CONSTRAINT; Schema: public; Owner: waterexpress_user
--

ALTER TABLE ONLY public.hrm_documents
    ADD CONSTRAINT hrm_documents_employee_id_fkey FOREIGN KEY (employee_id) REFERENCES public.hrm_employees(id) ON UPDATE CASCADE ON DELETE CASCADE;


--
-- Name: hrm_employees hrm_employees_branch_id_fkey; Type: FK CONSTRAINT; Schema: public; Owner: waterexpress_user
--

ALTER TABLE ONLY public.hrm_employees
    ADD CONSTRAINT hrm_employees_branch_id_fkey FOREIGN KEY (branch_id) REFERENCES public.hrm_branches(id) ON UPDATE CASCADE ON DELETE SET NULL;


--
-- Name: hrm_employees hrm_employees_department_id_fkey; Type: FK CONSTRAINT; Schema: public; Owner: waterexpress_user
--

ALTER TABLE ONLY public.hrm_employees
    ADD CONSTRAINT hrm_employees_department_id_fkey FOREIGN KEY (department_id) REFERENCES public.hrm_departments(id) ON UPDATE CASCADE ON DELETE SET NULL;


--
-- Name: hrm_employees hrm_employees_designation_id_fkey; Type: FK CONSTRAINT; Schema: public; Owner: waterexpress_user
--

ALTER TABLE ONLY public.hrm_employees
    ADD CONSTRAINT hrm_employees_designation_id_fkey FOREIGN KEY (designation_id) REFERENCES public.hrm_designations(id) ON UPDATE CASCADE ON DELETE SET NULL;


--
-- Name: hrm_employees hrm_employees_shift_id_fkey; Type: FK CONSTRAINT; Schema: public; Owner: waterexpress_user
--

ALTER TABLE ONLY public.hrm_employees
    ADD CONSTRAINT hrm_employees_shift_id_fkey FOREIGN KEY (shift_id) REFERENCES public.hrm_shifts(id) ON UPDATE CASCADE ON DELETE SET NULL;


--
-- Name: hrm_leave_applications hrm_leave_applications_employee_id_fkey; Type: FK CONSTRAINT; Schema: public; Owner: waterexpress_user
--

ALTER TABLE ONLY public.hrm_leave_applications
    ADD CONSTRAINT hrm_leave_applications_employee_id_fkey FOREIGN KEY (employee_id) REFERENCES public.hrm_employees(id) ON UPDATE CASCADE ON DELETE CASCADE;


--
-- Name: hrm_leave_applications hrm_leave_applications_leave_type_id_fkey; Type: FK CONSTRAINT; Schema: public; Owner: waterexpress_user
--

ALTER TABLE ONLY public.hrm_leave_applications
    ADD CONSTRAINT hrm_leave_applications_leave_type_id_fkey FOREIGN KEY (leave_type_id) REFERENCES public.hrm_leave_types(id) ON UPDATE CASCADE ON DELETE CASCADE;


--
-- Name: hrm_payrolls hrm_payrolls_employee_id_fkey; Type: FK CONSTRAINT; Schema: public; Owner: waterexpress_user
--

ALTER TABLE ONLY public.hrm_payrolls
    ADD CONSTRAINT hrm_payrolls_employee_id_fkey FOREIGN KEY (employee_id) REFERENCES public.hrm_employees(id) ON UPDATE CASCADE ON DELETE CASCADE;


--
-- Name: hrm_promotions hrm_promotions_employee_id_fkey; Type: FK CONSTRAINT; Schema: public; Owner: waterexpress_user
--

ALTER TABLE ONLY public.hrm_promotions
    ADD CONSTRAINT hrm_promotions_employee_id_fkey FOREIGN KEY (employee_id) REFERENCES public.hrm_employees(id) ON UPDATE CASCADE ON DELETE CASCADE;


--
-- Name: hrm_promotions hrm_promotions_from_designation_id_fkey; Type: FK CONSTRAINT; Schema: public; Owner: waterexpress_user
--

ALTER TABLE ONLY public.hrm_promotions
    ADD CONSTRAINT hrm_promotions_from_designation_id_fkey FOREIGN KEY (from_designation_id) REFERENCES public.hrm_designations(id) ON UPDATE CASCADE ON DELETE SET NULL;


--
-- Name: hrm_promotions hrm_promotions_to_designation_id_fkey; Type: FK CONSTRAINT; Schema: public; Owner: waterexpress_user
--

ALTER TABLE ONLY public.hrm_promotions
    ADD CONSTRAINT hrm_promotions_to_designation_id_fkey FOREIGN KEY (to_designation_id) REFERENCES public.hrm_designations(id) ON UPDATE CASCADE ON DELETE SET NULL;


--
-- Name: hrm_resignations hrm_resignations_employee_id_fkey; Type: FK CONSTRAINT; Schema: public; Owner: waterexpress_user
--

ALTER TABLE ONLY public.hrm_resignations
    ADD CONSTRAINT hrm_resignations_employee_id_fkey FOREIGN KEY (employee_id) REFERENCES public.hrm_employees(id) ON UPDATE CASCADE ON DELETE CASCADE;


--
-- Name: hrm_salary_allocations hrm_salary_allocations_employee_id_fkey; Type: FK CONSTRAINT; Schema: public; Owner: waterexpress_user
--

ALTER TABLE ONLY public.hrm_salary_allocations
    ADD CONSTRAINT hrm_salary_allocations_employee_id_fkey FOREIGN KEY (employee_id) REFERENCES public.hrm_employees(id) ON UPDATE CASCADE ON DELETE CASCADE;


--
-- Name: hrm_terminations hrm_terminations_employee_id_fkey; Type: FK CONSTRAINT; Schema: public; Owner: waterexpress_user
--

ALTER TABLE ONLY public.hrm_terminations
    ADD CONSTRAINT hrm_terminations_employee_id_fkey FOREIGN KEY (employee_id) REFERENCES public.hrm_employees(id) ON UPDATE CASCADE ON DELETE CASCADE;


--
-- Name: hrm_transfers hrm_transfers_employee_id_fkey; Type: FK CONSTRAINT; Schema: public; Owner: waterexpress_user
--

ALTER TABLE ONLY public.hrm_transfers
    ADD CONSTRAINT hrm_transfers_employee_id_fkey FOREIGN KEY (employee_id) REFERENCES public.hrm_employees(id) ON UPDATE CASCADE ON DELETE CASCADE;


--
-- Name: hrm_transfers hrm_transfers_from_branch_id_fkey; Type: FK CONSTRAINT; Schema: public; Owner: waterexpress_user
--

ALTER TABLE ONLY public.hrm_transfers
    ADD CONSTRAINT hrm_transfers_from_branch_id_fkey FOREIGN KEY (from_branch_id) REFERENCES public.hrm_branches(id) ON UPDATE CASCADE ON DELETE SET NULL;


--
-- Name: hrm_transfers hrm_transfers_from_department_id_fkey; Type: FK CONSTRAINT; Schema: public; Owner: waterexpress_user
--

ALTER TABLE ONLY public.hrm_transfers
    ADD CONSTRAINT hrm_transfers_from_department_id_fkey FOREIGN KEY (from_department_id) REFERENCES public.hrm_departments(id) ON UPDATE CASCADE ON DELETE SET NULL;


--
-- Name: hrm_transfers hrm_transfers_to_branch_id_fkey; Type: FK CONSTRAINT; Schema: public; Owner: waterexpress_user
--

ALTER TABLE ONLY public.hrm_transfers
    ADD CONSTRAINT hrm_transfers_to_branch_id_fkey FOREIGN KEY (to_branch_id) REFERENCES public.hrm_branches(id) ON UPDATE CASCADE ON DELETE SET NULL;


--
-- Name: hrm_transfers hrm_transfers_to_department_id_fkey; Type: FK CONSTRAINT; Schema: public; Owner: waterexpress_user
--

ALTER TABLE ONLY public.hrm_transfers
    ADD CONSTRAINT hrm_transfers_to_department_id_fkey FOREIGN KEY (to_department_id) REFERENCES public.hrm_departments(id) ON UPDATE CASCADE ON DELETE SET NULL;


--
-- Name: hrm_warnings hrm_warnings_employee_id_fkey; Type: FK CONSTRAINT; Schema: public; Owner: waterexpress_user
--

ALTER TABLE ONLY public.hrm_warnings
    ADD CONSTRAINT hrm_warnings_employee_id_fkey FOREIGN KEY (employee_id) REFERENCES public.hrm_employees(id) ON UPDATE CASCADE ON DELETE CASCADE;


--
-- Name: interview_feedbacks interview_feedbacks_interview_id_fkey; Type: FK CONSTRAINT; Schema: public; Owner: waterexpress_user
--

ALTER TABLE ONLY public.interview_feedbacks
    ADD CONSTRAINT interview_feedbacks_interview_id_fkey FOREIGN KEY (interview_id) REFERENCES public.interviews(id) ON UPDATE CASCADE ON DELETE SET NULL;


--
-- Name: interview_rounds interview_rounds_job_id_fkey; Type: FK CONSTRAINT; Schema: public; Owner: waterexpress_user
--

ALTER TABLE ONLY public.interview_rounds
    ADD CONSTRAINT interview_rounds_job_id_fkey FOREIGN KEY (job_id) REFERENCES public.job_postings(id) ON UPDATE CASCADE ON DELETE SET NULL;


--
-- Name: interviews interviews_candidate_id_fkey; Type: FK CONSTRAINT; Schema: public; Owner: waterexpress_user
--

ALTER TABLE ONLY public.interviews
    ADD CONSTRAINT interviews_candidate_id_fkey FOREIGN KEY (candidate_id) REFERENCES public.candidates(id) ON UPDATE CASCADE ON DELETE SET NULL;


--
-- Name: interviews interviews_interview_type_id_fkey; Type: FK CONSTRAINT; Schema: public; Owner: waterexpress_user
--

ALTER TABLE ONLY public.interviews
    ADD CONSTRAINT interviews_interview_type_id_fkey FOREIGN KEY (interview_type_id) REFERENCES public.interview_types(id) ON UPDATE CASCADE ON DELETE SET NULL;


--
-- Name: interviews interviews_job_id_fkey; Type: FK CONSTRAINT; Schema: public; Owner: waterexpress_user
--

ALTER TABLE ONLY public.interviews
    ADD CONSTRAINT interviews_job_id_fkey FOREIGN KEY (job_id) REFERENCES public.job_postings(id) ON UPDATE CASCADE ON DELETE SET NULL;


--
-- Name: interviews interviews_round_id_fkey; Type: FK CONSTRAINT; Schema: public; Owner: waterexpress_user
--

ALTER TABLE ONLY public.interviews
    ADD CONSTRAINT interviews_round_id_fkey FOREIGN KEY (round_id) REFERENCES public.interview_rounds(id) ON UPDATE CASCADE ON DELETE SET NULL;


--
-- Name: job_postings job_postings_job_type_id_fkey; Type: FK CONSTRAINT; Schema: public; Owner: waterexpress_user
--

ALTER TABLE ONLY public.job_postings
    ADD CONSTRAINT job_postings_job_type_id_fkey FOREIGN KEY (job_type_id) REFERENCES public.job_types(id) ON UPDATE CASCADE ON DELETE SET NULL;


--
-- Name: job_postings job_postings_location_id_fkey; Type: FK CONSTRAINT; Schema: public; Owner: waterexpress_user
--

ALTER TABLE ONLY public.job_postings
    ADD CONSTRAINT job_postings_location_id_fkey FOREIGN KEY (location_id) REFERENCES public.job_locations(id) ON UPDATE CASCADE ON DELETE SET NULL;


--
-- Name: lms_course_categories lms_course_categories_organization_id_fkey; Type: FK CONSTRAINT; Schema: public; Owner: waterexpress_user
--

ALTER TABLE ONLY public.lms_course_categories
    ADD CONSTRAINT lms_course_categories_organization_id_fkey FOREIGN KEY (organization_id) REFERENCES public.users(id) ON UPDATE CASCADE ON DELETE CASCADE;


--
-- Name: lms_course_instructors lms_course_instructors_course_id_fkey; Type: FK CONSTRAINT; Schema: public; Owner: waterexpress_user
--

ALTER TABLE ONLY public.lms_course_instructors
    ADD CONSTRAINT lms_course_instructors_course_id_fkey FOREIGN KEY (course_id) REFERENCES public.lms_courses(id) ON UPDATE CASCADE ON DELETE CASCADE;


--
-- Name: lms_course_instructors lms_course_instructors_instructor_profile_id_fkey; Type: FK CONSTRAINT; Schema: public; Owner: waterexpress_user
--

ALTER TABLE ONLY public.lms_course_instructors
    ADD CONSTRAINT lms_course_instructors_instructor_profile_id_fkey FOREIGN KEY (instructor_profile_id) REFERENCES public.lms_instructor_profiles(id) ON UPDATE CASCADE ON DELETE CASCADE;


--
-- Name: lms_course_instructors lms_course_instructors_organization_id_fkey; Type: FK CONSTRAINT; Schema: public; Owner: waterexpress_user
--

ALTER TABLE ONLY public.lms_course_instructors
    ADD CONSTRAINT lms_course_instructors_organization_id_fkey FOREIGN KEY (organization_id) REFERENCES public.users(id) ON UPDATE CASCADE ON DELETE CASCADE;


--
-- Name: lms_course_lessons lms_course_lessons_course_id_fkey; Type: FK CONSTRAINT; Schema: public; Owner: waterexpress_user
--

ALTER TABLE ONLY public.lms_course_lessons
    ADD CONSTRAINT lms_course_lessons_course_id_fkey FOREIGN KEY (course_id) REFERENCES public.lms_courses(id) ON UPDATE CASCADE ON DELETE CASCADE;


--
-- Name: lms_course_lessons lms_course_lessons_organization_id_fkey; Type: FK CONSTRAINT; Schema: public; Owner: waterexpress_user
--

ALTER TABLE ONLY public.lms_course_lessons
    ADD CONSTRAINT lms_course_lessons_organization_id_fkey FOREIGN KEY (organization_id) REFERENCES public.users(id) ON UPDATE CASCADE ON DELETE CASCADE;


--
-- Name: lms_course_lessons lms_course_lessons_section_id_fkey; Type: FK CONSTRAINT; Schema: public; Owner: waterexpress_user
--

ALTER TABLE ONLY public.lms_course_lessons
    ADD CONSTRAINT lms_course_lessons_section_id_fkey FOREIGN KEY (section_id) REFERENCES public.lms_course_sections(id) ON UPDATE CASCADE ON DELETE CASCADE;


--
-- Name: lms_course_revenue_records lms_course_revenue_records_course_id_fkey; Type: FK CONSTRAINT; Schema: public; Owner: waterexpress_user
--

ALTER TABLE ONLY public.lms_course_revenue_records
    ADD CONSTRAINT lms_course_revenue_records_course_id_fkey FOREIGN KEY (course_id) REFERENCES public.lms_courses(id) ON UPDATE CASCADE ON DELETE CASCADE;


--
-- Name: lms_course_revenue_records lms_course_revenue_records_enrollment_id_fkey; Type: FK CONSTRAINT; Schema: public; Owner: waterexpress_user
--

ALTER TABLE ONLY public.lms_course_revenue_records
    ADD CONSTRAINT lms_course_revenue_records_enrollment_id_fkey FOREIGN KEY (enrollment_id) REFERENCES public.lms_enrollments(id) ON UPDATE CASCADE ON DELETE SET NULL;


--
-- Name: lms_course_revenue_records lms_course_revenue_records_organization_id_fkey; Type: FK CONSTRAINT; Schema: public; Owner: waterexpress_user
--

ALTER TABLE ONLY public.lms_course_revenue_records
    ADD CONSTRAINT lms_course_revenue_records_organization_id_fkey FOREIGN KEY (organization_id) REFERENCES public.users(id) ON UPDATE CASCADE ON DELETE CASCADE;


--
-- Name: lms_course_revenue_records lms_course_revenue_records_storefront_order_id_fkey; Type: FK CONSTRAINT; Schema: public; Owner: waterexpress_user
--

ALTER TABLE ONLY public.lms_course_revenue_records
    ADD CONSTRAINT lms_course_revenue_records_storefront_order_id_fkey FOREIGN KEY (storefront_order_id) REFERENCES public.storefront_orders(id) ON UPDATE CASCADE ON DELETE SET NULL;


--
-- Name: lms_course_reviews lms_course_reviews_course_id_fkey; Type: FK CONSTRAINT; Schema: public; Owner: waterexpress_user
--

ALTER TABLE ONLY public.lms_course_reviews
    ADD CONSTRAINT lms_course_reviews_course_id_fkey FOREIGN KEY (course_id) REFERENCES public.lms_courses(id) ON UPDATE CASCADE ON DELETE CASCADE;


--
-- Name: lms_course_reviews lms_course_reviews_enrollment_id_fkey; Type: FK CONSTRAINT; Schema: public; Owner: waterexpress_user
--

ALTER TABLE ONLY public.lms_course_reviews
    ADD CONSTRAINT lms_course_reviews_enrollment_id_fkey FOREIGN KEY (enrollment_id) REFERENCES public.lms_enrollments(id) ON UPDATE CASCADE ON DELETE SET NULL;


--
-- Name: lms_course_reviews lms_course_reviews_moderated_by_id_fkey; Type: FK CONSTRAINT; Schema: public; Owner: waterexpress_user
--

ALTER TABLE ONLY public.lms_course_reviews
    ADD CONSTRAINT lms_course_reviews_moderated_by_id_fkey FOREIGN KEY (moderated_by_id) REFERENCES public.users(id) ON UPDATE CASCADE ON DELETE SET NULL;


--
-- Name: lms_course_reviews lms_course_reviews_organization_id_fkey; Type: FK CONSTRAINT; Schema: public; Owner: waterexpress_user
--

ALTER TABLE ONLY public.lms_course_reviews
    ADD CONSTRAINT lms_course_reviews_organization_id_fkey FOREIGN KEY (organization_id) REFERENCES public.users(id) ON UPDATE CASCADE ON DELETE CASCADE;


--
-- Name: lms_course_reviews lms_course_reviews_student_user_id_fkey; Type: FK CONSTRAINT; Schema: public; Owner: waterexpress_user
--

ALTER TABLE ONLY public.lms_course_reviews
    ADD CONSTRAINT lms_course_reviews_student_user_id_fkey FOREIGN KEY (student_user_id) REFERENCES public.users(id) ON UPDATE CASCADE ON DELETE CASCADE;


--
-- Name: lms_course_sections lms_course_sections_course_id_fkey; Type: FK CONSTRAINT; Schema: public; Owner: waterexpress_user
--

ALTER TABLE ONLY public.lms_course_sections
    ADD CONSTRAINT lms_course_sections_course_id_fkey FOREIGN KEY (course_id) REFERENCES public.lms_courses(id) ON UPDATE CASCADE ON DELETE CASCADE;


--
-- Name: lms_course_sections lms_course_sections_organization_id_fkey; Type: FK CONSTRAINT; Schema: public; Owner: waterexpress_user
--

ALTER TABLE ONLY public.lms_course_sections
    ADD CONSTRAINT lms_course_sections_organization_id_fkey FOREIGN KEY (organization_id) REFERENCES public.users(id) ON UPDATE CASCADE ON DELETE CASCADE;


--
-- Name: lms_course_tag_on_course lms_course_tag_on_course_course_id_fkey; Type: FK CONSTRAINT; Schema: public; Owner: waterexpress_user
--

ALTER TABLE ONLY public.lms_course_tag_on_course
    ADD CONSTRAINT lms_course_tag_on_course_course_id_fkey FOREIGN KEY (course_id) REFERENCES public.lms_courses(id) ON UPDATE CASCADE ON DELETE CASCADE;


--
-- Name: lms_course_tag_on_course lms_course_tag_on_course_organization_id_fkey; Type: FK CONSTRAINT; Schema: public; Owner: waterexpress_user
--

ALTER TABLE ONLY public.lms_course_tag_on_course
    ADD CONSTRAINT lms_course_tag_on_course_organization_id_fkey FOREIGN KEY (organization_id) REFERENCES public.users(id) ON UPDATE CASCADE ON DELETE CASCADE;


--
-- Name: lms_course_tag_on_course lms_course_tag_on_course_tag_id_fkey; Type: FK CONSTRAINT; Schema: public; Owner: waterexpress_user
--

ALTER TABLE ONLY public.lms_course_tag_on_course
    ADD CONSTRAINT lms_course_tag_on_course_tag_id_fkey FOREIGN KEY (tag_id) REFERENCES public.lms_course_tags(id) ON UPDATE CASCADE ON DELETE CASCADE;


--
-- Name: lms_course_tags lms_course_tags_organization_id_fkey; Type: FK CONSTRAINT; Schema: public; Owner: waterexpress_user
--

ALTER TABLE ONLY public.lms_course_tags
    ADD CONSTRAINT lms_course_tags_organization_id_fkey FOREIGN KEY (organization_id) REFERENCES public.users(id) ON UPDATE CASCADE ON DELETE CASCADE;


--
-- Name: lms_courses lms_courses_category_id_fkey; Type: FK CONSTRAINT; Schema: public; Owner: waterexpress_user
--

ALTER TABLE ONLY public.lms_courses
    ADD CONSTRAINT lms_courses_category_id_fkey FOREIGN KEY (category_id) REFERENCES public.lms_course_categories(id) ON UPDATE CASCADE ON DELETE SET NULL;


--
-- Name: lms_courses lms_courses_created_by_id_fkey; Type: FK CONSTRAINT; Schema: public; Owner: waterexpress_user
--

ALTER TABLE ONLY public.lms_courses
    ADD CONSTRAINT lms_courses_created_by_id_fkey FOREIGN KEY (created_by_id) REFERENCES public.users(id) ON UPDATE CASCADE ON DELETE SET NULL;


--
-- Name: lms_courses lms_courses_linked_pos_product_id_fkey; Type: FK CONSTRAINT; Schema: public; Owner: waterexpress_user
--

ALTER TABLE ONLY public.lms_courses
    ADD CONSTRAINT lms_courses_linked_pos_product_id_fkey FOREIGN KEY (linked_pos_product_id) REFERENCES public.pos_products(id) ON UPDATE CASCADE ON DELETE SET NULL;


--
-- Name: lms_courses lms_courses_organization_id_fkey; Type: FK CONSTRAINT; Schema: public; Owner: waterexpress_user
--

ALTER TABLE ONLY public.lms_courses
    ADD CONSTRAINT lms_courses_organization_id_fkey FOREIGN KEY (organization_id) REFERENCES public.users(id) ON UPDATE CASCADE ON DELETE CASCADE;


--
-- Name: lms_courses lms_courses_updated_by_id_fkey; Type: FK CONSTRAINT; Schema: public; Owner: waterexpress_user
--

ALTER TABLE ONLY public.lms_courses
    ADD CONSTRAINT lms_courses_updated_by_id_fkey FOREIGN KEY (updated_by_id) REFERENCES public.users(id) ON UPDATE CASCADE ON DELETE SET NULL;


--
-- Name: lms_enrollments lms_enrollments_course_id_fkey; Type: FK CONSTRAINT; Schema: public; Owner: waterexpress_user
--

ALTER TABLE ONLY public.lms_enrollments
    ADD CONSTRAINT lms_enrollments_course_id_fkey FOREIGN KEY (course_id) REFERENCES public.lms_courses(id) ON UPDATE CASCADE ON DELETE CASCADE;


--
-- Name: lms_enrollments lms_enrollments_crm_customer_id_fkey; Type: FK CONSTRAINT; Schema: public; Owner: waterexpress_user
--

ALTER TABLE ONLY public.lms_enrollments
    ADD CONSTRAINT lms_enrollments_crm_customer_id_fkey FOREIGN KEY (crm_customer_id) REFERENCES public.customers(id) ON UPDATE CASCADE ON DELETE SET NULL;


--
-- Name: lms_enrollments lms_enrollments_instructor_user_id_fkey; Type: FK CONSTRAINT; Schema: public; Owner: waterexpress_user
--

ALTER TABLE ONLY public.lms_enrollments
    ADD CONSTRAINT lms_enrollments_instructor_user_id_fkey FOREIGN KEY (instructor_user_id) REFERENCES public.users(id) ON UPDATE CASCADE ON DELETE SET NULL;


--
-- Name: lms_enrollments lms_enrollments_organization_id_fkey; Type: FK CONSTRAINT; Schema: public; Owner: waterexpress_user
--

ALTER TABLE ONLY public.lms_enrollments
    ADD CONSTRAINT lms_enrollments_organization_id_fkey FOREIGN KEY (organization_id) REFERENCES public.users(id) ON UPDATE CASCADE ON DELETE CASCADE;


--
-- Name: lms_enrollments lms_enrollments_storefront_order_id_fkey; Type: FK CONSTRAINT; Schema: public; Owner: waterexpress_user
--

ALTER TABLE ONLY public.lms_enrollments
    ADD CONSTRAINT lms_enrollments_storefront_order_id_fkey FOREIGN KEY (storefront_order_id) REFERENCES public.storefront_orders(id) ON UPDATE CASCADE ON DELETE SET NULL;


--
-- Name: lms_enrollments lms_enrollments_student_subscription_id_fkey; Type: FK CONSTRAINT; Schema: public; Owner: waterexpress_user
--

ALTER TABLE ONLY public.lms_enrollments
    ADD CONSTRAINT lms_enrollments_student_subscription_id_fkey FOREIGN KEY (student_subscription_id) REFERENCES public.lms_student_subscriptions(id) ON UPDATE CASCADE ON DELETE SET NULL;


--
-- Name: lms_enrollments lms_enrollments_student_user_id_fkey; Type: FK CONSTRAINT; Schema: public; Owner: waterexpress_user
--

ALTER TABLE ONLY public.lms_enrollments
    ADD CONSTRAINT lms_enrollments_student_user_id_fkey FOREIGN KEY (student_user_id) REFERENCES public.users(id) ON UPDATE CASCADE ON DELETE CASCADE;


--
-- Name: lms_instructor_commissions lms_instructor_commissions_course_id_fkey; Type: FK CONSTRAINT; Schema: public; Owner: waterexpress_user
--

ALTER TABLE ONLY public.lms_instructor_commissions
    ADD CONSTRAINT lms_instructor_commissions_course_id_fkey FOREIGN KEY (course_id) REFERENCES public.lms_courses(id) ON UPDATE CASCADE ON DELETE CASCADE;


--
-- Name: lms_instructor_commissions lms_instructor_commissions_instructor_profile_id_fkey; Type: FK CONSTRAINT; Schema: public; Owner: waterexpress_user
--

ALTER TABLE ONLY public.lms_instructor_commissions
    ADD CONSTRAINT lms_instructor_commissions_instructor_profile_id_fkey FOREIGN KEY (instructor_profile_id) REFERENCES public.lms_instructor_profiles(id) ON UPDATE CASCADE ON DELETE CASCADE;


--
-- Name: lms_instructor_commissions lms_instructor_commissions_organization_id_fkey; Type: FK CONSTRAINT; Schema: public; Owner: waterexpress_user
--

ALTER TABLE ONLY public.lms_instructor_commissions
    ADD CONSTRAINT lms_instructor_commissions_organization_id_fkey FOREIGN KEY (organization_id) REFERENCES public.users(id) ON UPDATE CASCADE ON DELETE CASCADE;


--
-- Name: lms_instructor_commissions lms_instructor_commissions_payout_id_fkey; Type: FK CONSTRAINT; Schema: public; Owner: waterexpress_user
--

ALTER TABLE ONLY public.lms_instructor_commissions
    ADD CONSTRAINT lms_instructor_commissions_payout_id_fkey FOREIGN KEY (payout_id) REFERENCES public.lms_instructor_payouts(id) ON UPDATE CASCADE ON DELETE SET NULL;


--
-- Name: lms_instructor_commissions lms_instructor_commissions_revenue_record_id_fkey; Type: FK CONSTRAINT; Schema: public; Owner: waterexpress_user
--

ALTER TABLE ONLY public.lms_instructor_commissions
    ADD CONSTRAINT lms_instructor_commissions_revenue_record_id_fkey FOREIGN KEY (revenue_record_id) REFERENCES public.lms_course_revenue_records(id) ON UPDATE CASCADE ON DELETE CASCADE;


--
-- Name: lms_instructor_payouts lms_instructor_payouts_instructor_profile_id_fkey; Type: FK CONSTRAINT; Schema: public; Owner: waterexpress_user
--

ALTER TABLE ONLY public.lms_instructor_payouts
    ADD CONSTRAINT lms_instructor_payouts_instructor_profile_id_fkey FOREIGN KEY (instructor_profile_id) REFERENCES public.lms_instructor_profiles(id) ON UPDATE CASCADE ON DELETE CASCADE;


--
-- Name: lms_instructor_payouts lms_instructor_payouts_organization_id_fkey; Type: FK CONSTRAINT; Schema: public; Owner: waterexpress_user
--

ALTER TABLE ONLY public.lms_instructor_payouts
    ADD CONSTRAINT lms_instructor_payouts_organization_id_fkey FOREIGN KEY (organization_id) REFERENCES public.users(id) ON UPDATE CASCADE ON DELETE CASCADE;


--
-- Name: lms_instructor_profiles lms_instructor_profiles_organization_id_fkey; Type: FK CONSTRAINT; Schema: public; Owner: waterexpress_user
--

ALTER TABLE ONLY public.lms_instructor_profiles
    ADD CONSTRAINT lms_instructor_profiles_organization_id_fkey FOREIGN KEY (organization_id) REFERENCES public.users(id) ON UPDATE CASCADE ON DELETE CASCADE;


--
-- Name: lms_instructor_profiles lms_instructor_profiles_user_id_fkey; Type: FK CONSTRAINT; Schema: public; Owner: waterexpress_user
--

ALTER TABLE ONLY public.lms_instructor_profiles
    ADD CONSTRAINT lms_instructor_profiles_user_id_fkey FOREIGN KEY (user_id) REFERENCES public.users(id) ON UPDATE CASCADE ON DELETE CASCADE;


--
-- Name: lms_lesson_progress lms_lesson_progress_enrollment_id_fkey; Type: FK CONSTRAINT; Schema: public; Owner: waterexpress_user
--

ALTER TABLE ONLY public.lms_lesson_progress
    ADD CONSTRAINT lms_lesson_progress_enrollment_id_fkey FOREIGN KEY (enrollment_id) REFERENCES public.lms_enrollments(id) ON UPDATE CASCADE ON DELETE CASCADE;


--
-- Name: lms_lesson_progress lms_lesson_progress_lesson_id_fkey; Type: FK CONSTRAINT; Schema: public; Owner: waterexpress_user
--

ALTER TABLE ONLY public.lms_lesson_progress
    ADD CONSTRAINT lms_lesson_progress_lesson_id_fkey FOREIGN KEY (lesson_id) REFERENCES public.lms_course_lessons(id) ON UPDATE CASCADE ON DELETE CASCADE;


--
-- Name: lms_lesson_progress lms_lesson_progress_organization_id_fkey; Type: FK CONSTRAINT; Schema: public; Owner: waterexpress_user
--

ALTER TABLE ONLY public.lms_lesson_progress
    ADD CONSTRAINT lms_lesson_progress_organization_id_fkey FOREIGN KEY (organization_id) REFERENCES public.users(id) ON UPDATE CASCADE ON DELETE CASCADE;


--
-- Name: lms_live_attendance lms_live_attendance_enrollment_id_fkey; Type: FK CONSTRAINT; Schema: public; Owner: waterexpress_user
--

ALTER TABLE ONLY public.lms_live_attendance
    ADD CONSTRAINT lms_live_attendance_enrollment_id_fkey FOREIGN KEY (enrollment_id) REFERENCES public.lms_enrollments(id) ON UPDATE CASCADE ON DELETE CASCADE;


--
-- Name: lms_live_attendance lms_live_attendance_marked_by_id_fkey; Type: FK CONSTRAINT; Schema: public; Owner: waterexpress_user
--

ALTER TABLE ONLY public.lms_live_attendance
    ADD CONSTRAINT lms_live_attendance_marked_by_id_fkey FOREIGN KEY (marked_by_id) REFERENCES public.users(id) ON UPDATE CASCADE ON DELETE SET NULL;


--
-- Name: lms_live_attendance lms_live_attendance_organization_id_fkey; Type: FK CONSTRAINT; Schema: public; Owner: waterexpress_user
--

ALTER TABLE ONLY public.lms_live_attendance
    ADD CONSTRAINT lms_live_attendance_organization_id_fkey FOREIGN KEY (organization_id) REFERENCES public.users(id) ON UPDATE CASCADE ON DELETE CASCADE;


--
-- Name: lms_live_attendance lms_live_attendance_session_id_fkey; Type: FK CONSTRAINT; Schema: public; Owner: waterexpress_user
--

ALTER TABLE ONLY public.lms_live_attendance
    ADD CONSTRAINT lms_live_attendance_session_id_fkey FOREIGN KEY (session_id) REFERENCES public.lms_live_sessions(id) ON UPDATE CASCADE ON DELETE CASCADE;


--
-- Name: lms_live_sessions lms_live_sessions_course_id_fkey; Type: FK CONSTRAINT; Schema: public; Owner: waterexpress_user
--

ALTER TABLE ONLY public.lms_live_sessions
    ADD CONSTRAINT lms_live_sessions_course_id_fkey FOREIGN KEY (course_id) REFERENCES public.lms_courses(id) ON UPDATE CASCADE ON DELETE CASCADE;


--
-- Name: lms_live_sessions lms_live_sessions_course_lesson_id_fkey; Type: FK CONSTRAINT; Schema: public; Owner: waterexpress_user
--

ALTER TABLE ONLY public.lms_live_sessions
    ADD CONSTRAINT lms_live_sessions_course_lesson_id_fkey FOREIGN KEY (course_lesson_id) REFERENCES public.lms_course_lessons(id) ON UPDATE CASCADE ON DELETE SET NULL;


--
-- Name: lms_live_sessions lms_live_sessions_created_by_id_fkey; Type: FK CONSTRAINT; Schema: public; Owner: waterexpress_user
--

ALTER TABLE ONLY public.lms_live_sessions
    ADD CONSTRAINT lms_live_sessions_created_by_id_fkey FOREIGN KEY (created_by_id) REFERENCES public.users(id) ON UPDATE CASCADE ON DELETE SET NULL;


--
-- Name: lms_live_sessions lms_live_sessions_organization_id_fkey; Type: FK CONSTRAINT; Schema: public; Owner: waterexpress_user
--

ALTER TABLE ONLY public.lms_live_sessions
    ADD CONSTRAINT lms_live_sessions_organization_id_fkey FOREIGN KEY (organization_id) REFERENCES public.users(id) ON UPDATE CASCADE ON DELETE CASCADE;


--
-- Name: lms_notification_logs lms_notification_logs_organization_id_fkey; Type: FK CONSTRAINT; Schema: public; Owner: waterexpress_user
--

ALTER TABLE ONLY public.lms_notification_logs
    ADD CONSTRAINT lms_notification_logs_organization_id_fkey FOREIGN KEY (organization_id) REFERENCES public.users(id) ON UPDATE CASCADE ON DELETE CASCADE;


--
-- Name: lms_student_subscriptions lms_student_subscriptions_organization_id_fkey; Type: FK CONSTRAINT; Schema: public; Owner: waterexpress_user
--

ALTER TABLE ONLY public.lms_student_subscriptions
    ADD CONSTRAINT lms_student_subscriptions_organization_id_fkey FOREIGN KEY (organization_id) REFERENCES public.users(id) ON UPDATE CASCADE ON DELETE CASCADE;


--
-- Name: lms_student_subscriptions lms_student_subscriptions_plan_id_fkey; Type: FK CONSTRAINT; Schema: public; Owner: waterexpress_user
--

ALTER TABLE ONLY public.lms_student_subscriptions
    ADD CONSTRAINT lms_student_subscriptions_plan_id_fkey FOREIGN KEY (plan_id) REFERENCES public.lms_subscription_plans(id) ON UPDATE CASCADE ON DELETE CASCADE;


--
-- Name: lms_student_subscriptions lms_student_subscriptions_storefront_order_id_fkey; Type: FK CONSTRAINT; Schema: public; Owner: waterexpress_user
--

ALTER TABLE ONLY public.lms_student_subscriptions
    ADD CONSTRAINT lms_student_subscriptions_storefront_order_id_fkey FOREIGN KEY (storefront_order_id) REFERENCES public.storefront_orders(id) ON UPDATE CASCADE ON DELETE SET NULL;


--
-- Name: lms_student_subscriptions lms_student_subscriptions_student_user_id_fkey; Type: FK CONSTRAINT; Schema: public; Owner: waterexpress_user
--

ALTER TABLE ONLY public.lms_student_subscriptions
    ADD CONSTRAINT lms_student_subscriptions_student_user_id_fkey FOREIGN KEY (student_user_id) REFERENCES public.users(id) ON UPDATE CASCADE ON DELETE CASCADE;


--
-- Name: lms_subscription_plan_courses lms_subscription_plan_courses_course_id_fkey; Type: FK CONSTRAINT; Schema: public; Owner: waterexpress_user
--

ALTER TABLE ONLY public.lms_subscription_plan_courses
    ADD CONSTRAINT lms_subscription_plan_courses_course_id_fkey FOREIGN KEY (course_id) REFERENCES public.lms_courses(id) ON UPDATE CASCADE ON DELETE CASCADE;


--
-- Name: lms_subscription_plan_courses lms_subscription_plan_courses_organization_id_fkey; Type: FK CONSTRAINT; Schema: public; Owner: waterexpress_user
--

ALTER TABLE ONLY public.lms_subscription_plan_courses
    ADD CONSTRAINT lms_subscription_plan_courses_organization_id_fkey FOREIGN KEY (organization_id) REFERENCES public.users(id) ON UPDATE CASCADE ON DELETE CASCADE;


--
-- Name: lms_subscription_plan_courses lms_subscription_plan_courses_plan_id_fkey; Type: FK CONSTRAINT; Schema: public; Owner: waterexpress_user
--

ALTER TABLE ONLY public.lms_subscription_plan_courses
    ADD CONSTRAINT lms_subscription_plan_courses_plan_id_fkey FOREIGN KEY (plan_id) REFERENCES public.lms_subscription_plans(id) ON UPDATE CASCADE ON DELETE CASCADE;


--
-- Name: lms_subscription_plans lms_subscription_plans_linked_pos_product_id_fkey; Type: FK CONSTRAINT; Schema: public; Owner: waterexpress_user
--

ALTER TABLE ONLY public.lms_subscription_plans
    ADD CONSTRAINT lms_subscription_plans_linked_pos_product_id_fkey FOREIGN KEY (linked_pos_product_id) REFERENCES public.pos_products(id) ON UPDATE CASCADE ON DELETE SET NULL;


--
-- Name: lms_subscription_plans lms_subscription_plans_organization_id_fkey; Type: FK CONSTRAINT; Schema: public; Owner: waterexpress_user
--

ALTER TABLE ONLY public.lms_subscription_plans
    ADD CONSTRAINT lms_subscription_plans_organization_id_fkey FOREIGN KEY (organization_id) REFERENCES public.users(id) ON UPDATE CASCADE ON DELETE CASCADE;


--
-- Name: lms_user_calendar_event_links lms_user_calendar_event_links_session_id_fkey; Type: FK CONSTRAINT; Schema: public; Owner: waterexpress_user
--

ALTER TABLE ONLY public.lms_user_calendar_event_links
    ADD CONSTRAINT lms_user_calendar_event_links_session_id_fkey FOREIGN KEY (session_id) REFERENCES public.lms_live_sessions(id) ON UPDATE CASCADE ON DELETE CASCADE;


--
-- Name: lms_user_calendar_event_links lms_user_calendar_event_links_user_id_fkey; Type: FK CONSTRAINT; Schema: public; Owner: waterexpress_user
--

ALTER TABLE ONLY public.lms_user_calendar_event_links
    ADD CONSTRAINT lms_user_calendar_event_links_user_id_fkey FOREIGN KEY (user_id) REFERENCES public.users(id) ON UPDATE CASCADE ON DELETE CASCADE;


--
-- Name: media_directories media_directories_parent_id_fkey; Type: FK CONSTRAINT; Schema: public; Owner: waterexpress_user
--

ALTER TABLE ONLY public.media_directories
    ADD CONSTRAINT media_directories_parent_id_fkey FOREIGN KEY (parent_id) REFERENCES public.media_directories(id) ON UPDATE CASCADE ON DELETE CASCADE;


--
-- Name: media media_directory_id_fkey; Type: FK CONSTRAINT; Schema: public; Owner: waterexpress_user
--

ALTER TABLE ONLY public.media
    ADD CONSTRAINT media_directory_id_fkey FOREIGN KEY (directory_id) REFERENCES public.media_directories(id) ON UPDATE CASCADE ON DELETE SET NULL;


--
-- Name: offers offers_candidate_id_fkey; Type: FK CONSTRAINT; Schema: public; Owner: waterexpress_user
--

ALTER TABLE ONLY public.offers
    ADD CONSTRAINT offers_candidate_id_fkey FOREIGN KEY (candidate_id) REFERENCES public.candidates(id) ON UPDATE CASCADE ON DELETE CASCADE;


--
-- Name: offers offers_job_id_fkey; Type: FK CONSTRAINT; Schema: public; Owner: waterexpress_user
--

ALTER TABLE ONLY public.offers
    ADD CONSTRAINT offers_job_id_fkey FOREIGN KEY (job_id) REFERENCES public.job_postings(id) ON UPDATE CASCADE ON DELETE SET NULL;


--
-- Name: pos_branch_sales_targets pos_branch_sales_targets_branch_id_fkey; Type: FK CONSTRAINT; Schema: public; Owner: waterexpress_user
--

ALTER TABLE ONLY public.pos_branch_sales_targets
    ADD CONSTRAINT pos_branch_sales_targets_branch_id_fkey FOREIGN KEY (branch_id) REFERENCES public.pos_branches(id) ON UPDATE CASCADE ON DELETE SET NULL;


--
-- Name: pos_cash_registers pos_cash_registers_branch_id_fkey; Type: FK CONSTRAINT; Schema: public; Owner: waterexpress_user
--

ALTER TABLE ONLY public.pos_cash_registers
    ADD CONSTRAINT pos_cash_registers_branch_id_fkey FOREIGN KEY (branch_id) REFERENCES public.pos_branches(id) ON UPDATE CASCADE ON DELETE SET NULL;


--
-- Name: pos_expenses pos_expenses_category_id_fkey; Type: FK CONSTRAINT; Schema: public; Owner: waterexpress_user
--

ALTER TABLE ONLY public.pos_expenses
    ADD CONSTRAINT pos_expenses_category_id_fkey FOREIGN KEY (category_id) REFERENCES public.pos_expense_categories(id) ON UPDATE CASCADE ON DELETE SET NULL;


--
-- Name: pos_products pos_products_brand_id_fkey; Type: FK CONSTRAINT; Schema: public; Owner: waterexpress_user
--

ALTER TABLE ONLY public.pos_products
    ADD CONSTRAINT pos_products_brand_id_fkey FOREIGN KEY (brand_id) REFERENCES public.pos_brands(id) ON UPDATE CASCADE ON DELETE SET NULL;


--
-- Name: pos_products pos_products_category_id_fkey; Type: FK CONSTRAINT; Schema: public; Owner: waterexpress_user
--

ALTER TABLE ONLY public.pos_products
    ADD CONSTRAINT pos_products_category_id_fkey FOREIGN KEY (category_id) REFERENCES public.pos_categories(id) ON UPDATE CASCADE ON DELETE SET NULL;


--
-- Name: pos_products pos_products_organization_id_fkey; Type: FK CONSTRAINT; Schema: public; Owner: waterexpress_user
--

ALTER TABLE ONLY public.pos_products
    ADD CONSTRAINT pos_products_organization_id_fkey FOREIGN KEY (organization_id) REFERENCES public.users(id) ON UPDATE CASCADE ON DELETE SET NULL;


--
-- Name: pos_products pos_products_tax_id_fkey; Type: FK CONSTRAINT; Schema: public; Owner: waterexpress_user
--

ALTER TABLE ONLY public.pos_products
    ADD CONSTRAINT pos_products_tax_id_fkey FOREIGN KEY (tax_id) REFERENCES public.pos_taxes(id) ON UPDATE CASCADE ON DELETE SET NULL;


--
-- Name: pos_products pos_products_unit_id_fkey; Type: FK CONSTRAINT; Schema: public; Owner: waterexpress_user
--

ALTER TABLE ONLY public.pos_products
    ADD CONSTRAINT pos_products_unit_id_fkey FOREIGN KEY (unit_id) REFERENCES public.pos_units(id) ON UPDATE CASCADE ON DELETE SET NULL;


--
-- Name: pos_purchase_items pos_purchase_items_product_id_fkey; Type: FK CONSTRAINT; Schema: public; Owner: waterexpress_user
--

ALTER TABLE ONLY public.pos_purchase_items
    ADD CONSTRAINT pos_purchase_items_product_id_fkey FOREIGN KEY (product_id) REFERENCES public.pos_products(id) ON UPDATE CASCADE ON DELETE SET NULL;


--
-- Name: pos_purchase_items pos_purchase_items_purchase_id_fkey; Type: FK CONSTRAINT; Schema: public; Owner: waterexpress_user
--

ALTER TABLE ONLY public.pos_purchase_items
    ADD CONSTRAINT pos_purchase_items_purchase_id_fkey FOREIGN KEY (purchase_id) REFERENCES public.pos_purchases(id) ON UPDATE CASCADE ON DELETE CASCADE;


--
-- Name: pos_purchase_return_items pos_purchase_return_items_return_id_fkey; Type: FK CONSTRAINT; Schema: public; Owner: waterexpress_user
--

ALTER TABLE ONLY public.pos_purchase_return_items
    ADD CONSTRAINT pos_purchase_return_items_return_id_fkey FOREIGN KEY (return_id) REFERENCES public.pos_purchase_returns(id) ON UPDATE CASCADE ON DELETE CASCADE;


--
-- Name: pos_purchase_returns pos_purchase_returns_purchase_id_fkey; Type: FK CONSTRAINT; Schema: public; Owner: waterexpress_user
--

ALTER TABLE ONLY public.pos_purchase_returns
    ADD CONSTRAINT pos_purchase_returns_purchase_id_fkey FOREIGN KEY (purchase_id) REFERENCES public.pos_purchases(id) ON UPDATE CASCADE ON DELETE CASCADE;


--
-- Name: pos_purchases pos_purchases_branch_id_fkey; Type: FK CONSTRAINT; Schema: public; Owner: waterexpress_user
--

ALTER TABLE ONLY public.pos_purchases
    ADD CONSTRAINT pos_purchases_branch_id_fkey FOREIGN KEY (branch_id) REFERENCES public.pos_branches(id) ON UPDATE CASCADE ON DELETE SET NULL;


--
-- Name: pos_purchases pos_purchases_vendor_id_fkey; Type: FK CONSTRAINT; Schema: public; Owner: waterexpress_user
--

ALTER TABLE ONLY public.pos_purchases
    ADD CONSTRAINT pos_purchases_vendor_id_fkey FOREIGN KEY (vendor_id) REFERENCES public.pos_vendors(id) ON UPDATE CASCADE ON DELETE SET NULL;


--
-- Name: pos_quotation_items pos_quotation_items_product_id_fkey; Type: FK CONSTRAINT; Schema: public; Owner: waterexpress_user
--

ALTER TABLE ONLY public.pos_quotation_items
    ADD CONSTRAINT pos_quotation_items_product_id_fkey FOREIGN KEY (product_id) REFERENCES public.pos_products(id) ON UPDATE CASCADE ON DELETE SET NULL;


--
-- Name: pos_quotation_items pos_quotation_items_quotation_id_fkey; Type: FK CONSTRAINT; Schema: public; Owner: waterexpress_user
--

ALTER TABLE ONLY public.pos_quotation_items
    ADD CONSTRAINT pos_quotation_items_quotation_id_fkey FOREIGN KEY (quotation_id) REFERENCES public.pos_quotations(id) ON UPDATE CASCADE ON DELETE CASCADE;


--
-- Name: pos_quotations pos_quotations_customer_id_fkey; Type: FK CONSTRAINT; Schema: public; Owner: waterexpress_user
--

ALTER TABLE ONLY public.pos_quotations
    ADD CONSTRAINT pos_quotations_customer_id_fkey FOREIGN KEY (customer_id) REFERENCES public.pos_customers(id) ON UPDATE CASCADE ON DELETE SET NULL;


--
-- Name: pos_sale_items pos_sale_items_product_id_fkey; Type: FK CONSTRAINT; Schema: public; Owner: waterexpress_user
--

ALTER TABLE ONLY public.pos_sale_items
    ADD CONSTRAINT pos_sale_items_product_id_fkey FOREIGN KEY (product_id) REFERENCES public.pos_products(id) ON UPDATE CASCADE ON DELETE SET NULL;


--
-- Name: pos_sale_items pos_sale_items_sale_id_fkey; Type: FK CONSTRAINT; Schema: public; Owner: waterexpress_user
--

ALTER TABLE ONLY public.pos_sale_items
    ADD CONSTRAINT pos_sale_items_sale_id_fkey FOREIGN KEY (sale_id) REFERENCES public.pos_sales(id) ON UPDATE CASCADE ON DELETE CASCADE;


--
-- Name: pos_sale_return_items pos_sale_return_items_return_id_fkey; Type: FK CONSTRAINT; Schema: public; Owner: waterexpress_user
--

ALTER TABLE ONLY public.pos_sale_return_items
    ADD CONSTRAINT pos_sale_return_items_return_id_fkey FOREIGN KEY (return_id) REFERENCES public.pos_sale_returns(id) ON UPDATE CASCADE ON DELETE CASCADE;


--
-- Name: pos_sale_returns pos_sale_returns_sale_id_fkey; Type: FK CONSTRAINT; Schema: public; Owner: waterexpress_user
--

ALTER TABLE ONLY public.pos_sale_returns
    ADD CONSTRAINT pos_sale_returns_sale_id_fkey FOREIGN KEY (sale_id) REFERENCES public.pos_sales(id) ON UPDATE CASCADE ON DELETE CASCADE;


--
-- Name: pos_sales pos_sales_branch_id_fkey; Type: FK CONSTRAINT; Schema: public; Owner: waterexpress_user
--

ALTER TABLE ONLY public.pos_sales
    ADD CONSTRAINT pos_sales_branch_id_fkey FOREIGN KEY (branch_id) REFERENCES public.pos_branches(id) ON UPDATE CASCADE ON DELETE SET NULL;


--
-- Name: pos_sales pos_sales_cash_register_id_fkey; Type: FK CONSTRAINT; Schema: public; Owner: waterexpress_user
--

ALTER TABLE ONLY public.pos_sales
    ADD CONSTRAINT pos_sales_cash_register_id_fkey FOREIGN KEY (cash_register_id) REFERENCES public.pos_cash_registers(id) ON UPDATE CASCADE ON DELETE SET NULL;


--
-- Name: pos_sales pos_sales_customer_id_fkey; Type: FK CONSTRAINT; Schema: public; Owner: waterexpress_user
--

ALTER TABLE ONLY public.pos_sales
    ADD CONSTRAINT pos_sales_customer_id_fkey FOREIGN KEY (customer_id) REFERENCES public.pos_customers(id) ON UPDATE CASCADE ON DELETE SET NULL;


--
-- Name: pos_sales pos_sales_quotation_id_fkey; Type: FK CONSTRAINT; Schema: public; Owner: waterexpress_user
--

ALTER TABLE ONLY public.pos_sales
    ADD CONSTRAINT pos_sales_quotation_id_fkey FOREIGN KEY (quotation_id) REFERENCES public.pos_quotations(id) ON UPDATE CASCADE ON DELETE SET NULL;


--
-- Name: pos_sessions pos_sessions_cash_register_id_fkey; Type: FK CONSTRAINT; Schema: public; Owner: waterexpress_user
--

ALTER TABLE ONLY public.pos_sessions
    ADD CONSTRAINT pos_sessions_cash_register_id_fkey FOREIGN KEY (cash_register_id) REFERENCES public.pos_cash_registers(id) ON UPDATE CASCADE ON DELETE SET NULL;


--
-- Name: project_bugs project_bugs_stage_id_fkey; Type: FK CONSTRAINT; Schema: public; Owner: waterexpress_user
--

ALTER TABLE ONLY public.project_bugs
    ADD CONSTRAINT project_bugs_stage_id_fkey FOREIGN KEY (stage_id) REFERENCES public.bug_stages(id) ON UPDATE CASCADE ON DELETE SET NULL;


--
-- Name: project_tasks project_tasks_milestone_id_fkey; Type: FK CONSTRAINT; Schema: public; Owner: waterexpress_user
--

ALTER TABLE ONLY public.project_tasks
    ADD CONSTRAINT project_tasks_milestone_id_fkey FOREIGN KEY (milestone_id) REFERENCES public.project_milestones(id) ON UPDATE CASCADE ON DELETE SET NULL;


--
-- Name: project_tasks project_tasks_stage_id_fkey; Type: FK CONSTRAINT; Schema: public; Owner: waterexpress_user
--

ALTER TABLE ONLY public.project_tasks
    ADD CONSTRAINT project_tasks_stage_id_fkey FOREIGN KEY (stage_id) REFERENCES public.task_stages(id) ON UPDATE CASCADE ON DELETE SET NULL;


--
-- Name: resumes resumes_template_id_fkey; Type: FK CONSTRAINT; Schema: public; Owner: waterexpress_user
--

ALTER TABLE ONLY public.resumes
    ADD CONSTRAINT resumes_template_id_fkey FOREIGN KEY (template_id) REFERENCES public.resume_templates(id) ON UPDATE CASCADE ON DELETE RESTRICT;


--
-- Name: sales_proposal_items sales_proposal_items_proposal_id_fkey; Type: FK CONSTRAINT; Schema: public; Owner: waterexpress_user
--

ALTER TABLE ONLY public.sales_proposal_items
    ADD CONSTRAINT sales_proposal_items_proposal_id_fkey FOREIGN KEY (proposal_id) REFERENCES public.sales_proposals(id) ON UPDATE CASCADE ON DELETE CASCADE;


--
-- Name: schedules schedules_appointment_id_fkey; Type: FK CONSTRAINT; Schema: public; Owner: waterexpress_user
--

ALTER TABLE ONLY public.schedules
    ADD CONSTRAINT schedules_appointment_id_fkey FOREIGN KEY (appointment_id) REFERENCES public.appointments(id) ON UPDATE CASCADE ON DELETE SET NULL;


--
-- Name: st_knowledge_bases st_knowledge_bases_category_id_fkey; Type: FK CONSTRAINT; Schema: public; Owner: waterexpress_user
--

ALTER TABLE ONLY public.st_knowledge_bases
    ADD CONSTRAINT st_knowledge_bases_category_id_fkey FOREIGN KEY (category_id) REFERENCES public.st_kb_categories(id) ON UPDATE CASCADE ON DELETE SET NULL;


--
-- Name: st_knowledge_bases st_knowledge_bases_organization_id_fkey; Type: FK CONSTRAINT; Schema: public; Owner: waterexpress_user
--

ALTER TABLE ONLY public.st_knowledge_bases
    ADD CONSTRAINT st_knowledge_bases_organization_id_fkey FOREIGN KEY (organization_id) REFERENCES public.users(id) ON UPDATE CASCADE ON DELETE SET NULL;


--
-- Name: st_tickets st_tickets_assigned_staff_user_id_fkey; Type: FK CONSTRAINT; Schema: public; Owner: waterexpress_user
--

ALTER TABLE ONLY public.st_tickets
    ADD CONSTRAINT st_tickets_assigned_staff_user_id_fkey FOREIGN KEY (assigned_staff_user_id) REFERENCES public.users(id) ON UPDATE CASCADE ON DELETE SET NULL;


--
-- Name: st_tickets st_tickets_category_id_fkey; Type: FK CONSTRAINT; Schema: public; Owner: waterexpress_user
--

ALTER TABLE ONLY public.st_tickets
    ADD CONSTRAINT st_tickets_category_id_fkey FOREIGN KEY (category_id) REFERENCES public.st_ticket_categories(id) ON UPDATE CASCADE ON DELETE SET NULL;


--
-- Name: st_tickets st_tickets_lms_course_id_fkey; Type: FK CONSTRAINT; Schema: public; Owner: waterexpress_user
--

ALTER TABLE ONLY public.st_tickets
    ADD CONSTRAINT st_tickets_lms_course_id_fkey FOREIGN KEY (lms_course_id) REFERENCES public.lms_courses(id) ON UPDATE CASCADE ON DELETE SET NULL;


--
-- Name: st_tickets st_tickets_lms_lesson_id_fkey; Type: FK CONSTRAINT; Schema: public; Owner: waterexpress_user
--

ALTER TABLE ONLY public.st_tickets
    ADD CONSTRAINT st_tickets_lms_lesson_id_fkey FOREIGN KEY (lms_lesson_id) REFERENCES public.lms_course_lessons(id) ON UPDATE CASCADE ON DELETE SET NULL;


--
-- Name: st_tickets st_tickets_lms_student_user_id_fkey; Type: FK CONSTRAINT; Schema: public; Owner: waterexpress_user
--

ALTER TABLE ONLY public.st_tickets
    ADD CONSTRAINT st_tickets_lms_student_user_id_fkey FOREIGN KEY (lms_student_user_id) REFERENCES public.users(id) ON UPDATE CASCADE ON DELETE SET NULL;


--
-- Name: st_tickets st_tickets_organization_id_fkey; Type: FK CONSTRAINT; Schema: public; Owner: waterexpress_user
--

ALTER TABLE ONLY public.st_tickets
    ADD CONSTRAINT st_tickets_organization_id_fkey FOREIGN KEY (organization_id) REFERENCES public.users(id) ON UPDATE CASCADE ON DELETE SET NULL;


--
-- Name: st_tickets st_tickets_storefront_customer_id_fkey; Type: FK CONSTRAINT; Schema: public; Owner: waterexpress_user
--

ALTER TABLE ONLY public.st_tickets
    ADD CONSTRAINT st_tickets_storefront_customer_id_fkey FOREIGN KEY (storefront_customer_id) REFERENCES public.storefront_customers(id) ON UPDATE CASCADE ON DELETE SET NULL;


--
-- Name: st_tickets st_tickets_storefront_order_id_fkey; Type: FK CONSTRAINT; Schema: public; Owner: waterexpress_user
--

ALTER TABLE ONLY public.st_tickets
    ADD CONSTRAINT st_tickets_storefront_order_id_fkey FOREIGN KEY (storefront_order_id) REFERENCES public.storefront_orders(id) ON UPDATE CASCADE ON DELETE SET NULL;


--
-- Name: st_tickets st_tickets_website_id_fkey; Type: FK CONSTRAINT; Schema: public; Owner: waterexpress_user
--

ALTER TABLE ONLY public.st_tickets
    ADD CONSTRAINT st_tickets_website_id_fkey FOREIGN KEY (website_id) REFERENCES public.storefront_websites(id) ON UPDATE CASCADE ON DELETE SET NULL;


--
-- Name: storefront_block_instances storefront_block_instances_section_instance_id_fkey; Type: FK CONSTRAINT; Schema: public; Owner: waterexpress_user
--

ALTER TABLE ONLY public.storefront_block_instances
    ADD CONSTRAINT storefront_block_instances_section_instance_id_fkey FOREIGN KEY (section_instance_id) REFERENCES public.storefront_section_instances(id) ON UPDATE CASCADE ON DELETE CASCADE;


--
-- Name: storefront_block_instances storefront_block_instances_theme_block_definition_id_fkey; Type: FK CONSTRAINT; Schema: public; Owner: waterexpress_user
--

ALTER TABLE ONLY public.storefront_block_instances
    ADD CONSTRAINT storefront_block_instances_theme_block_definition_id_fkey FOREIGN KEY (theme_block_definition_id) REFERENCES public.storefront_theme_block_definitions(id) ON UPDATE CASCADE ON DELETE SET NULL;


--
-- Name: storefront_blog_comments storefront_blog_comments_blog_post_id_fkey; Type: FK CONSTRAINT; Schema: public; Owner: waterexpress_user
--

ALTER TABLE ONLY public.storefront_blog_comments
    ADD CONSTRAINT storefront_blog_comments_blog_post_id_fkey FOREIGN KEY (blog_post_id) REFERENCES public.storefront_blog_posts(id) ON UPDATE CASCADE ON DELETE CASCADE;


--
-- Name: storefront_blog_posts storefront_blog_posts_created_by_id_fkey; Type: FK CONSTRAINT; Schema: public; Owner: waterexpress_user
--

ALTER TABLE ONLY public.storefront_blog_posts
    ADD CONSTRAINT storefront_blog_posts_created_by_id_fkey FOREIGN KEY (created_by_id) REFERENCES public.users(id) ON UPDATE CASCADE ON DELETE SET NULL;


--
-- Name: storefront_blog_posts storefront_blog_posts_organization_id_fkey; Type: FK CONSTRAINT; Schema: public; Owner: waterexpress_user
--

ALTER TABLE ONLY public.storefront_blog_posts
    ADD CONSTRAINT storefront_blog_posts_organization_id_fkey FOREIGN KEY (organization_id) REFERENCES public.users(id) ON UPDATE CASCADE ON DELETE CASCADE;


--
-- Name: storefront_blog_posts storefront_blog_posts_updated_by_id_fkey; Type: FK CONSTRAINT; Schema: public; Owner: waterexpress_user
--

ALTER TABLE ONLY public.storefront_blog_posts
    ADD CONSTRAINT storefront_blog_posts_updated_by_id_fkey FOREIGN KEY (updated_by_id) REFERENCES public.users(id) ON UPDATE CASCADE ON DELETE SET NULL;


--
-- Name: storefront_blog_posts storefront_blog_posts_website_id_fkey; Type: FK CONSTRAINT; Schema: public; Owner: waterexpress_user
--

ALTER TABLE ONLY public.storefront_blog_posts
    ADD CONSTRAINT storefront_blog_posts_website_id_fkey FOREIGN KEY (website_id) REFERENCES public.storefront_websites(id) ON UPDATE CASCADE ON DELETE SET NULL;


--
-- Name: storefront_cart_lines storefront_cart_lines_cart_id_fkey; Type: FK CONSTRAINT; Schema: public; Owner: waterexpress_user
--

ALTER TABLE ONLY public.storefront_cart_lines
    ADD CONSTRAINT storefront_cart_lines_cart_id_fkey FOREIGN KEY (cart_id) REFERENCES public.storefront_carts(id) ON UPDATE CASCADE ON DELETE CASCADE;


--
-- Name: storefront_cart_lines storefront_cart_lines_product_id_fkey; Type: FK CONSTRAINT; Schema: public; Owner: waterexpress_user
--

ALTER TABLE ONLY public.storefront_cart_lines
    ADD CONSTRAINT storefront_cart_lines_product_id_fkey FOREIGN KEY (product_id) REFERENCES public.pos_products(id) ON UPDATE CASCADE ON DELETE CASCADE;


--
-- Name: storefront_carts storefront_carts_customer_id_fkey; Type: FK CONSTRAINT; Schema: public; Owner: waterexpress_user
--

ALTER TABLE ONLY public.storefront_carts
    ADD CONSTRAINT storefront_carts_customer_id_fkey FOREIGN KEY (customer_id) REFERENCES public.storefront_customers(id) ON UPDATE CASCADE ON DELETE SET NULL;


--
-- Name: storefront_carts storefront_carts_organization_id_fkey; Type: FK CONSTRAINT; Schema: public; Owner: waterexpress_user
--

ALTER TABLE ONLY public.storefront_carts
    ADD CONSTRAINT storefront_carts_organization_id_fkey FOREIGN KEY (organization_id) REFERENCES public.users(id) ON UPDATE CASCADE ON DELETE CASCADE;


--
-- Name: storefront_carts storefront_carts_website_id_fkey; Type: FK CONSTRAINT; Schema: public; Owner: waterexpress_user
--

ALTER TABLE ONLY public.storefront_carts
    ADD CONSTRAINT storefront_carts_website_id_fkey FOREIGN KEY (website_id) REFERENCES public.storefront_websites(id) ON UPDATE CASCADE ON DELETE CASCADE;


--
-- Name: storefront_checkout_sessions storefront_checkout_sessions_cart_id_fkey; Type: FK CONSTRAINT; Schema: public; Owner: waterexpress_user
--

ALTER TABLE ONLY public.storefront_checkout_sessions
    ADD CONSTRAINT storefront_checkout_sessions_cart_id_fkey FOREIGN KEY (cart_id) REFERENCES public.storefront_carts(id) ON UPDATE CASCADE ON DELETE CASCADE;


--
-- Name: storefront_checkout_sessions storefront_checkout_sessions_organization_id_fkey; Type: FK CONSTRAINT; Schema: public; Owner: waterexpress_user
--

ALTER TABLE ONLY public.storefront_checkout_sessions
    ADD CONSTRAINT storefront_checkout_sessions_organization_id_fkey FOREIGN KEY (organization_id) REFERENCES public.users(id) ON UPDATE CASCADE ON DELETE CASCADE;


--
-- Name: storefront_checkout_sessions storefront_checkout_sessions_website_id_fkey; Type: FK CONSTRAINT; Schema: public; Owner: waterexpress_user
--

ALTER TABLE ONLY public.storefront_checkout_sessions
    ADD CONSTRAINT storefront_checkout_sessions_website_id_fkey FOREIGN KEY (website_id) REFERENCES public.storefront_websites(id) ON UPDATE CASCADE ON DELETE CASCADE;


--
-- Name: storefront_collection_products storefront_collection_products_collection_id_fkey; Type: FK CONSTRAINT; Schema: public; Owner: waterexpress_user
--

ALTER TABLE ONLY public.storefront_collection_products
    ADD CONSTRAINT storefront_collection_products_collection_id_fkey FOREIGN KEY (collection_id) REFERENCES public.storefront_collections(id) ON UPDATE CASCADE ON DELETE CASCADE;


--
-- Name: storefront_collection_products storefront_collection_products_product_id_fkey; Type: FK CONSTRAINT; Schema: public; Owner: waterexpress_user
--

ALTER TABLE ONLY public.storefront_collection_products
    ADD CONSTRAINT storefront_collection_products_product_id_fkey FOREIGN KEY (product_id) REFERENCES public.pos_products(id) ON UPDATE CASCADE ON DELETE CASCADE;


--
-- Name: storefront_collections storefront_collections_organization_id_fkey; Type: FK CONSTRAINT; Schema: public; Owner: waterexpress_user
--

ALTER TABLE ONLY public.storefront_collections
    ADD CONSTRAINT storefront_collections_organization_id_fkey FOREIGN KEY (organization_id) REFERENCES public.users(id) ON UPDATE CASCADE ON DELETE CASCADE;


--
-- Name: storefront_collections storefront_collections_website_id_fkey; Type: FK CONSTRAINT; Schema: public; Owner: waterexpress_user
--

ALTER TABLE ONLY public.storefront_collections
    ADD CONSTRAINT storefront_collections_website_id_fkey FOREIGN KEY (website_id) REFERENCES public.storefront_websites(id) ON UPDATE CASCADE ON DELETE SET NULL;


--
-- Name: storefront_customer_sessions storefront_customer_sessions_customer_id_fkey; Type: FK CONSTRAINT; Schema: public; Owner: waterexpress_user
--

ALTER TABLE ONLY public.storefront_customer_sessions
    ADD CONSTRAINT storefront_customer_sessions_customer_id_fkey FOREIGN KEY (customer_id) REFERENCES public.storefront_customers(id) ON UPDATE CASCADE ON DELETE CASCADE;


--
-- Name: storefront_customers storefront_customers_accounting_customer_id_fkey; Type: FK CONSTRAINT; Schema: public; Owner: waterexpress_user
--

ALTER TABLE ONLY public.storefront_customers
    ADD CONSTRAINT storefront_customers_accounting_customer_id_fkey FOREIGN KEY (accounting_customer_id) REFERENCES public.customers(id) ON UPDATE CASCADE ON DELETE SET NULL;


--
-- Name: storefront_customers storefront_customers_linked_user_id_fkey; Type: FK CONSTRAINT; Schema: public; Owner: waterexpress_user
--

ALTER TABLE ONLY public.storefront_customers
    ADD CONSTRAINT storefront_customers_linked_user_id_fkey FOREIGN KEY (linked_user_id) REFERENCES public.users(id) ON UPDATE CASCADE ON DELETE SET NULL;


--
-- Name: storefront_customers storefront_customers_organization_id_fkey; Type: FK CONSTRAINT; Schema: public; Owner: waterexpress_user
--

ALTER TABLE ONLY public.storefront_customers
    ADD CONSTRAINT storefront_customers_organization_id_fkey FOREIGN KEY (organization_id) REFERENCES public.users(id) ON UPDATE CASCADE ON DELETE CASCADE;


--
-- Name: storefront_customers storefront_customers_website_id_fkey; Type: FK CONSTRAINT; Schema: public; Owner: waterexpress_user
--

ALTER TABLE ONLY public.storefront_customers
    ADD CONSTRAINT storefront_customers_website_id_fkey FOREIGN KEY (website_id) REFERENCES public.storefront_websites(id) ON UPDATE CASCADE ON DELETE CASCADE;


--
-- Name: storefront_discount_codes storefront_discount_codes_organization_id_fkey; Type: FK CONSTRAINT; Schema: public; Owner: waterexpress_user
--

ALTER TABLE ONLY public.storefront_discount_codes
    ADD CONSTRAINT storefront_discount_codes_organization_id_fkey FOREIGN KEY (organization_id) REFERENCES public.users(id) ON UPDATE CASCADE ON DELETE CASCADE;


--
-- Name: storefront_discount_codes storefront_discount_codes_rule_id_fkey; Type: FK CONSTRAINT; Schema: public; Owner: waterexpress_user
--

ALTER TABLE ONLY public.storefront_discount_codes
    ADD CONSTRAINT storefront_discount_codes_rule_id_fkey FOREIGN KEY (rule_id) REFERENCES public.storefront_discount_rules(id) ON UPDATE CASCADE ON DELETE CASCADE;


--
-- Name: storefront_discount_redemptions storefront_discount_redemptions_code_id_fkey; Type: FK CONSTRAINT; Schema: public; Owner: waterexpress_user
--

ALTER TABLE ONLY public.storefront_discount_redemptions
    ADD CONSTRAINT storefront_discount_redemptions_code_id_fkey FOREIGN KEY (code_id) REFERENCES public.storefront_discount_codes(id) ON UPDATE CASCADE ON DELETE CASCADE;


--
-- Name: storefront_discount_redemptions storefront_discount_redemptions_order_id_fkey; Type: FK CONSTRAINT; Schema: public; Owner: waterexpress_user
--

ALTER TABLE ONLY public.storefront_discount_redemptions
    ADD CONSTRAINT storefront_discount_redemptions_order_id_fkey FOREIGN KEY (order_id) REFERENCES public.storefront_orders(id) ON UPDATE CASCADE ON DELETE CASCADE;


--
-- Name: storefront_discount_rules storefront_discount_rules_organization_id_fkey; Type: FK CONSTRAINT; Schema: public; Owner: waterexpress_user
--

ALTER TABLE ONLY public.storefront_discount_rules
    ADD CONSTRAINT storefront_discount_rules_organization_id_fkey FOREIGN KEY (organization_id) REFERENCES public.users(id) ON UPDATE CASCADE ON DELETE CASCADE;


--
-- Name: storefront_discount_rules storefront_discount_rules_website_id_fkey; Type: FK CONSTRAINT; Schema: public; Owner: waterexpress_user
--

ALTER TABLE ONLY public.storefront_discount_rules
    ADD CONSTRAINT storefront_discount_rules_website_id_fkey FOREIGN KEY (website_id) REFERENCES public.storefront_websites(id) ON UPDATE CASCADE ON DELETE SET NULL;


--
-- Name: storefront_domains storefront_domains_created_by_id_fkey; Type: FK CONSTRAINT; Schema: public; Owner: waterexpress_user
--

ALTER TABLE ONLY public.storefront_domains
    ADD CONSTRAINT storefront_domains_created_by_id_fkey FOREIGN KEY (created_by_id) REFERENCES public.users(id) ON UPDATE CASCADE ON DELETE SET NULL;


--
-- Name: storefront_domains storefront_domains_organization_id_fkey; Type: FK CONSTRAINT; Schema: public; Owner: waterexpress_user
--

ALTER TABLE ONLY public.storefront_domains
    ADD CONSTRAINT storefront_domains_organization_id_fkey FOREIGN KEY (organization_id) REFERENCES public.users(id) ON UPDATE CASCADE ON DELETE CASCADE;


--
-- Name: storefront_domains storefront_domains_updated_by_id_fkey; Type: FK CONSTRAINT; Schema: public; Owner: waterexpress_user
--

ALTER TABLE ONLY public.storefront_domains
    ADD CONSTRAINT storefront_domains_updated_by_id_fkey FOREIGN KEY (updated_by_id) REFERENCES public.users(id) ON UPDATE CASCADE ON DELETE SET NULL;


--
-- Name: storefront_domains storefront_domains_website_id_fkey; Type: FK CONSTRAINT; Schema: public; Owner: waterexpress_user
--

ALTER TABLE ONLY public.storefront_domains
    ADD CONSTRAINT storefront_domains_website_id_fkey FOREIGN KEY (website_id) REFERENCES public.storefront_websites(id) ON UPDATE CASCADE ON DELETE CASCADE;


--
-- Name: storefront_event_logs storefront_event_logs_created_by_id_fkey; Type: FK CONSTRAINT; Schema: public; Owner: waterexpress_user
--

ALTER TABLE ONLY public.storefront_event_logs
    ADD CONSTRAINT storefront_event_logs_created_by_id_fkey FOREIGN KEY (created_by_id) REFERENCES public.users(id) ON UPDATE CASCADE ON DELETE SET NULL;


--
-- Name: storefront_event_logs storefront_event_logs_organization_id_fkey; Type: FK CONSTRAINT; Schema: public; Owner: waterexpress_user
--

ALTER TABLE ONLY public.storefront_event_logs
    ADD CONSTRAINT storefront_event_logs_organization_id_fkey FOREIGN KEY (organization_id) REFERENCES public.users(id) ON UPDATE CASCADE ON DELETE CASCADE;


--
-- Name: storefront_event_logs storefront_event_logs_website_id_fkey; Type: FK CONSTRAINT; Schema: public; Owner: waterexpress_user
--

ALTER TABLE ONLY public.storefront_event_logs
    ADD CONSTRAINT storefront_event_logs_website_id_fkey FOREIGN KEY (website_id) REFERENCES public.storefront_websites(id) ON UPDATE CASCADE ON DELETE CASCADE;


--
-- Name: storefront_notification_logs storefront_notification_logs_created_by_id_fkey; Type: FK CONSTRAINT; Schema: public; Owner: waterexpress_user
--

ALTER TABLE ONLY public.storefront_notification_logs
    ADD CONSTRAINT storefront_notification_logs_created_by_id_fkey FOREIGN KEY (created_by_id) REFERENCES public.users(id) ON UPDATE CASCADE ON DELETE SET NULL;


--
-- Name: storefront_notification_logs storefront_notification_logs_organization_id_fkey; Type: FK CONSTRAINT; Schema: public; Owner: waterexpress_user
--

ALTER TABLE ONLY public.storefront_notification_logs
    ADD CONSTRAINT storefront_notification_logs_organization_id_fkey FOREIGN KEY (organization_id) REFERENCES public.users(id) ON UPDATE CASCADE ON DELETE CASCADE;


--
-- Name: storefront_notification_logs storefront_notification_logs_template_id_fkey; Type: FK CONSTRAINT; Schema: public; Owner: waterexpress_user
--

ALTER TABLE ONLY public.storefront_notification_logs
    ADD CONSTRAINT storefront_notification_logs_template_id_fkey FOREIGN KEY (template_id) REFERENCES public.storefront_notification_templates(id) ON UPDATE CASCADE ON DELETE SET NULL;


--
-- Name: storefront_notification_logs storefront_notification_logs_website_id_fkey; Type: FK CONSTRAINT; Schema: public; Owner: waterexpress_user
--

ALTER TABLE ONLY public.storefront_notification_logs
    ADD CONSTRAINT storefront_notification_logs_website_id_fkey FOREIGN KEY (website_id) REFERENCES public.storefront_websites(id) ON UPDATE CASCADE ON DELETE CASCADE;


--
-- Name: storefront_notification_templates storefront_notification_templates_created_by_id_fkey; Type: FK CONSTRAINT; Schema: public; Owner: waterexpress_user
--

ALTER TABLE ONLY public.storefront_notification_templates
    ADD CONSTRAINT storefront_notification_templates_created_by_id_fkey FOREIGN KEY (created_by_id) REFERENCES public.users(id) ON UPDATE CASCADE ON DELETE SET NULL;


--
-- Name: storefront_notification_templates storefront_notification_templates_organization_id_fkey; Type: FK CONSTRAINT; Schema: public; Owner: waterexpress_user
--

ALTER TABLE ONLY public.storefront_notification_templates
    ADD CONSTRAINT storefront_notification_templates_organization_id_fkey FOREIGN KEY (organization_id) REFERENCES public.users(id) ON UPDATE CASCADE ON DELETE CASCADE;


--
-- Name: storefront_notification_templates storefront_notification_templates_updated_by_id_fkey; Type: FK CONSTRAINT; Schema: public; Owner: waterexpress_user
--

ALTER TABLE ONLY public.storefront_notification_templates
    ADD CONSTRAINT storefront_notification_templates_updated_by_id_fkey FOREIGN KEY (updated_by_id) REFERENCES public.users(id) ON UPDATE CASCADE ON DELETE SET NULL;


--
-- Name: storefront_notification_templates storefront_notification_templates_website_id_fkey; Type: FK CONSTRAINT; Schema: public; Owner: waterexpress_user
--

ALTER TABLE ONLY public.storefront_notification_templates
    ADD CONSTRAINT storefront_notification_templates_website_id_fkey FOREIGN KEY (website_id) REFERENCES public.storefront_websites(id) ON UPDATE CASCADE ON DELETE CASCADE;


--
-- Name: storefront_order_events storefront_order_events_order_id_fkey; Type: FK CONSTRAINT; Schema: public; Owner: waterexpress_user
--

ALTER TABLE ONLY public.storefront_order_events
    ADD CONSTRAINT storefront_order_events_order_id_fkey FOREIGN KEY (order_id) REFERENCES public.storefront_orders(id) ON UPDATE CASCADE ON DELETE CASCADE;


--
-- Name: storefront_order_lines storefront_order_lines_order_id_fkey; Type: FK CONSTRAINT; Schema: public; Owner: waterexpress_user
--

ALTER TABLE ONLY public.storefront_order_lines
    ADD CONSTRAINT storefront_order_lines_order_id_fkey FOREIGN KEY (order_id) REFERENCES public.storefront_orders(id) ON UPDATE CASCADE ON DELETE CASCADE;


--
-- Name: storefront_order_lines storefront_order_lines_product_id_fkey; Type: FK CONSTRAINT; Schema: public; Owner: waterexpress_user
--

ALTER TABLE ONLY public.storefront_order_lines
    ADD CONSTRAINT storefront_order_lines_product_id_fkey FOREIGN KEY (product_id) REFERENCES public.pos_products(id) ON UPDATE CASCADE ON DELETE SET NULL;


--
-- Name: storefront_orders storefront_orders_accounting_revenue_id_fkey; Type: FK CONSTRAINT; Schema: public; Owner: waterexpress_user
--

ALTER TABLE ONLY public.storefront_orders
    ADD CONSTRAINT storefront_orders_accounting_revenue_id_fkey FOREIGN KEY (accounting_revenue_id) REFERENCES public.revenues(id) ON UPDATE CASCADE ON DELETE SET NULL;


--
-- Name: storefront_orders storefront_orders_crm_customer_id_fkey; Type: FK CONSTRAINT; Schema: public; Owner: waterexpress_user
--

ALTER TABLE ONLY public.storefront_orders
    ADD CONSTRAINT storefront_orders_crm_customer_id_fkey FOREIGN KEY (crm_customer_id) REFERENCES public.customers(id) ON UPDATE CASCADE ON DELETE SET NULL;


--
-- Name: storefront_orders storefront_orders_fulfillment_assignee_user_id_fkey; Type: FK CONSTRAINT; Schema: public; Owner: waterexpress_user
--

ALTER TABLE ONLY public.storefront_orders
    ADD CONSTRAINT storefront_orders_fulfillment_assignee_user_id_fkey FOREIGN KEY (fulfillment_assignee_user_id) REFERENCES public.users(id) ON UPDATE CASCADE ON DELETE SET NULL;


--
-- Name: storefront_orders storefront_orders_organization_id_fkey; Type: FK CONSTRAINT; Schema: public; Owner: waterexpress_user
--

ALTER TABLE ONLY public.storefront_orders
    ADD CONSTRAINT storefront_orders_organization_id_fkey FOREIGN KEY (organization_id) REFERENCES public.users(id) ON UPDATE CASCADE ON DELETE CASCADE;


--
-- Name: storefront_orders storefront_orders_storefront_customer_id_fkey; Type: FK CONSTRAINT; Schema: public; Owner: waterexpress_user
--

ALTER TABLE ONLY public.storefront_orders
    ADD CONSTRAINT storefront_orders_storefront_customer_id_fkey FOREIGN KEY (storefront_customer_id) REFERENCES public.storefront_customers(id) ON UPDATE CASCADE ON DELETE SET NULL;


--
-- Name: storefront_orders storefront_orders_website_id_fkey; Type: FK CONSTRAINT; Schema: public; Owner: waterexpress_user
--

ALTER TABLE ONLY public.storefront_orders
    ADD CONSTRAINT storefront_orders_website_id_fkey FOREIGN KEY (website_id) REFERENCES public.storefront_websites(id) ON UPDATE CASCADE ON DELETE CASCADE;


--
-- Name: storefront_page_versions storefront_page_versions_created_by_id_fkey; Type: FK CONSTRAINT; Schema: public; Owner: waterexpress_user
--

ALTER TABLE ONLY public.storefront_page_versions
    ADD CONSTRAINT storefront_page_versions_created_by_id_fkey FOREIGN KEY (created_by_id) REFERENCES public.users(id) ON UPDATE CASCADE ON DELETE SET NULL;


--
-- Name: storefront_page_versions storefront_page_versions_page_id_fkey; Type: FK CONSTRAINT; Schema: public; Owner: waterexpress_user
--

ALTER TABLE ONLY public.storefront_page_versions
    ADD CONSTRAINT storefront_page_versions_page_id_fkey FOREIGN KEY (page_id) REFERENCES public.storefront_pages(id) ON UPDATE CASCADE ON DELETE CASCADE;


--
-- Name: storefront_page_versions storefront_page_versions_updated_by_id_fkey; Type: FK CONSTRAINT; Schema: public; Owner: waterexpress_user
--

ALTER TABLE ONLY public.storefront_page_versions
    ADD CONSTRAINT storefront_page_versions_updated_by_id_fkey FOREIGN KEY (updated_by_id) REFERENCES public.users(id) ON UPDATE CASCADE ON DELETE SET NULL;


--
-- Name: storefront_pages storefront_pages_created_by_id_fkey; Type: FK CONSTRAINT; Schema: public; Owner: waterexpress_user
--

ALTER TABLE ONLY public.storefront_pages
    ADD CONSTRAINT storefront_pages_created_by_id_fkey FOREIGN KEY (created_by_id) REFERENCES public.users(id) ON UPDATE CASCADE ON DELETE SET NULL;


--
-- Name: storefront_pages storefront_pages_organization_id_fkey; Type: FK CONSTRAINT; Schema: public; Owner: waterexpress_user
--

ALTER TABLE ONLY public.storefront_pages
    ADD CONSTRAINT storefront_pages_organization_id_fkey FOREIGN KEY (organization_id) REFERENCES public.users(id) ON UPDATE CASCADE ON DELETE CASCADE;


--
-- Name: storefront_pages storefront_pages_updated_by_id_fkey; Type: FK CONSTRAINT; Schema: public; Owner: waterexpress_user
--

ALTER TABLE ONLY public.storefront_pages
    ADD CONSTRAINT storefront_pages_updated_by_id_fkey FOREIGN KEY (updated_by_id) REFERENCES public.users(id) ON UPDATE CASCADE ON DELETE SET NULL;


--
-- Name: storefront_pages storefront_pages_website_id_fkey; Type: FK CONSTRAINT; Schema: public; Owner: waterexpress_user
--

ALTER TABLE ONLY public.storefront_pages
    ADD CONSTRAINT storefront_pages_website_id_fkey FOREIGN KEY (website_id) REFERENCES public.storefront_websites(id) ON UPDATE CASCADE ON DELETE CASCADE;


--
-- Name: storefront_payment_records storefront_payment_records_order_id_fkey; Type: FK CONSTRAINT; Schema: public; Owner: waterexpress_user
--

ALTER TABLE ONLY public.storefront_payment_records
    ADD CONSTRAINT storefront_payment_records_order_id_fkey FOREIGN KEY (order_id) REFERENCES public.storefront_orders(id) ON UPDATE CASCADE ON DELETE CASCADE;


--
-- Name: storefront_section_instances storefront_section_instances_page_version_id_fkey; Type: FK CONSTRAINT; Schema: public; Owner: waterexpress_user
--

ALTER TABLE ONLY public.storefront_section_instances
    ADD CONSTRAINT storefront_section_instances_page_version_id_fkey FOREIGN KEY (page_version_id) REFERENCES public.storefront_page_versions(id) ON UPDATE CASCADE ON DELETE CASCADE;


--
-- Name: storefront_section_instances storefront_section_instances_theme_section_definition_id_fkey; Type: FK CONSTRAINT; Schema: public; Owner: waterexpress_user
--

ALTER TABLE ONLY public.storefront_section_instances
    ADD CONSTRAINT storefront_section_instances_theme_section_definition_id_fkey FOREIGN KEY (theme_section_definition_id) REFERENCES public.storefront_theme_section_definitions(id) ON UPDATE CASCADE ON DELETE SET NULL;


--
-- Name: storefront_shipments storefront_shipments_order_id_fkey; Type: FK CONSTRAINT; Schema: public; Owner: waterexpress_user
--

ALTER TABLE ONLY public.storefront_shipments
    ADD CONSTRAINT storefront_shipments_order_id_fkey FOREIGN KEY (order_id) REFERENCES public.storefront_orders(id) ON UPDATE CASCADE ON DELETE CASCADE;


--
-- Name: storefront_shipping_methods storefront_shipping_methods_zone_id_fkey; Type: FK CONSTRAINT; Schema: public; Owner: waterexpress_user
--

ALTER TABLE ONLY public.storefront_shipping_methods
    ADD CONSTRAINT storefront_shipping_methods_zone_id_fkey FOREIGN KEY (zone_id) REFERENCES public.storefront_shipping_zones(id) ON UPDATE CASCADE ON DELETE CASCADE;


--
-- Name: storefront_shipping_zones storefront_shipping_zones_organization_id_fkey; Type: FK CONSTRAINT; Schema: public; Owner: waterexpress_user
--

ALTER TABLE ONLY public.storefront_shipping_zones
    ADD CONSTRAINT storefront_shipping_zones_organization_id_fkey FOREIGN KEY (organization_id) REFERENCES public.users(id) ON UPDATE CASCADE ON DELETE CASCADE;


--
-- Name: storefront_shipping_zones storefront_shipping_zones_website_id_fkey; Type: FK CONSTRAINT; Schema: public; Owner: waterexpress_user
--

ALTER TABLE ONLY public.storefront_shipping_zones
    ADD CONSTRAINT storefront_shipping_zones_website_id_fkey FOREIGN KEY (website_id) REFERENCES public.storefront_websites(id) ON UPDATE CASCADE ON DELETE SET NULL;


--
-- Name: storefront_stock_reservations storefront_stock_reservations_organization_id_fkey; Type: FK CONSTRAINT; Schema: public; Owner: waterexpress_user
--

ALTER TABLE ONLY public.storefront_stock_reservations
    ADD CONSTRAINT storefront_stock_reservations_organization_id_fkey FOREIGN KEY (organization_id) REFERENCES public.users(id) ON UPDATE CASCADE ON DELETE CASCADE;


--
-- Name: storefront_stock_reservations storefront_stock_reservations_product_id_fkey; Type: FK CONSTRAINT; Schema: public; Owner: waterexpress_user
--

ALTER TABLE ONLY public.storefront_stock_reservations
    ADD CONSTRAINT storefront_stock_reservations_product_id_fkey FOREIGN KEY (product_id) REFERENCES public.pos_products(id) ON UPDATE CASCADE ON DELETE CASCADE;


--
-- Name: storefront_tax_rules storefront_tax_rules_organization_id_fkey; Type: FK CONSTRAINT; Schema: public; Owner: waterexpress_user
--

ALTER TABLE ONLY public.storefront_tax_rules
    ADD CONSTRAINT storefront_tax_rules_organization_id_fkey FOREIGN KEY (organization_id) REFERENCES public.users(id) ON UPDATE CASCADE ON DELETE CASCADE;


--
-- Name: storefront_tax_rules storefront_tax_rules_website_id_fkey; Type: FK CONSTRAINT; Schema: public; Owner: waterexpress_user
--

ALTER TABLE ONLY public.storefront_tax_rules
    ADD CONSTRAINT storefront_tax_rules_website_id_fkey FOREIGN KEY (website_id) REFERENCES public.storefront_websites(id) ON UPDATE CASCADE ON DELETE SET NULL;


--
-- Name: storefront_tax_settings storefront_tax_settings_organization_id_fkey; Type: FK CONSTRAINT; Schema: public; Owner: waterexpress_user
--

ALTER TABLE ONLY public.storefront_tax_settings
    ADD CONSTRAINT storefront_tax_settings_organization_id_fkey FOREIGN KEY (organization_id) REFERENCES public.users(id) ON UPDATE CASCADE ON DELETE CASCADE;


--
-- Name: storefront_tax_settings storefront_tax_settings_website_id_fkey; Type: FK CONSTRAINT; Schema: public; Owner: waterexpress_user
--

ALTER TABLE ONLY public.storefront_tax_settings
    ADD CONSTRAINT storefront_tax_settings_website_id_fkey FOREIGN KEY (website_id) REFERENCES public.storefront_websites(id) ON UPDATE CASCADE ON DELETE CASCADE;


--
-- Name: storefront_theme_block_definitions storefront_theme_block_definitions_created_by_id_fkey; Type: FK CONSTRAINT; Schema: public; Owner: waterexpress_user
--

ALTER TABLE ONLY public.storefront_theme_block_definitions
    ADD CONSTRAINT storefront_theme_block_definitions_created_by_id_fkey FOREIGN KEY (created_by_id) REFERENCES public.users(id) ON UPDATE CASCADE ON DELETE SET NULL;


--
-- Name: storefront_theme_block_definitions storefront_theme_block_definitions_organization_id_fkey; Type: FK CONSTRAINT; Schema: public; Owner: waterexpress_user
--

ALTER TABLE ONLY public.storefront_theme_block_definitions
    ADD CONSTRAINT storefront_theme_block_definitions_organization_id_fkey FOREIGN KEY (organization_id) REFERENCES public.users(id) ON UPDATE CASCADE ON DELETE CASCADE;


--
-- Name: storefront_theme_block_definitions storefront_theme_block_definitions_theme_section_def_id_fkey; Type: FK CONSTRAINT; Schema: public; Owner: waterexpress_user
--

ALTER TABLE ONLY public.storefront_theme_block_definitions
    ADD CONSTRAINT storefront_theme_block_definitions_theme_section_def_id_fkey FOREIGN KEY (theme_section_def_id) REFERENCES public.storefront_theme_section_definitions(id) ON UPDATE CASCADE ON DELETE CASCADE;


--
-- Name: storefront_theme_block_definitions storefront_theme_block_definitions_updated_by_id_fkey; Type: FK CONSTRAINT; Schema: public; Owner: waterexpress_user
--

ALTER TABLE ONLY public.storefront_theme_block_definitions
    ADD CONSTRAINT storefront_theme_block_definitions_updated_by_id_fkey FOREIGN KEY (updated_by_id) REFERENCES public.users(id) ON UPDATE CASCADE ON DELETE SET NULL;


--
-- Name: storefront_theme_section_definitions storefront_theme_section_definitions_created_by_id_fkey; Type: FK CONSTRAINT; Schema: public; Owner: waterexpress_user
--

ALTER TABLE ONLY public.storefront_theme_section_definitions
    ADD CONSTRAINT storefront_theme_section_definitions_created_by_id_fkey FOREIGN KEY (created_by_id) REFERENCES public.users(id) ON UPDATE CASCADE ON DELETE SET NULL;


--
-- Name: storefront_theme_section_definitions storefront_theme_section_definitions_organization_id_fkey; Type: FK CONSTRAINT; Schema: public; Owner: waterexpress_user
--

ALTER TABLE ONLY public.storefront_theme_section_definitions
    ADD CONSTRAINT storefront_theme_section_definitions_organization_id_fkey FOREIGN KEY (organization_id) REFERENCES public.users(id) ON UPDATE CASCADE ON DELETE CASCADE;


--
-- Name: storefront_theme_section_definitions storefront_theme_section_definitions_theme_version_id_fkey; Type: FK CONSTRAINT; Schema: public; Owner: waterexpress_user
--

ALTER TABLE ONLY public.storefront_theme_section_definitions
    ADD CONSTRAINT storefront_theme_section_definitions_theme_version_id_fkey FOREIGN KEY (theme_version_id) REFERENCES public.storefront_theme_versions(id) ON UPDATE CASCADE ON DELETE CASCADE;


--
-- Name: storefront_theme_section_definitions storefront_theme_section_definitions_updated_by_id_fkey; Type: FK CONSTRAINT; Schema: public; Owner: waterexpress_user
--

ALTER TABLE ONLY public.storefront_theme_section_definitions
    ADD CONSTRAINT storefront_theme_section_definitions_updated_by_id_fkey FOREIGN KEY (updated_by_id) REFERENCES public.users(id) ON UPDATE CASCADE ON DELETE SET NULL;


--
-- Name: storefront_theme_style_tokens storefront_theme_style_tokens_created_by_id_fkey; Type: FK CONSTRAINT; Schema: public; Owner: waterexpress_user
--

ALTER TABLE ONLY public.storefront_theme_style_tokens
    ADD CONSTRAINT storefront_theme_style_tokens_created_by_id_fkey FOREIGN KEY (created_by_id) REFERENCES public.users(id) ON UPDATE CASCADE ON DELETE SET NULL;


--
-- Name: storefront_theme_style_tokens storefront_theme_style_tokens_organization_id_fkey; Type: FK CONSTRAINT; Schema: public; Owner: waterexpress_user
--

ALTER TABLE ONLY public.storefront_theme_style_tokens
    ADD CONSTRAINT storefront_theme_style_tokens_organization_id_fkey FOREIGN KEY (organization_id) REFERENCES public.users(id) ON UPDATE CASCADE ON DELETE CASCADE;


--
-- Name: storefront_theme_style_tokens storefront_theme_style_tokens_theme_version_id_fkey; Type: FK CONSTRAINT; Schema: public; Owner: waterexpress_user
--

ALTER TABLE ONLY public.storefront_theme_style_tokens
    ADD CONSTRAINT storefront_theme_style_tokens_theme_version_id_fkey FOREIGN KEY (theme_version_id) REFERENCES public.storefront_theme_versions(id) ON UPDATE CASCADE ON DELETE CASCADE;


--
-- Name: storefront_theme_style_tokens storefront_theme_style_tokens_updated_by_id_fkey; Type: FK CONSTRAINT; Schema: public; Owner: waterexpress_user
--

ALTER TABLE ONLY public.storefront_theme_style_tokens
    ADD CONSTRAINT storefront_theme_style_tokens_updated_by_id_fkey FOREIGN KEY (updated_by_id) REFERENCES public.users(id) ON UPDATE CASCADE ON DELETE SET NULL;


--
-- Name: storefront_theme_templates storefront_theme_templates_created_by_id_fkey; Type: FK CONSTRAINT; Schema: public; Owner: waterexpress_user
--

ALTER TABLE ONLY public.storefront_theme_templates
    ADD CONSTRAINT storefront_theme_templates_created_by_id_fkey FOREIGN KEY (created_by_id) REFERENCES public.users(id) ON UPDATE CASCADE ON DELETE SET NULL;


--
-- Name: storefront_theme_templates storefront_theme_templates_organization_id_fkey; Type: FK CONSTRAINT; Schema: public; Owner: waterexpress_user
--

ALTER TABLE ONLY public.storefront_theme_templates
    ADD CONSTRAINT storefront_theme_templates_organization_id_fkey FOREIGN KEY (organization_id) REFERENCES public.users(id) ON UPDATE CASCADE ON DELETE CASCADE;


--
-- Name: storefront_theme_templates storefront_theme_templates_updated_by_id_fkey; Type: FK CONSTRAINT; Schema: public; Owner: waterexpress_user
--

ALTER TABLE ONLY public.storefront_theme_templates
    ADD CONSTRAINT storefront_theme_templates_updated_by_id_fkey FOREIGN KEY (updated_by_id) REFERENCES public.users(id) ON UPDATE CASCADE ON DELETE SET NULL;


--
-- Name: storefront_theme_versions storefront_theme_versions_created_by_id_fkey; Type: FK CONSTRAINT; Schema: public; Owner: waterexpress_user
--

ALTER TABLE ONLY public.storefront_theme_versions
    ADD CONSTRAINT storefront_theme_versions_created_by_id_fkey FOREIGN KEY (created_by_id) REFERENCES public.users(id) ON UPDATE CASCADE ON DELETE SET NULL;


--
-- Name: storefront_theme_versions storefront_theme_versions_organization_id_fkey; Type: FK CONSTRAINT; Schema: public; Owner: waterexpress_user
--

ALTER TABLE ONLY public.storefront_theme_versions
    ADD CONSTRAINT storefront_theme_versions_organization_id_fkey FOREIGN KEY (organization_id) REFERENCES public.users(id) ON UPDATE CASCADE ON DELETE CASCADE;


--
-- Name: storefront_theme_versions storefront_theme_versions_theme_id_fkey; Type: FK CONSTRAINT; Schema: public; Owner: waterexpress_user
--

ALTER TABLE ONLY public.storefront_theme_versions
    ADD CONSTRAINT storefront_theme_versions_theme_id_fkey FOREIGN KEY (theme_id) REFERENCES public.storefront_themes(id) ON UPDATE CASCADE ON DELETE CASCADE;


--
-- Name: storefront_theme_versions storefront_theme_versions_updated_by_id_fkey; Type: FK CONSTRAINT; Schema: public; Owner: waterexpress_user
--

ALTER TABLE ONLY public.storefront_theme_versions
    ADD CONSTRAINT storefront_theme_versions_updated_by_id_fkey FOREIGN KEY (updated_by_id) REFERENCES public.users(id) ON UPDATE CASCADE ON DELETE SET NULL;


--
-- Name: storefront_themes storefront_themes_created_by_id_fkey; Type: FK CONSTRAINT; Schema: public; Owner: waterexpress_user
--

ALTER TABLE ONLY public.storefront_themes
    ADD CONSTRAINT storefront_themes_created_by_id_fkey FOREIGN KEY (created_by_id) REFERENCES public.users(id) ON UPDATE CASCADE ON DELETE SET NULL;


--
-- Name: storefront_themes storefront_themes_organization_id_fkey; Type: FK CONSTRAINT; Schema: public; Owner: waterexpress_user
--

ALTER TABLE ONLY public.storefront_themes
    ADD CONSTRAINT storefront_themes_organization_id_fkey FOREIGN KEY (organization_id) REFERENCES public.users(id) ON UPDATE CASCADE ON DELETE CASCADE;


--
-- Name: storefront_themes storefront_themes_source_template_id_fkey; Type: FK CONSTRAINT; Schema: public; Owner: waterexpress_user
--

ALTER TABLE ONLY public.storefront_themes
    ADD CONSTRAINT storefront_themes_source_template_id_fkey FOREIGN KEY (source_template_id) REFERENCES public.storefront_theme_templates(id) ON UPDATE CASCADE ON DELETE SET NULL;


--
-- Name: storefront_themes storefront_themes_updated_by_id_fkey; Type: FK CONSTRAINT; Schema: public; Owner: waterexpress_user
--

ALTER TABLE ONLY public.storefront_themes
    ADD CONSTRAINT storefront_themes_updated_by_id_fkey FOREIGN KEY (updated_by_id) REFERENCES public.users(id) ON UPDATE CASCADE ON DELETE SET NULL;


--
-- Name: storefront_themes storefront_themes_website_id_fkey; Type: FK CONSTRAINT; Schema: public; Owner: waterexpress_user
--

ALTER TABLE ONLY public.storefront_themes
    ADD CONSTRAINT storefront_themes_website_id_fkey FOREIGN KEY (website_id) REFERENCES public.storefront_websites(id) ON UPDATE CASCADE ON DELETE CASCADE;


--
-- Name: storefront_websites storefront_websites_created_by_id_fkey; Type: FK CONSTRAINT; Schema: public; Owner: waterexpress_user
--

ALTER TABLE ONLY public.storefront_websites
    ADD CONSTRAINT storefront_websites_created_by_id_fkey FOREIGN KEY (created_by_id) REFERENCES public.users(id) ON UPDATE CASCADE ON DELETE SET NULL;


--
-- Name: storefront_websites storefront_websites_organization_id_fkey; Type: FK CONSTRAINT; Schema: public; Owner: waterexpress_user
--

ALTER TABLE ONLY public.storefront_websites
    ADD CONSTRAINT storefront_websites_organization_id_fkey FOREIGN KEY (organization_id) REFERENCES public.users(id) ON UPDATE CASCADE ON DELETE CASCADE;


--
-- Name: storefront_websites storefront_websites_updated_by_id_fkey; Type: FK CONSTRAINT; Schema: public; Owner: waterexpress_user
--

ALTER TABLE ONLY public.storefront_websites
    ADD CONSTRAINT storefront_websites_updated_by_id_fkey FOREIGN KEY (updated_by_id) REFERENCES public.users(id) ON UPDATE CASCADE ON DELETE SET NULL;


--
-- Name: task_comments task_comments_task_id_fkey; Type: FK CONSTRAINT; Schema: public; Owner: waterexpress_user
--

ALTER TABLE ONLY public.task_comments
    ADD CONSTRAINT task_comments_task_id_fkey FOREIGN KEY (task_id) REFERENCES public.project_tasks(id) ON UPDATE CASCADE ON DELETE CASCADE;


--
-- Name: task_subtasks task_subtasks_task_id_fkey; Type: FK CONSTRAINT; Schema: public; Owner: waterexpress_user
--

ALTER TABLE ONLY public.task_subtasks
    ADD CONSTRAINT task_subtasks_task_id_fkey FOREIGN KEY (task_id) REFERENCES public.project_tasks(id) ON UPDATE CASCADE ON DELETE CASCADE;


--
-- Name: user_google_calendar_connections user_google_calendar_connections_organization_id_fkey; Type: FK CONSTRAINT; Schema: public; Owner: waterexpress_user
--

ALTER TABLE ONLY public.user_google_calendar_connections
    ADD CONSTRAINT user_google_calendar_connections_organization_id_fkey FOREIGN KEY (organization_id) REFERENCES public.users(id) ON UPDATE CASCADE ON DELETE CASCADE;


--
-- Name: user_google_calendar_connections user_google_calendar_connections_user_id_fkey; Type: FK CONSTRAINT; Schema: public; Owner: waterexpress_user
--

ALTER TABLE ONLY public.user_google_calendar_connections
    ADD CONSTRAINT user_google_calendar_connections_user_id_fkey FOREIGN KEY (user_id) REFERENCES public.users(id) ON UPDATE CASCADE ON DELETE CASCADE;


--
-- Name: wa_messages wa_messages_contact_id_fkey; Type: FK CONSTRAINT; Schema: public; Owner: waterexpress_user
--

ALTER TABLE ONLY public.wa_messages
    ADD CONSTRAINT wa_messages_contact_id_fkey FOREIGN KEY (contact_id) REFERENCES public.wa_contacts(id) ON UPDATE CASCADE ON DELETE CASCADE;


--
-- Name: SCHEMA public; Type: ACL; Schema: -; Owner: waterexpress_user
--

REVOKE USAGE ON SCHEMA public FROM PUBLIC;
GRANT ALL ON SCHEMA public TO PUBLIC;


--
-- PostgreSQL database dump complete
--

\unrestrict plvy9jaoXYCdTmmIl6l6jImxfoHe6tKS9hZEdFG5ndPF9uYqLzwGiyhpUqqXELm

